<?xml version="1.0" encoding="utf-8" ?>
<NEKTAR>
  <POINTS DIM="2" FIELDS="u,v,p">
    0.0000000000000000e+00 0.0000000000000000e+00 0.0000000000000000e+00 -0.0000000000000000e+00 0.0
    1.3070800000000000e-02 0.0000000000000000e+00 0.0000000000000000e+00 -0.0000000000000000e+00 0.0
    4.3517800000000002e-02 0.0000000000000000e+00 0.0000000000000000e+00 -0.0000000000000000e+00 0.0
    9.0528899999999995e-02 0.0000000000000000e+00 0.0000000000000000e+00 -0.0000000000000000e+00 0.0
    1.5299900000000000e-01 0.0000000000000000e+00 0.0000000000000000e+00 -0.0000000000000000e+00 0.0
    2.2946200000000000e-01 0.0000000000000000e+00 0.0000000000000000e+00 -0.0000000000000000e+00 0.0
    3.1812600000000002e-01 0.0000000000000000e+00 0.0000000000000000e+00 -0.0000000000000000e+00 0.0
    4.1691299999999998e-01 0.0000000000000000e+00 0.0000000000000000e+00 -0.0000000000000000e+00 0.0
    5.2350799999999997e-01 0.0000000000000000e+00 0.0000000000000000e+00 -0.0000000000000000e+00 0.0
    6.3541099999999995e-01 0.0000000000000000e+00 0.0000000000000000e+00 -0.0000000000000000e+00 0.0
    7.5000000000000000e-01 0.0000000000000000e+00 0.0000000000000000e+00 -0.0000000000000000e+00 0.0
    8.6458900000000005e-01 0.0000000000000000e+00 0.0000000000000000e+00 -0.0000000000000000e+00 0.0
    9.7649200000000003e-01 0.0000000000000000e+00 0.0000000000000000e+00 -0.0000000000000000e+00 0.0
    1.0830900000000001e+00 0.0000000000000000e+00 0.0000000000000000e+00 -0.0000000000000000e+00 0.0
    1.1818700000000000e+00 0.0000000000000000e+00 0.0000000000000000e+00 -0.0000000000000000e+00 0.0
    1.2705400000000000e+00 0.0000000000000000e+00 0.0000000000000000e+00 -0.0000000000000000e+00 0.0
    1.3470000000000000e+00 0.0000000000000000e+00 0.0000000000000000e+00 -0.0000000000000000e+00 0.0
    1.4094700000000000e+00 0.0000000000000000e+00 0.0000000000000000e+00 -0.0000000000000000e+00 0.0
    1.4564800000000000e+00 0.0000000000000000e+00 0.0000000000000000e+00 -0.0000000000000000e+00 0.0
    1.4869300000000001e+00 0.0000000000000000e+00 0.0000000000000000e+00 -0.0000000000000000e+00 0.0
    1.5000000000000000e+00 0.0000000000000000e+00 0.0000000000000000e+00 -0.0000000000000000e+00 0.0
    0.0000000000000000e+00 1.3070800000000000e-02 0.0000000000000000e+00 -0.0000000000000000e+00 0.0
    1.3070800000000000e-02 1.3070800000000000e-02 2.0238920149419319e-04 -2.0238920149419316e-04 0.0
    4.3517800000000002e-02 1.3070800000000000e-02 5.2651821248935905e-03 -5.2139409932477638e-03 0.0
    9.0528899999999995e-02 1.3070800000000000e-02 7.7032489889484329e-03 -7.5125266419633178e-03 0.0
    1.5299900000000000e-01 1.3070800000000000e-02 7.8585119574280712e-03 -7.5070272997071622e-03 0.0
    2.2946200000000000e-01 1.3070800000000000e-02 8.0526015790526023e-03 -7.4956254093596665e-03 0.0
    3.1812600000000002e-01 1.3070800000000000e-02 8.2831853238870025e-03 -7.4755103662337528e-03 0.0
    4.1691299999999998e-01 1.3070800000000000e-02 8.5469554744502293e-03 -7.4436800416308917e-03 0.0
    5.2350799999999997e-01 1.3070800000000000e-02 8.8394436744911355e-03 -7.3972351524097804e-03 0.0
    6.3541099999999995e-01 1.3070800000000000e-02 9.1548863421877895e-03 -7.3337535312927877e-03 0.0
    7.5000000000000000e-01 1.3070800000000000e-02 9.4862132157456508e-03 -7.2517178715346157e-03 0.0
    8.6458900000000005e-01 1.3070800000000000e-02 9.8251594928656198e-03 -7.1509566208358107e-03 0.0
    9.7649200000000003e-01 1.3070800000000000e-02 1.0162557274500985e-02 -7.0330208407905779e-03 0.0
    1.0830900000000001e+00 1.3070800000000000e-02 1.0488791686700503e-02 -6.9014079269572358e-03 0.0
    1.1818700000000000e+00 1.3070800000000000e-02 1.0794277807267296e-02 -6.7615927706468045e-03 0.0
    1.2705400000000000e+00 1.3070800000000000e-02 1.1070196702425416e-02 -6.6206732396857674e-03 0.0
    1.3470000000000000e+00 1.3070800000000000e-02 1.1308715423675847e-02 -6.4869413002755557e-03 0.0
    1.4094700000000000e+00 1.3070800000000000e-02 1.1503545510879771e-02 -6.3689987503627735e-03 0.0
    1.4564800000000000e+00 1.3070800000000000e-02 1.1649893900134455e-02 -6.2749709104858139e-03 0.0
    1.4869300000000001e+00 1.3070800000000000e-02 1.1744480464710359e-02 -6.2116085871264546e-03 0.0
    1.5000000000000000e+00 1.3070800000000000e-02 1.1785015403322364e-02 -6.1838131916316800e-03 0.0
    0.0000000000000000e+00 4.3517800000000002e-02 0.0000000000000000e+00 -0.0000000000000000e+00 0.0
    1.3070800000000000e-02 4.3517800000000002e-02 5.2139409932477664e-03 -5.2651821248935887e-03 0.0
    4.3517800000000002e-02 4.3517800000000002e-02 1.2291515568924488e-01 -1.2291515568924485e-01 0.0
    9.0528899999999995e-02 4.3517800000000002e-02 1.8080916089953633e-01 -1.7806550945608746e-01 0.0
    1.5299900000000000e-01 4.3517800000000002e-02 1.8449074856342146e-01 -1.7797112928494671e-01 0.0
    2.2946200000000000e-01 4.3517800000000002e-02 1.8909508563235153e-01 -1.7774573608997454e-01 0.0
    3.1812600000000002e-01 4.3517800000000002e-02 1.9456818922631128e-01 -1.7732198868380780e-01 0.0
    4.1691299999999998e-01 4.3517800000000002e-02 2.0083303385483603e-01 -1.7662765006433756e-01 0.0
    5.2350799999999997e-01 4.3517800000000002e-02 2.0778500264542002e-01 -1.7559250579170094e-01 0.0
    6.3541099999999995e-01 4.3517800000000002e-02 2.1528850598955918e-01 -1.7415722002798009e-01 0.0
    7.5000000000000000e-01 4.3517800000000002e-02 2.2317650092407865e-01 -1.7228353260911050e-01 0.0
    8.6458900000000005e-01 4.3517800000000002e-02 2.3125295298854989e-01 -1.6996484712053303e-01 0.0
    9.7649200000000003e-01 4.3517800000000002e-02 2.3929960782830817e-01 -1.6723538384248879e-01 0.0
    1.0830900000000001e+00 4.3517800000000002e-02 2.4708677100780371e-01 -1.6417575359650871e-01 0.0
    1.1818700000000000e+00 4.3517800000000002e-02 2.5438469603436631e-01 -1.6091394659733724e-01 0.0
    1.2705400000000000e+00 4.3517800000000002e-02 2.6098128384783864e-01 -1.5761714831226772e-01 0.0
    1.3470000000000000e+00 4.3517800000000002e-02 2.6668755578514336e-01 -1.5448158970764689e-01 0.0
    1.4094700000000000e+00 4.3517800000000002e-02 2.7135127224508238e-01 -1.5171153311273472e-01 0.0
    1.4564800000000000e+00 4.3517800000000002e-02 2.7485602901025213e-01 -1.4950038145913214e-01 0.0
    1.4869300000000001e+00 4.3517800000000002e-02 2.7712190578498791e-01 -1.4800909909027107e-01 0.0
    1.5000000000000000e+00 4.3517800000000002e-02 2.7809311577603069e-01 -1.4735461131381480e-01 0.0
    0.0000000000000000e+00 9.0528899999999995e-02 0.0000000000000000e+00 -0.0000000000000000e+00 0.0
    1.3070800000000000e-02 9.0528899999999995e-02 7.5125266419633196e-03 -7.7032489889484312e-03 0.0
    4.3517800000000002e-02 9.0528899999999995e-02 1.7806550945608751e-01 -1.8080916089953633e-01 0.0
    9.0528899999999995e-02 9.0528899999999995e-02 2.6081877657364300e-01 -2.6081877657364294e-01 0.0
    1.5299900000000000e-01 9.0528899999999995e-02 2.6621366274292707e-01 -2.6076297554789551e-01 0.0
    2.2946200000000000e-01 9.0528899999999995e-02 2.7296552197538793e-01 -2.6053577640991460e-01 0.0
    3.1812600000000002e-01 9.0528899999999995e-02 2.8099830532955505e-01 -2.6003696051246483e-01 0.0
    4.1691299999999998e-01 9.0528899999999995e-02 2.9020239805612136e-01 -2.5915832419960261e-01 0.0
    5.2350799999999997e-01 9.0528899999999995e-02 3.0042760894616255e-01 -2.5779366674039428e-01 0.0
    6.3541099999999995e-01 9.0528899999999995e-02 3.1147777784977826e-01 -2.5585171448140892e-01 0.0
    7.5000000000000000e-01 9.0528899999999995e-02 3.2310958499689907e-01 -2.5327117759300821e-01 0.0
    8.6458900000000005e-01 9.0528899999999995e-02 3.3503569351017459e-01 -2.5003656423372927e-01 0.0
    9.7649200000000003e-01 9.0528899999999995e-02 3.4693433638482901e-01 -2.4619208876764889e-01 0.0
    1.0830900000000001e+00 9.0528899999999995e-02 3.5846501381547852e-01 -2.4185046323272369e-01 0.0
    1.1818700000000000e+00 9.0528899999999995e-02 3.6928534978820415e-01 -2.3719493398566110e-01 0.0
    1.2705400000000000e+00 9.0528899999999995e-02 3.7907759242427641e-01 -2.3246781860502280e-01 0.0
    1.3470000000000000e+00 9.0528899999999995e-02 3.8755722970948986e-01 -2.2795569462091664e-01 0.0
    1.4094700000000000e+00 9.0528899999999995e-02 3.9449382809440303e-01 -2.2395851136827555e-01 0.0
    1.4564800000000000e+00 9.0528899999999995e-02 3.9971032922971961e-01 -2.2076134356847021e-01 0.0
    1.4869300000000001e+00 9.0528899999999995e-02 4.0308455909896201e-01 -2.1860210734535584e-01 0.0
    1.5000000000000000e+00 9.0528899999999995e-02 4.0453124165542997e-01 -2.1765376540158465e-01 0.0
    0.0000000000000000e+00 1.5299900000000000e-01 0.0000000000000000e+00 -0.0000000000000000e+00 0.0
    1.3070800000000000e-02 1.5299900000000000e-01 7.5070272997071639e-03 -7.8585119574280712e-03 0.0
    4.3517800000000002e-02 1.5299900000000000e-01 1.7797112928494677e-01 -1.8449074856342140e-01 0.0
    9.0528899999999995e-02 1.5299900000000000e-01 2.6076297554789546e-01 -2.6621366274292713e-01 0.0
    1.5299900000000000e-01 1.5299900000000000e-01 2.6627063016868163e-01 -2.6627063016868158e-01 0.0
    2.2946200000000000e-01 1.5299900000000000e-01 2.7317026891285939e-01 -2.6618122299596308e-01 0.0
    3.1812600000000002e-01 1.5299900000000000e-01 2.8138850772881252e-01 -2.6584111470670541e-01 0.0
    4.1691299999999998e-01 1.5299900000000000e-01 2.9081800070094416e-01 -2.6513671019000495e-01 0.0
    5.2350799999999997e-01 1.5299900000000000e-01 3.0130981040680788e-01 -2.6395511803840233e-01 0.0
    6.3541099999999995e-01 1.5299900000000000e-01 3.1266729478973238e-01 -2.6219725018098217e-01 0.0
    7.5000000000000000e-01 1.5299900000000000e-01 3.2464420540012040e-01 -2.5979332979336933e-01 0.0
    8.6458900000000005e-01 1.5299900000000000e-01 3.3694722716766645e-01 -2.5671943270245406e-01 0.0
    9.7649200000000003e-01 1.5299900000000000e-01 3.4924526702992359e-01 -2.5301236753995210e-01 0.0
    1.0830900000000001e+00 1.5299900000000000e-01 3.6118530699493118e-01 -2.4877952611377691e-01 0.0
    1.1818700000000000e+00 1.5299900000000000e-01 3.7240981990949373e-01 -2.4420180362067492e-01 0.0
    1.2705400000000000e+00 1.5299900000000000e-01 3.8258459912258530e-01 -2.3952266931674154e-01 0.0
    1.3470000000000000e+00 1.5299900000000000e-01 3.9140839289679319e-01 -2.3503316538273833e-01 0.0
    1.4094700000000000e+00 1.5299900000000000e-01 3.9863544105339999e-01 -2.3104026776707035e-01 0.0
    1.4564800000000000e+00 1.5299900000000000e-01 4.0407566449902788e-01 -2.2783726868894585e-01 0.0
    1.4869300000000001e+00 1.5299900000000000e-01 4.0759703119706520e-01 -2.2566988470505167e-01 0.0
    1.5000000000000000e+00 1.5299900000000000e-01 4.0910738173978539e-01 -2.2471695728413910e-01 0.0
    0.0000000000000000e+00 2.2946200000000000e-01 0.0000000000000000e+00 -0.0000000000000000e+00 0.0
    1.3070800000000000e-02 2.2946200000000000e-01 7.4956254093596682e-03 -8.0526015790526023e-03 0.0
    4.3517800000000002e-02 2.2946200000000000e-01 1.7774573608997449e-01 -1.8909508563235158e-01 0.0
    9.0528899999999995e-02 2.2946200000000000e-01 2.6053577640991471e-01 -2.7296552197538787e-01 0.0
    1.5299900000000000e-01 2.2946200000000000e-01 2.6618122299596314e-01 -2.7317026891285934e-01 0.0
    2.2946200000000000e-01 2.2946200000000000e-01 2.7326202362470331e-01 -2.7326202362470325e-01 0.0
    3.1812600000000002e-01 2.2946200000000000e-01 2.8170847282384304e-01 -2.7313145379357950e-01 0.0
    4.1691299999999998e-01 2.2946200000000000e-01 2.9141649487096627e-01 -2.7265830031238086e-01 0.0
    5.2350799999999997e-01 2.2946200000000000e-01 3.0223922475254911e-01 -2.7172128251254851e-01 0.0
    6.3541099999999995e-01 2.2946200000000000e-01 3.1397995706788040e-01 -2.7021136810205620e-01 0.0
    7.5000000000000000e-01 2.2946200000000000e-01 3.2638929295354130e-01 -2.6804780694706121e-01 0.0
    8.6458900000000005e-01 2.2946200000000000e-01 3.3916684195856545e-01 -2.6519556647095088e-01 0.0
    9.7649200000000003e-01 2.2946200000000000e-01 3.5197004355771322e-01 -2.6168144976993074e-01 0.0
    1.0830900000000001e+00 2.2946200000000000e-01 3.6443013335408730e-01 -2.5760533636522143e-01 0.0
    1.1818700000000000e+00 2.2946200000000000e-01 3.7617021184663713e-01 -2.5314430341674093e-01 0.0
    1.2705400000000000e+00 2.2946200000000000e-01 3.8683475581447829e-01 -2.4854248743105786e-01 0.0
    1.3470000000000000e+00 2.2946200000000000e-01 3.9610059432987804e-01 -2.4409592192942850e-01 0.0
    1.4094700000000000e+00 2.2946200000000000e-01 4.0370170398623917e-01 -2.4012001862120580e-01 0.0
    1.4564800000000000e+00 2.2946200000000000e-01 4.0943065471264267e-01 -2.3691820838235411e-01 0.0
    1.4869300000000001e+00 2.2946200000000000e-01 4.1314218886263537e-01 -2.3474597531901731e-01 0.0
    1.5000000000000000e+00 2.2946200000000000e-01 4.1473489467711261e-01 -2.3378956416327962e-01 0.0
    0.0000000000000000e+00 3.1812600000000002e-01 0.0000000000000000e+00 -0.0000000000000000e+00 0.0
    1.3070800000000000e-02 3.1812600000000002e-01 7.4755103662337511e-03 -8.2831853238870060e-03 0.0
    4.3517800000000002e-02 3.1812600000000002e-01 1.7732198868380780e-01 -1.9456818922631128e-01 0.0
    9.0528899999999995e-02 3.1812600000000002e-01 2.6003696051246489e-01 -2.8099830532955505e-01 0.0
    1.5299900000000000e-01 3.1812600000000002e-01 2.6584111470670529e-01 -2.8138850772881258e-01 0.0
    2.2946200000000000e-01 3.1812600000000002e-01 2.7313145379357956e-01 -2.8170847282384298e-01 0.0
    3.1812600000000002e-01 3.1812600000000002e-01 2.8184314287817713e-01 -2.8184314287817708e-01 0.0
    4.1691299999999998e-01 3.1812600000000002e-01 2.9187662536192938e-01 -2.8166449264452342e-01 0.0
    5.2350799999999997e-01 3.1812600000000002e-01 3.0308824792468203e-01 -2.8104128290877750e-01 0.0
    6.3541099999999995e-01 3.1812600000000002e-01 3.1528204498812845e-01 -2.7985245579256512e-01 0.0
    7.5000000000000000e-01 3.1812600000000002e-01 3.2820566608837021e-01 -2.7800372952360336e-01 0.0
    8.6458900000000005e-01 3.1812600000000002e-01 3.4155095676448971e-01 -2.7544606395511623e-01 0.0
    9.7649200000000003e-01 3.1812600000000002e-01 3.5496208002786617e-01 -2.7219327364493845e-01 0.0
    1.0830900000000001e+00 3.1812600000000002e-01 3.6805148542766597e-01 -2.6833501236759710e-01 0.0
    1.1818700000000000e+00 3.1812600000000002e-01 3.8041867197722523e-01 -2.6404246296815842e-01 0.0
    1.2705400000000000e+00 3.1812600000000002e-01 3.9168171428112408e-01 -2.5955932928640479e-01 0.0
    1.3470000000000000e+00 3.1812600000000002e-01 4.0148992730878758e-01 -2.5518660655070358e-01 0.0
    1.4094700000000000e+00 3.1812600000000002e-01 4.0955154761838591e-01 -2.5124912048833048e-01 0.0
    1.4564800000000000e+00 3.1812600000000002e-01 4.1563688973520924e-01 -2.4806206983213883e-01 0.0
    1.4869300000000001e+00 3.1812600000000002e-01 4.1958359172298704e-01 -2.4589250891289638e-01 0.0
    1.5000000000000000e+00 3.1812600000000002e-01 4.2127824620732446e-01 -2.4493552038656746e-01 0.0
    0.0000000000000000e+00 4.1691299999999998e-01 0.0000000000000000e+00 -0.0000000000000000e+00 0.0
    1.3070800000000000e-02 4.1691299999999998e-01 7.4436800416308934e-03 -8.5469554744502275e-03 0.0
    4.3517800000000002e-02 4.1691299999999998e-01 1.7662765006433756e-01 -2.0083303385483606e-01 0.0
    9.0528899999999995e-02 4.1691299999999998e-01 2.5915832419960255e-01 -2.9020239805612141e-01 0.0
    1.5299900000000000e-01 4.1691299999999998e-01 2.6513671019000484e-01 -2.9081800070094421e-01 0.0
    2.2946200000000000e-01 4.1691299999999998e-01 2.7265830031238092e-01 -2.9141649487096621e-01 0.0
    3.1812600000000002e-01 4.1691299999999998e-01 2.8166449264452342e-01 -2.9187662536192932e-01 0.0
    4.1691299999999998e-01 4.1691299999999998e-01 2.9206175280497121e-01 -2.9206175280497115e-01 0.0
    5.2350799999999997e-01 4.1691299999999998e-01 3.0371112880081513e-01 -2.9182933281358053e-01 0.0
    6.3541099999999995e-01 4.1691299999999998e-01 3.1641864321840152e-01 -2.9104434256810457e-01 0.0
    7.5000000000000000e-01 4.1691299999999998e-01 3.2992970891165413e-01 -2.8959641805763836e-01 0.0
    8.6458900000000005e-01 4.1691299999999998e-01 3.4392825566737240e-01 -2.8741943798625835e-01 0.0
    9.7649200000000003e-01 4.1691299999999998e-01 3.5804384351326018e-01 -2.8451086298641598e-01 0.0
    1.0830900000000001e+00 4.1691299999999998e-01 3.7186743715086135e-01 -2.8094682806110527e-01 0.0
    1.1818700000000000e+00 4.1691299999999998e-01 3.8497082807873889e-01 -2.7688981776743887e-01 0.0
    1.2705400000000000e+00 4.1691299999999998e-01 3.9694046573352310e-01 -2.7258122280517133e-01 0.0
    1.3470000000000000e+00 4.1691299999999998e-01 4.0739217229551783e-01 -2.6832622270595657e-01 0.0
    1.4094700000000000e+00 4.1691299999999998e-01 4.1600240420807794e-01 -2.6445941537651046e-01 0.0
    1.4564800000000000e+00 4.1691299999999998e-01 4.2251368122606164e-01 -2.6130893942368455e-01 0.0
    1.4869300000000001e+00 4.1691299999999998e-01 4.2674207285804905e-01 -2.5915493211959634e-01 0.0
    1.5000000000000000e+00 4.1691299999999998e-01 4.2855899755932175e-01 -2.5820257478573488e-01 0.0
    0.0000000000000000e+00 5.2350799999999997e-01 0.0000000000000000e+00 -0.0000000000000000e+00 0.0
    1.3070800000000000e-02 5.2350799999999997e-01 7.3972351524097769e-03 -8.8394436744911372e-03 0.0
    4.3517800000000002e-02 5.2350799999999997e-01 1.7559250579170096e-01 -2.0778500264542002e-01 0.0
    9.0528899999999995e-02 5.2350799999999997e-01 2.5779366674039433e-01 -3.0042760894616249e-01 0.0
    1.5299900000000000e-01 5.2350799999999997e-01 2.6395511803840227e-01 -3.0130981040680793e-01 0.0
    2.2946200000000000e-01 5.2350799999999997e-01 2.7172128251254862e-01 -3.0223922475254911e-01 0.0
    3.1812600000000002e-01 5.2350799999999997e-01 2.8104128290877756e-01 -3.0308824792468197e-01 0.0
    4.1691299999999998e-01 5.2350799999999997e-01 2.9182933281358059e-01 -3.0371112880081508e-01 0.0
    5.2350799999999997e-01 5.2350799999999997e-01 3.0395301174404282e-01 -3.0395301174404282e-01 0.0
    6.3541099999999995e-01 5.2350799999999997e-01 3.1722204926743147e-01 -3.0366324438673364e-01 0.0
    7.5000000000000000e-01 5.2350799999999997e-01 3.3138092444009160e-01 -3.0271297123415797e-01 0.0
    8.6458900000000005e-01 5.2350799999999997e-01 3.4610616064148420e-01 -3.0101585570581568e-01 0.0
    9.7649200000000003e-01 5.2350799999999997e-01 3.6101204283600552e-01 -2.9854932644224913e-01 0.0
    1.0830900000000001e+00 5.2350799999999997e-01 3.7566589549566948e-01 -2.9537213079825236e-01 0.0
    1.1818700000000000e+00 5.2350799999999997e-01 3.8960802635950575e-01 -2.9163444895879348e-01 0.0
    1.2705400000000000e+00 5.2350799999999997e-01 4.0238807686459982e-01 -2.8757254963397672e-01 0.0
    1.3470000000000000e+00 5.2350799999999997e-01 4.1358214117871783e-01 -2.8349406929893534e-01 0.0
    1.4094700000000000e+00 5.2350799999999997e-01 4.2282835588275614e-01 -2.7974289249983952e-01 0.0
    1.4564800000000000e+00 5.2350799999999997e-01 4.2983528111939878e-01 -2.7666060002317744e-01 0.0
    1.4869300000000001e+00 5.2350799999999997e-01 4.3439234326440007e-01 -2.7454146160606901e-01 0.0
    1.5000000000000000e+00 5.2350799999999997e-01 4.3635214387526705e-01 -2.7360172360417051e-01 0.0
    0.0000000000000000e+00 6.3541099999999995e-01 0.0000000000000000e+00 -0.0000000000000000e+00 0.0
    1.3070800000000000e-02 6.3541099999999995e-01 7.3337535312927894e-03 -9.1548863421877878e-03 0.0
    4.3517800000000002e-02 6.3541099999999995e-01 1.7415722002798001e-01 -2.1528850598955923e-01 0.0
    9.0528899999999995e-02 6.3541099999999995e-01 2.5585171448140898e-01 -3.1147777784977820e-01 0.0
    1.5299900000000000e-01 6.3541099999999995e-01 2.6219725018098222e-01 -3.1266729478973232e-01 0.0
    2.2946200000000000e-01 6.3541099999999995e-01 2.7021136810205609e-01 -3.1397995706788051e-01 0.0
    3.1812600000000002e-01 6.3541099999999995e-01 2.7985245579256507e-01 -3.1528204498812856e-01 0.0
    4.1691299999999998e-01 6.3541099999999995e-01 2.9104434256810463e-01 -3.1641864321840146e-01 0.0
    5.2350799999999997e-01 6.3541099999999995e-01 3.0366324438673370e-01 -3.1722204926743142e-01 0.0
    6.3541099999999995e-01 6.3541099999999995e-01 3.1752475496723415e-01 -3.1752475496723409e-01 0.0
    7.5000000000000000e-01 6.3541099999999995e-01 3.3237433212359263e-01 -3.1717733222170746e-01 0.0
    8.6458900000000005e-01 6.3541099999999995e-01 3.4788235573264320e-01 -3.1607022335672508e-01 0.0
    9.7649200000000003e-01 6.3541099999999995e-01 3.6364798810205107e-01 -3.1415699480067821e-01 0.0
    1.0830900000000001e+00 6.3541099999999995e-01 3.7921354002627128e-01 -3.1147465998848445e-01 0.0
    1.1818700000000000e+00 6.3541099999999995e-01 3.9408467126778418e-01 -3.0815669590819356e-01 0.0
    1.2705400000000000e+00 6.3541099999999995e-01 4.0776935733238340e-01 -3.0443042187166208e-01 0.0
    1.3470000000000000e+00 6.3541099999999995e-01 4.1979772580334540e-01 -3.0060307625398314e-01 0.0
    1.4094700000000000e+00 6.3541099999999995e-01 4.2976274353183608e-01 -2.9702626809757826e-01 0.0
    1.4564800000000000e+00 6.3541099999999995e-01 4.3733234154809580e-01 -2.9405460753858537e-01 0.0
    1.4869300000000001e+00 6.3541099999999995e-01 4.4226367918003612e-01 -2.9199686779695933e-01 0.0
    1.5000000000000000e+00 6.3541099999999995e-01 4.4438646338404308e-01 -2.9108087699910923e-01 0.0
    0.0000000000000000e+00 7.5000000000000000e-01 0.0000000000000000e+00 -0.0000000000000000e+00 0.0
    1.3070800000000000e-02 7.5000000000000000e-01 7.2517178715346140e-03 -9.4862132157456525e-03 0.0
    4.3517800000000002e-02 7.5000000000000000e-01 1.7228353260911045e-01 -2.2317650092407865e-01 0.0
    9.0528899999999995e-02 7.5000000000000000e-01 2.5327117759300816e-01 -3.2310958499689912e-01 0.0
    1.5299900000000000e-01 7.5000000000000000e-01 2.5979332979336939e-01 -3.2464420540012034e-01 0.0
    2.2946200000000000e-01 7.5000000000000000e-01 2.6804780694706132e-01 -3.2638929295354130e-01 0.0
    3.1812600000000002e-01 7.5000000000000000e-01 2.7800372952360342e-01 -3.2820566608837015e-01 0.0
    4.1691299999999998e-01 7.5000000000000000e-01 2.8959641805763842e-01 -3.2992970891165413e-01 0.0
    5.2350799999999997e-01 7.5000000000000000e-01 3.0271297123415802e-01 -3.3138092444009154e-01 0.0
    6.3541099999999995e-01 7.5000000000000000e-01 3.1717733222170752e-01 -3.3237433212359258e-01 0.0
    7.5000000000000000e-01 7.5000000000000000e-01 3.3273840102536473e-01 -3.3273840102536467e-01 0.0
    8.6458900000000005e-01 7.5000000000000000e-01 3.4906245307843997e-01 -3.3233773309915460e-01 0.0
    9.7649200000000003e-01 7.5000000000000000e-01 3.6573463199543033e-01 -3.3109831207465640e-01 0.0
    1.0830900000000001e+00 7.5000000000000000e-01 3.8227188138132023e-01 -3.2903081594395150e-01 0.0
    1.1818700000000000e+00 7.5000000000000000e-01 3.9814299486249177e-01 -3.2624696568997685e-01 0.0
    1.2705400000000000e+00 7.5000000000000000e-01 4.1281013619476764e-01 -3.2296030831028977e-01 0.0
    1.3470000000000000e+00 7.5000000000000000e-01 4.2575161936976064e-01 -3.1947360568618832e-01 0.0
    1.4094700000000000e+00 7.5000000000000000e-01 4.3650842967478337e-01 -3.1614336094723738e-01 0.0
    1.4564800000000000e+00 7.5000000000000000e-01 4.4470096841998885e-01 -3.1333564594428243e-01 0.0
    1.4869300000000001e+00 7.5000000000000000e-01 4.5004814162517404e-01 -3.1137319775041961e-01 0.0
    1.5000000000000000e+00 7.5000000000000000e-01 4.5235236685212510e-01 -3.1049531831593064e-01 0.0
    0.0000000000000000e+00 8.6458900000000005e-01 0.0000000000000000e+00 -0.0000000000000000e+00 0.0
    1.3070800000000000e-02 8.6458900000000005e-01 7.1509566208358124e-03 -9.8251594928656181e-03 0.0
    4.3517800000000002e-02 8.6458900000000005e-01 1.6996484712053295e-01 -2.3125295298854992e-01 0.0
    9.0528899999999995e-02 8.6458900000000005e-01 2.5003656423372933e-01 -3.3503569351017454e-01 0.0
    1.5299900000000000e-01 8.6458900000000005e-01 2.5671943270245412e-01 -3.3694722716766640e-01 0.0
    2.2946200000000000e-01 8.6458900000000005e-01 2.6519556647095083e-01 -3.3916684195856550e-01 0.0
    3.1812600000000002e-01 8.6458900000000005e-01 2.7544606395511634e-01 -3.4155095676448965e-01 0.0
    4.1691299999999998e-01 8.6458900000000005e-01 2.8741943798625830e-01 -3.4392825566737245e-01 0.0
    5.2350799999999997e-01 8.6458900000000005e-01 3.0101585570581557e-01 -3.4610616064148425e-01 0.0
    6.3541099999999995e-01 8.6458900000000005e-01 3.1607022335672513e-01 -3.4788235573264314e-01 0.0
    7.5000000000000000e-01 8.6458900000000005e-01 3.3233773309915465e-01 -3.4906245307843992e-01 0.0
    8.6458900000000005e-01 8.6458900000000005e-01 3.4948328440532100e-01 -3.4948328440532095e-01 0.0
    9.7649200000000003e-01 8.6458900000000005e-01 3.6708009105109607e-01 -3.4903999552286524e-01 0.0
    1.0830900000000001e+00 8.6458900000000005e-01 3.8462057883647111e-01 -3.4771243379952521e-01 0.0
    1.1818700000000000e+00 8.6458900000000005e-01 4.0153574128239017e-01 -3.4558516723347849e-01 0.0
    1.2705400000000000e+00 8.6458900000000005e-01 4.1723895668463223e-01 -3.4285235153446020e-01 0.0
    1.3470000000000000e+00 8.6458900000000005e-01 4.3115180114039370e-01 -3.3980703267152029e-01 0.0
    1.4094700000000000e+00 8.6458900000000005e-01 4.4275703029038133e-01 -3.3680643462870435e-01 0.0
    1.4564800000000000e+00 8.6458900000000005e-01 4.5162084610064679e-01 -3.3422520038091674e-01 0.0
    1.4869300000000001e+00 8.6458900000000005e-01 4.5741790655306497e-01 -3.3239838059255677e-01 0.0
    1.5000000000000000e+00 8.6458900000000005e-01 4.5991886778091895e-01 -3.3157585557941616e-01 0.0
    0.0000000000000000e+00 9.7649200000000003e-01 0.0000000000000000e+00 -0.0000000000000000e+00 0.0
    1.3070800000000000e-02 9.7649200000000003e-01 7.0330208407905787e-03 -1.0162557274500984e-02 0.0
    4.3517800000000002e-02 9.7649200000000003e-01 1.6723538384248879e-01 -2.3929960782830831e-01 0.0
    9.0528899999999995e-02 9.7649200000000003e-01 2.4619208876764895e-01 -3.4693433638482896e-01 0.0
    1.5299900000000000e-01 9.7649200000000003e-01 2.5301236753995215e-01 -3.4924526702992353e-01 0.0
    2.2946200000000000e-01 9.7649200000000003e-01 2.6168144976993069e-01 -3.5197004355771327e-01 0.0
    3.1812600000000002e-01 9.7649200000000003e-01 2.7219327364493856e-01 -3.5496208002786611e-01 0.0
    4.1691299999999998e-01 9.7649200000000003e-01 2.8451086298641609e-01 -3.5804384351326018e-01 0.0
    5.2350799999999997e-01 9.7649200000000003e-01 2.9854932644224919e-01 -3.6101204283600552e-01 0.0
    6.3541099999999995e-01 9.7649200000000003e-01 3.1415699480067827e-01 -3.6364798810205096e-01 0.0
    7.5000000000000000e-01 9.7649200000000003e-01 3.3109831207465629e-01 -3.6573463199543044e-01 0.0
    8.6458900000000005e-01 9.7649200000000003e-01 3.4903999552286513e-01 -3.6708009105109612e-01 0.0
    9.7649200000000003e-01 9.7649200000000003e-01 3.6754629127290755e-01 -3.6754629127290750e-01 0.0
    1.0830900000000001e+00 9.7649200000000003e-01 3.8608721737916368e-01 -3.6707834352845087e-01 0.0
    1.1818700000000000e+00 9.7649200000000003e-01 4.0405658076103035e-01 -3.6572841698446479e-01 0.0
    1.2705400000000000e+00 9.7649200000000003e-01 4.2081763296074653e-01 -3.6366528619493854e-01 0.0
    1.3470000000000000e+00 9.7649200000000003e-01 4.3573182464702681e-01 -3.6116617957244551e-01 0.0
    1.4094700000000000e+00 9.7649200000000003e-01 4.4821867521250730e-01 -3.5858366206224557e-01 0.0
    1.4564800000000000e+00 9.7649200000000003e-01 4.5778439928548831e-01 -3.5629673039585819e-01 0.0
    1.4869300000000001e+00 9.7649200000000003e-01 4.6405394072157452e-01 -3.5464989754173382e-01 0.0
    1.5000000000000000e+00 9.7649200000000003e-01 4.6676202507078018e-01 -3.5390184288220194e-01 0.0
    0.0000000000000000e+00 1.0830900000000001e+00 0.0000000000000000e+00 -0.0000000000000000e+00 0.0
    1.3070800000000000e-02 1.0830900000000001e+00 6.9014079269572367e-03 -1.0488791686700503e-02 0.0
    4.3517800000000002e-02 1.0830900000000001e+00 1.6417575359650863e-01 -2.4708677100780377e-01 0.0
    9.0528899999999995e-02 1.0830900000000001e+00 2.4185046323272380e-01 -3.5846501381547852e-01 0.0
    1.5299900000000000e-01 1.0830900000000001e+00 2.4877952611377679e-01 -3.6118530699493123e-01 0.0
    2.2946200000000000e-01 1.0830900000000001e+00 2.5760533636522148e-01 -3.6443013335408730e-01 0.0
    3.1812600000000002e-01 1.0830900000000001e+00 2.6833501236759721e-01 -3.6805148542766591e-01 0.0
    4.1691299999999998e-01 1.0830900000000001e+00 2.8094682806110532e-01 -3.7186743715086129e-01 0.0
    5.2350799999999997e-01 1.0830900000000001e+00 2.9537213079825225e-01 -3.7566589549566959e-01 0.0
    6.3541099999999995e-01 1.0830900000000001e+00 3.1147465998848450e-01 -3.7921354002627122e-01 0.0
    7.5000000000000000e-01 1.0830900000000001e+00 3.2903081594395156e-01 -3.8227188138132012e-01 0.0
    8.6458900000000005e-01 1.0830900000000001e+00 3.4771243379952527e-01 -3.8462057883647105e-01 0.0
    9.7649200000000003e-01 1.0830900000000001e+00 3.6707834352845092e-01 -3.8608721737916363e-01 0.0
    1.0830900000000001e+00 1.0830900000000001e+00 3.8657939744296016e-01 -3.8657939744296010e-01 0.0
    1.1818700000000000e+00 1.0830900000000001e+00 4.0557447462934570e-01 -3.8611244161519243e-01 0.0
    1.2705400000000000e+00 1.0830900000000001e+00 4.2337734606118654e-01 -3.8482403966599138e-01 0.0
    1.3470000000000000e+00 1.0830900000000001e+00 4.3928807970593586e-01 -3.8296922244674286e-01 0.0
    1.4094700000000000e+00 1.0830900000000001e+00 4.5265993985912556e-01 -3.8088973790501052e-01 0.0
    1.4564800000000000e+00 1.0830900000000001e+00 4.6293503094193361e-01 -3.7896364965565321e-01 0.0
    1.4869300000000001e+00 1.0830900000000001e+00 4.6968433675547006e-01 -3.7754099060794200e-01 0.0
    1.5000000000000000e+00 1.0830900000000001e+00 4.7260329369418341e-01 -3.7688661398505641e-01 0.0
    0.0000000000000000e+00 1.1818700000000000e+00 0.0000000000000000e+00 -0.0000000000000000e+00 0.0
    1.3070800000000000e-02 1.1818700000000000e+00 6.7615927706468010e-03 -1.0794277807267298e-02 0.0
    4.3517800000000002e-02 1.1818700000000000e+00 1.6091394659733724e-01 -2.5438469603436631e-01 0.0
    9.0528899999999995e-02 1.1818700000000000e+00 2.3719493398566116e-01 -3.6928534978820410e-01 0.0
    1.5299900000000000e-01 1.1818700000000000e+00 2.4420180362067498e-01 -3.7240981990949368e-01 0.0
    2.2946200000000000e-01 1.1818700000000000e+00 2.5314430341674082e-01 -3.7617021184663718e-01 0.0
    3.1812600000000002e-01 1.1818700000000000e+00 2.6404246296815831e-01 -3.8041867197722529e-01 0.0
    4.1691299999999998e-01 1.1818700000000000e+00 2.7688981776743882e-01 -3.8497082807873895e-01 0.0
    5.2350799999999997e-01 1.1818700000000000e+00 2.9163444895879337e-01 -3.8960802635950581e-01 0.0
    6.3541099999999995e-01 1.1818700000000000e+00 3.0815669590819345e-01 -3.9408467126778429e-01 0.0
    7.5000000000000000e-01 1.1818700000000000e+00 3.2624696568997674e-01 -3.9814299486249183e-01 0.0
    8.6458900000000005e-01 1.1818700000000000e+00 3.4558516723347854e-01 -4.0153574128239011e-01 0.0
    9.7649200000000003e-01 1.1818700000000000e+00 3.6572841698446473e-01 -4.0405658076103040e-01 0.0
    1.0830900000000001e+00 1.1818700000000000e+00 3.8611244161519254e-01 -4.0557447462934565e-01 0.0
    1.1818700000000000e+00 1.1818700000000000e+00 4.0606496740841741e-01 -4.0606496740841735e-01 0.0
    1.2705400000000000e+00 1.1818700000000000e+00 4.2485307018830487e-01 -4.0563008388226268e-01 0.0
    1.3470000000000000e+00 1.1818700000000000e+00 4.4171676091109152e-01 -4.0449685706620975e-01 0.0
    1.4094700000000000e+00 1.1818700000000000e+00 4.5594271233783579e-01 -4.0299003500974434e-01 0.0
    1.4564800000000000e+00 1.1818700000000000e+00 4.6690727492047202e-01 -4.0148097261639643e-01 0.0
    1.4869300000000001e+00 1.1818700000000000e+00 4.7412521876061409e-01 -4.0032057147025935e-01 0.0
    1.5000000000000000e+00 1.1818700000000000e+00 4.7725073201060464e-01 -3.9977661846886575e-01 0.0
    0.0000000000000000e+00 1.2705400000000000e+00 0.0000000000000000e+00 -0.0000000000000000e+00 0.0
    1.3070800000000000e-02 1.2705400000000000e+00 6.6206732396857657e-03 -1.1070196702425419e-02 0.0
    4.3517800000000002e-02 1.2705400000000000e+00 1.5761714831226764e-01 -2.6098128384783864e-01 0.0
    9.0528899999999995e-02 1.2705400000000000e+00 2.3246781860502291e-01 -3.7907759242427641e-01 0.0
    1.5299900000000000e-01 1.2705400000000000e+00 2.3952266931674146e-01 -3.8258459912258536e-01 0.0
    2.2946200000000000e-01 1.2705400000000000e+00 2.4854248743105775e-01 -3.8683475581447835e-01 0.0
    3.1812600000000002e-01 1.2705400000000000e+00 2.5955932928640468e-01 -3.9168171428112419e-01 0.0
    4.1691299999999998e-01 1.2705400000000000e+00 2.7258122280517139e-01 -3.9694046573352304e-01 0.0
    5.2350799999999997e-01 1.2705400000000000e+00 2.8757254963397660e-01 -4.0238807686459988e-01 0.0
    6.3541099999999995e-01 1.2705400000000000e+00 3.0443042187166214e-01 -4.0776935733238334e-01 0.0
    7.5000000000000000e-01 1.2705400000000000e+00 3.2296030831028988e-01 -4.1281013619476759e-01 0.0
    8.6458900000000005e-01 1.2705400000000000e+00 3.4285235153446014e-01 -4.1723895668463234e-01 0.0
    9.7649200000000003e-01 1.2705400000000000e+00 3.6366528619493843e-01 -4.2081763296074659e-01 0.0
    1.0830900000000001e+00 1.2705400000000000e+00 3.8482403966599149e-01 -4.2337734606118649e-01 0.0
    1.1818700000000000e+00 1.2705400000000000e+00 4.0563008388226279e-01 -4.2485307018830482e-01 0.0
    1.2705400000000000e+00 1.2705400000000000e+00 4.2530856303413322e-01 -4.2530856303413317e-01 0.0
    1.3470000000000000e+00 1.2705400000000000e+00 4.4304347615190331e-01 -4.2493863868429799e-01 0.0
    1.4094700000000000e+00 1.2705400000000000e+00 4.5805767910431572e-01 -4.2404583382787880e-01 0.0
    1.4564800000000000e+00 1.2705400000000000e+00 4.6966322900024265e-01 -4.2298940577418020e-01 0.0
    1.4869300000000001e+00 1.2705400000000000e+00 4.7731908515092314e-01 -4.2211642870101396e-01 0.0
    1.5000000000000000e+00 1.2705400000000000e+00 4.8063816223447708e-01 -4.2169421295826254e-01 0.0
    0.0000000000000000e+00 1.3470000000000000e+00 0.0000000000000000e+00 -0.0000000000000000e+00 0.0
    1.3070800000000000e-02 1.3470000000000000e+00 6.4869413002755522e-03 -1.1308715423675848e-02 0.0
    4.3517800000000002e-02 1.3470000000000000e+00 1.5448158970764680e-01 -2.6668755578514336e-01 0.0
    9.0528899999999995e-02 1.3470000000000000e+00 2.2795569462091653e-01 -3.8755722970948997e-01 0.0
    1.5299900000000000e-01 1.3470000000000000e+00 2.3503316538273838e-01 -3.9140839289679313e-01 0.0
    2.2946200000000000e-01 1.3470000000000000e+00 2.4409592192942856e-01 -3.9610059432987799e-01 0.0
    3.1812600000000002e-01 1.3470000000000000e+00 2.5518660655070363e-01 -4.0148992730878752e-01 0.0
    4.1691299999999998e-01 1.3470000000000000e+00 2.6832622270595663e-01 -4.0739217229551783e-01 0.0
    5.2350799999999997e-01 1.3470000000000000e+00 2.8349406929893523e-01 -4.1358214117871789e-01 0.0
    6.3541099999999995e-01 1.3470000000000000e+00 3.0060307625398308e-01 -4.1979772580334546e-01 0.0
    7.5000000000000000e-01 1.3470000000000000e+00 3.1947360568618838e-01 -4.2575161936976058e-01 0.0
    8.6458900000000005e-01 1.3470000000000000e+00 3.3980703267152040e-01 -4.3115180114039364e-01 0.0
    9.7649200000000003e-01 1.3470000000000000e+00 3.6116617957244540e-01 -4.3573182464702687e-01 0.0
    1.0830900000000001e+00 1.3470000000000000e+00 3.8296922244674297e-01 -4.3928807970593575e-01 0.0
    1.1818700000000000e+00 1.3470000000000000e+00 4.0449685706620980e-01 -4.4171676091109147e-01 0.0
    1.2705400000000000e+00 1.3470000000000000e+00 4.2493863868429804e-01 -4.4304347615190320e-01 0.0
    1.3470000000000000e+00 1.3470000000000000e+00 4.4342916141312499e-01 -4.4342916141312494e-01 0.0
    1.4094700000000000e+00 1.3470000000000000e+00 4.5913348028385292e-01 -4.4315098506079598e-01 0.0
    1.4564800000000000e+00 1.3470000000000000e+00 4.7130429006215874e-01 -4.4255214200628068e-01 0.0
    1.4869300000000001e+00 1.3470000000000000e+00 4.7934827202805497e-01 -4.4197198857414000e-01 0.0
    1.5000000000000000e+00 1.3470000000000000e+00 4.8283938794645120e-01 -4.4167437692958733e-01 0.0
    0.0000000000000000e+00 1.4094700000000000e+00 0.0000000000000000e+00 -0.0000000000000000e+00 0.0
    1.3070800000000000e-02 1.4094700000000000e+00 6.3689987503627761e-03 -1.1503545510879771e-02 0.0
    4.3517800000000002e-02 1.4094700000000000e+00 1.5171153311273464e-01 -2.7135127224508243e-01 0.0
    9.0528899999999995e-02 1.4094700000000000e+00 2.2395851136827546e-01 -3.9449382809440314e-01 0.0
    1.5299900000000000e-01 1.4094700000000000e+00 2.3104026776707023e-01 -3.9863544105340004e-01 0.0
    2.2946200000000000e-01 1.4094700000000000e+00 2.4012001862120588e-01 -4.0370170398623911e-01 0.0
    3.1812600000000002e-01 1.4094700000000000e+00 2.5124912048833037e-01 -4.0955154761838597e-01 0.0
    4.1691299999999998e-01 1.4094700000000000e+00 2.6445941537651058e-01 -4.1600240420807788e-01 0.0
    5.2350799999999997e-01 1.4094700000000000e+00 2.7974289249983958e-01 -4.2282835588275614e-01 0.0
    6.3541099999999995e-01 1.4094700000000000e+00 2.9702626809757815e-01 -4.2976274353183613e-01 0.0
    7.5000000000000000e-01 1.4094700000000000e+00 3.1614336094723750e-01 -4.3650842967478332e-01 0.0
    8.6458900000000005e-01 1.4094700000000000e+00 3.3680643462870441e-01 -4.4275703029038121e-01 0.0
    9.7649200000000003e-01 1.4094700000000000e+00 3.5858366206224568e-01 -4.4821867521250724e-01 0.0
    1.0830900000000001e+00 1.4094700000000000e+00 3.8088973790501041e-01 -4.5265993985912562e-01 0.0
    1.1818700000000000e+00 1.4094700000000000e+00 4.0299003500974445e-01 -4.5594271233783573e-01 0.0
    1.2705400000000000e+00 1.4094700000000000e+00 4.2404583382787886e-01 -4.5805767910431561e-01 0.0
    1.3470000000000000e+00 1.4094700000000000e+00 4.4315098506079592e-01 -4.5913348028385303e-01 0.0
    1.4094700000000000e+00 1.4094700000000000e+00 4.5942168922636506e-01 -4.5942168922636500e-01 0.0
    1.4564800000000000e+00 1.4094700000000000e+00 4.7205958224855038e-01 -4.5924783308314771e-01 0.0
    1.4869300000000001e+00 1.4094700000000000e+00 4.8042579507539435e-01 -4.5894129915392168e-01 0.0
    1.5000000000000000e+00 1.4094700000000000e+00 4.8406011599880611e-01 -4.5876054370203401e-01 0.0
    0.0000000000000000e+00 1.4564800000000000e+00 0.0000000000000000e+00 -0.0000000000000000e+00 0.0
    1.3070800000000000e-02 1.4564800000000000e+00 6.2749709104858165e-03 -1.1649893900134453e-02 0.0
    4.3517800000000002e-02 1.4564800000000000e+00 1.4950038145913219e-01 -2.7485602901025213e-01 0.0
    9.0528899999999995e-02 1.4564800000000000e+00 2.2076134356847027e-01 -3.9971032922971961e-01 0.0
    1.5299900000000000e-01 1.4564800000000000e+00 2.2783726868894577e-01 -4.0407566449902793e-01 0.0
    2.2946200000000000e-01 1.4564800000000000e+00 2.3691820838235403e-01 -4.0943065471264273e-01 0.0
    3.1812600000000002e-01 1.4564800000000000e+00 2.4806206983213891e-01 -4.1563688973520918e-01 0.0
    4.1691299999999998e-01 1.4564800000000000e+00 2.6130893942368444e-01 -4.2251368122606170e-01 0.0
    5.2350799999999997e-01 1.4564800000000000e+00 2.7666060002317749e-01 -4.2983528111939873e-01 0.0
    6.3541099999999995e-01 1.4564800000000000e+00 2.9405460753858548e-01 -4.3733234154809575e-01 0.0
    7.5000000000000000e-01 1.4564800000000000e+00 3.1333564594428231e-01 -4.4470096841998891e-01 0.0
    8.6458900000000005e-01 1.4564800000000000e+00 3.3422520038091680e-01 -4.5162084610064673e-01 0.0
    9.7649200000000003e-01 1.4564800000000000e+00 3.5629673039585807e-01 -4.5778439928548836e-01 0.0
    1.0830900000000001e+00 1.4564800000000000e+00 3.7896364965565338e-01 -4.6293503094193356e-01 0.0
    1.1818700000000000e+00 1.4564800000000000e+00 4.0148097261639648e-01 -4.6690727492047196e-01 0.0
    1.2705400000000000e+00 1.4564800000000000e+00 4.2298940577418026e-01 -4.6966322900024260e-01 0.0
    1.3470000000000000e+00 1.4564800000000000e+00 4.4255214200628051e-01 -4.7130429006215890e-01 0.0
    1.4094700000000000e+00 1.4564800000000000e+00 4.5924783308314754e-01 -4.7205958224855049e-01 0.0
    1.4564800000000000e+00 1.4564800000000000e+00 4.7223828849913330e-01 -4.7223828849913324e-01 0.0
    1.4869300000000001e+00 1.4564800000000000e+00 4.8084872442943571e-01 -4.7215978388431251e-01 0.0
    1.5000000000000000e+00 1.4564800000000000e+00 4.8459182859522643e-01 -4.7207667933470809e-01 0.0
    0.0000000000000000e+00 1.4869300000000001e+00 0.0000000000000000e+00 -0.0000000000000000e+00 0.0
    1.3070800000000000e-02 1.4869300000000001e+00 6.2116085871264520e-03 -1.1744480464710360e-02 0.0
    4.3517800000000002e-02 1.4869300000000001e+00 1.4800909909027102e-01 -2.7712190578498797e-01 0.0
    9.0528899999999995e-02 1.4869300000000001e+00 2.1860210734535573e-01 -4.0308455909896207e-01 0.0
    1.5299900000000000e-01 1.4869300000000001e+00 2.2566988470505159e-01 -4.0759703119706525e-01 0.0
    2.2946200000000000e-01 1.4869300000000001e+00 2.3474597531901739e-01 -4.1314218886263532e-01 0.0
    3.1812600000000002e-01 1.4869300000000001e+00 2.4589250891289643e-01 -4.1958359172298704e-01 0.0
    4.1691299999999998e-01 1.4869300000000001e+00 2.5915493211959645e-01 -4.2674207285804905e-01 0.0
    5.2350799999999997e-01 1.4869300000000001e+00 2.7454146160606885e-01 -4.3439234326440013e-01 0.0
    6.3541099999999995e-01 1.4869300000000001e+00 2.9199686779695921e-01 -4.4226367918003617e-01 0.0
    7.5000000000000000e-01 1.4869300000000001e+00 3.1137319775041949e-01 -4.5004814162517409e-01 0.0
    8.6458900000000005e-01 1.4869300000000001e+00 3.3239838059255683e-01 -4.5741790655306486e-01 0.0
    9.7649200000000003e-01 1.4869300000000001e+00 3.5464989754173371e-01 -4.6405394072157458e-01 0.0
    1.0830900000000001e+00 1.4869300000000001e+00 3.7754099060794205e-01 -4.6968433675546994e-01 0.0
    1.1818700000000000e+00 1.4869300000000001e+00 4.0032057147025918e-01 -4.7412521876061414e-01 0.0
    1.2705400000000000e+00 1.4869300000000001e+00 4.2211642870101390e-01 -4.7731908515092319e-01 0.0
    1.3470000000000000e+00 1.4869300000000001e+00 4.4197198857413983e-01 -4.7934827202805508e-01 0.0
    1.4094700000000000e+00 1.4869300000000001e+00 4.5894129915392173e-01 -4.8042579507539429e-01 0.0
    1.4564800000000000e+00 1.4869300000000001e+00 4.7215978388431268e-01 -4.8084872442943566e-01 0.0
    1.4869300000000001e+00 1.4869300000000001e+00 4.8092867372877629e-01 -4.8092867372877623e-01 0.0
    1.5000000000000000e+00 1.4869300000000001e+00 4.8474247961252709e-01 -4.8091355158614607e-01 0.0
    0.0000000000000000e+00 1.5000000000000000e+00 0.0000000000000000e+00 -0.0000000000000000e+00 0.0
    1.3070800000000000e-02 1.5000000000000000e+00 6.1838131916316756e-03 -1.1785015403322366e-02 0.0
    4.3517800000000002e-02 1.5000000000000000e+00 1.4735461131381489e-01 -2.7809311577603069e-01 0.0
    9.0528899999999995e-02 1.5000000000000000e+00 2.1765376540158471e-01 -4.0453124165542992e-01 0.0
    1.5299900000000000e-01 1.5000000000000000e+00 2.2471695728413918e-01 -4.0910738173978534e-01 0.0
    2.2946200000000000e-01 1.5000000000000000e+00 2.3378956416327970e-01 -4.1473489467711255e-01 0.0
    3.1812600000000002e-01 1.5000000000000000e+00 2.4493552038656735e-01 -4.2127824620732451e-01 0.0
    4.1691299999999998e-01 1.5000000000000000e+00 2.5820257478573477e-01 -4.2855899755932181e-01 0.0
    5.2350799999999997e-01 1.5000000000000000e+00 2.7360172360417040e-01 -4.3635214387526711e-01 0.0
    6.3541099999999995e-01 1.5000000000000000e+00 2.9108087699910928e-01 -4.4438646338404303e-01 0.0
    7.5000000000000000e-01 1.5000000000000000e+00 3.1049531831593047e-01 -4.5235236685212515e-01 0.0
    8.6458900000000005e-01 1.5000000000000000e+00 3.3157585557941605e-01 -4.5991886778091901e-01 0.0
    9.7649200000000003e-01 1.5000000000000000e+00 3.5390184288220183e-01 -4.6676202507078024e-01 0.0
    1.0830900000000001e+00 1.5000000000000000e+00 3.7688661398505652e-01 -4.7260329369418336e-01 0.0
    1.1818700000000000e+00 1.5000000000000000e+00 3.9977661846886559e-01 -4.7725073201060475e-01 0.0
    1.2705400000000000e+00 1.5000000000000000e+00 4.2169421295826265e-01 -4.8063816223447703e-01 0.0
    1.3470000000000000e+00 1.5000000000000000e+00 4.4167437692958716e-01 -4.8283938794645137e-01 0.0
    1.4094700000000000e+00 1.5000000000000000e+00 4.5876054370203384e-01 -4.8406011599880616e-01 0.0
    1.4564800000000000e+00 1.5000000000000000e+00 4.7207667933470820e-01 -4.8459182859522626e-01 0.0
    1.4869300000000001e+00 1.5000000000000000e+00 4.8091355158614613e-01 -4.8474247961252692e-01 0.0
    1.5000000000000000e+00 1.5000000000000000e+00 4.8475772215433394e-01 -4.8475772215433383e-01 0.0
    1.5000000000000000e+00 0.0000000000000000e+00 0.0000000000000000e+00 -0.0000000000000000e+00 0.0
    1.5287599999999999e+00 0.0000000000000000e+00 0.0000000000000000e+00 -0.0000000000000000e+00 0.0
    1.5957399999999999e+00 0.0000000000000000e+00 0.0000000000000000e+00 -0.0000000000000000e+00 0.0
    1.6991600000000000e+00 0.0000000000000000e+00 0.0000000000000000e+00 -0.0000000000000000e+00 0.0
    1.8366000000000000e+00 0.0000000000000000e+00 0.0000000000000000e+00 -0.0000000000000000e+00 0.0
    2.0048200000000000e+00 0.0000000000000000e+00 0.0000000000000000e+00 -0.0000000000000000e+00 0.0
    2.1998799999999998e+00 0.0000000000000000e+00 0.0000000000000000e+00 -0.0000000000000000e+00 0.0
    2.4172099999999999e+00 0.0000000000000000e+00 0.0000000000000000e+00 -0.0000000000000000e+00 0.0
    2.6517200000000001e+00 0.0000000000000000e+00 0.0000000000000000e+00 -0.0000000000000000e+00 0.0
    2.8978999999999999e+00 0.0000000000000000e+00 0.0000000000000000e+00 -0.0000000000000000e+00 0.0
    3.1499999999999999e+00 0.0000000000000000e+00 0.0000000000000000e+00 0.0000000000000000e+00 0.0
    3.4020999999999999e+00 0.0000000000000000e+00 0.0000000000000000e+00 0.0000000000000000e+00 0.0
    3.6482800000000002e+00 0.0000000000000000e+00 0.0000000000000000e+00 0.0000000000000000e+00 0.0
    3.8827900000000000e+00 0.0000000000000000e+00 0.0000000000000000e+00 0.0000000000000000e+00 0.0
    4.1001200000000004e+00 0.0000000000000000e+00 0.0000000000000000e+00 0.0000000000000000e+00 0.0
    4.2951800000000002e+00 0.0000000000000000e+00 0.0000000000000000e+00 0.0000000000000000e+00 0.0
    4.4634000000000000e+00 0.0000000000000000e+00 0.0000000000000000e+00 0.0000000000000000e+00 0.0
    4.6008399999999998e+00 0.0000000000000000e+00 0.0000000000000000e+00 0.0000000000000000e+00 0.0
    4.7042599999999997e+00 0.0000000000000000e+00 0.0000000000000000e+00 0.0000000000000000e+00 0.0
    4.7712399999999997e+00 0.0000000000000000e+00 0.0000000000000000e+00 0.0000000000000000e+00 0.0
    4.7999999999999998e+00 0.0000000000000000e+00 0.0000000000000000e+00 0.0000000000000000e+00 0.0
    1.5000000000000000e+00 1.3070800000000000e-02 1.1785015403322364e-02 -6.1838131916316800e-03 0.0
    1.5287599999999999e+00 1.3070800000000000e-02 1.1874050526302112e-02 -6.1213753061116179e-03 0.0
    1.5957399999999999e+00 1.3070800000000000e-02 1.2080350444058507e-02 -5.9690942445598258e-03 0.0
    1.6991600000000000e+00 1.3070800000000000e-02 1.2394921702251193e-02 -5.7147882094865350e-03 0.0
    1.8366000000000000e+00 1.3070800000000000e-02 1.2802243873490868e-02 -5.3401686119598033e-03 0.0
    2.0048200000000000e+00 1.3070800000000000e-02 1.3276848274861239e-02 -4.8242456824794224e-03 0.0
    2.1998799999999998e+00 1.3070800000000000e-02 1.3781119027811513e-02 -4.1482382979763609e-03 0.0
    2.4172099999999999e+00 1.3070800000000000e-02 1.4265007337338450e-02 -3.3029412457650635e-03 0.0
    2.6517200000000001e+00 1.3070800000000000e-02 1.4670091558053943e-02 -2.2970837399467242e-03 0.0
    2.8978999999999999e+00 1.3070800000000000e-02 1.4939132818949256e-02 -1.1636667695968923e-03 0.0
    3.1499999999999999e+00 1.3070800000000000e-02 1.5029666779466860e-02 4.0389558059173006e-05 0.0
    3.4020999999999999e+00 1.3070800000000000e-02 1.4926281789182151e-02 1.2428892117883458e-03 0.0
    3.6482800000000002e+00 1.3070800000000000e-02 1.4645617722739058e-02 2.3719665477030592e-03 0.0
    3.8827900000000000e+00 1.3070800000000000e-02 1.4230999813935394e-02 3.3715536577600949e-03 0.0
    4.1001200000000004e+00 1.3070800000000000e-02 1.3739991040913944e-02 4.2097059788907317e-03 0.0
    4.2951800000000002e+00 1.3070800000000000e-02 1.3230860236191013e-02 4.8786467427352591e-03 0.0
    4.4634000000000000e+00 1.3070800000000000e-02 1.2753221867108007e-02 5.3882642165340479e-03 0.0
    4.6008399999999998e+00 1.3070800000000000e-02 1.2344174346879722e-02 5.7577362416823454e-03 0.0
    4.7042599999999997e+00 1.3070800000000000e-02 1.2028719429680132e-02 6.0082326259996649e-03 0.0
    4.7712399999999997e+00 1.3070800000000000e-02 1.1822023848672890e-02 6.1580934050633751e-03 0.0
    4.7999999999999998e+00 1.3070800000000000e-02 1.1732859194365973e-02 6.2195058218967930e-03 0.0
    1.5000000000000000e+00 4.3517800000000002e-02 2.7809311577603069e-01 -1.4735461131381480e-01 0.0
    1.5287599999999999e+00 4.3517800000000002e-02 2.8022674339597842e-01 -1.4588377089548676e-01 0.0
    1.5957399999999999e+00 4.3517800000000002e-02 2.8517240269246336e-01 -1.4229304851105165e-01 0.0
    1.6991600000000000e+00 4.3517800000000002e-02 2.9271881166616970e-01 -1.3628694987083420e-01 0.0
    1.8366000000000000e+00 4.3517800000000002e-02 3.0249951238189893e-01 -1.2742095011534599e-01 0.0
    2.0048200000000000e+00 4.3517800000000002e-02 3.1390898553312618e-01 -1.1518222358529891e-01 0.0
    2.1998799999999998e+00 4.3517800000000002e-02 3.2604720613150590e-01 -9.9107605268434026e-02 0.0
    2.4172099999999999e+00 4.3517800000000002e-02 3.3770991494200314e-01 -7.8962328507270599e-02 0.0
    2.6517200000000001e+00 4.3517800000000002e-02 3.4748468323308668e-01 -5.4944845396475844e-02 0.0
    2.8978999999999999e+00 4.3517800000000002e-02 3.5398245680277274e-01 -2.7844041315705354e-02 0.0
    3.1499999999999999e+00 4.3517800000000002e-02 3.5617002892835609e-01 9.6655018217664014e-04 0.0
    3.4020999999999999e+00 4.3517800000000002e-02 3.5367197954901824e-01 2.9739161655568860e-02 0.0
    3.6482800000000002e+00 4.3517800000000002e-02 3.4689382914269212e-01 5.6734172697836052e-02 0.0
    3.8827900000000000e+00 4.3517800000000002e-02 3.3688977921519997e-01 8.0599024293326174e-02 0.0
    4.1001200000000004e+00 4.3517800000000002e-02 3.2505661939693709e-01 1.0057073297069981e-01 0.0
    4.2951800000000002e+00 4.3517800000000002e-02 3.1280281342685573e-01 1.1647406358584778e-01 0.0
    4.4634000000000000e+00 4.3517800000000002e-02 3.0132183362111808e-01 1.2856029377491740e-01 0.0
    4.6008399999999998e+00 4.3517800000000002e-02 2.9150098708992755e-01 1.3730205433675910e-01 0.0
    4.7042599999999997e+00 4.3517800000000002e-02 2.8393439393006403e-01 1.4321636076777366e-01 0.0
    4.7712399999999997e+00 4.3517800000000002e-02 2.7897992159268464e-01 1.4674883933112465e-01 0.0
    4.7999999999999998e+00 4.3517800000000002e-02 2.7684348119711705e-01 1.4819501939763829e-01 0.0
    1.5000000000000000e+00 9.0528899999999995e-02 4.0453124165542997e-01 -2.1765376540158465e-01 0.0
    1.5287599999999999e+00 9.0528899999999995e-02 4.0771027807488092e-01 -2.1552104537627800e-01 0.0
    1.5957399999999999e+00 9.0528899999999995e-02 4.1508367134900054e-01 -2.1030638709587426e-01 0.0
    1.6991600000000000e+00 9.0528899999999995e-02 4.2634666124230836e-01 -2.0156128996037129e-01 0.0
    1.8366000000000000e+00 9.0528899999999995e-02 4.4096627395534466e-01 -1.8860889003565465e-01 0.0
    2.0048200000000000e+00 9.0528899999999995e-02 4.5805187141982739e-01 -1.7066206523644303e-01 0.0
    2.1998799999999998e+00 9.0528899999999995e-02 4.7626598286953670e-01 -1.4699978065516453e-01 0.0
    2.4172099999999999e+00 9.0528899999999995e-02 4.9380281863548547e-01 -1.1723851908778717e-01 0.0
    2.6517200000000001e+00 9.0528899999999995e-02 5.0852827044918880e-01 -8.1648275286700184e-02 0.0
    2.8978999999999999e+00 9.0528899999999995e-02 5.1833089419705447e-01 -4.1399800609159244e-02 0.0
    3.1499999999999999e+00 9.0528899999999995e-02 5.2163359236591500e-01 1.4373853398051198e-03 0.0
    3.4020999999999999e+00 9.0528899999999995e-02 5.1786225164946187e-01 4.4216355959290708e-02 0.0
    3.6482800000000002e+00 9.0528899999999995e-02 5.0763745091622114e-01 8.4302883753429217e-02 0.0
    3.8827900000000000e+00 9.0528899999999995e-02 4.9256844339168221e-01 1.1966004405439451e-01 0.0
    4.1001200000000004e+00 9.0528899999999995e-02 4.7477810861625647e-01 1.4915709317779882e-01 0.0
    4.2951800000000002e+00 9.0528899999999995e-02 4.5639390484201858e-01 1.7255956483539336e-01 0.0
    4.4634000000000000e+00 9.0528899999999995e-02 4.3920463534138698e-01 1.9027590390027416e-01 0.0
    4.6008399999999998e+00 9.0528899999999995e-02 4.2452806490379313e-01 2.0304113654086856e-01 0.0
    4.7042599999999997e+00 9.0528899999999995e-02 4.1323735374450937e-01 2.1164832044356149e-01 0.0
    4.7712399999999997e+00 9.0528899999999995e-02 4.0585241107889486e-01 2.1677564225615598e-01 0.0
    4.7999999999999998e+00 9.0528899999999995e-02 4.0266987183792552e-01 2.1887142569484780e-01 0.0
    1.5000000000000000e+00 1.5299900000000000e-01 4.0910738173978539e-01 -2.2471695728413910e-01 0.0
    1.5287599999999999e+00 1.5299900000000000e-01 4.1242755831704159e-01 -2.2257178806996616e-01 0.0
    1.5957399999999999e+00 1.5299900000000000e-01 4.2013483357331294e-01 -2.1731510624226058e-01 0.0
    1.6991600000000000e+00 1.5299900000000000e-01 4.3192546577761465e-01 -2.0846708116583820e-01 0.0
    1.8366000000000000e+00 1.5299900000000000e-01 4.4726183994354135e-01 -1.9530035963781403e-01 0.0
    2.0048200000000000e+00 1.5299900000000000e-01 4.6523088210499691e-01 -1.7696007075005582e-01 0.0
    2.1998799999999998e+00 1.5299900000000000e-01 4.8444134887985946e-01 -1.5264857021104036e-01 0.0
    2.4172099999999999e+00 1.5299900000000000e-01 5.0299091985386868e-01 -1.2191617178121973e-01 0.0
    2.6517200000000001e+00 1.5299900000000000e-01 5.1860740284082008e-01 -8.5007068222802948e-02 0.0
    2.8978999999999999e+00 1.5299900000000000e-01 5.2902382304270446e-01 -4.3137085262374399e-02 0.0
    3.1499999999999999e+00 1.5299900000000000e-01 5.3253704595467399e-01 1.4981037707254502e-03 0.0
    3.4020999999999999e+00 1.5299900000000000e-01 5.2852545989514799e-01 4.6070085473860663e-02 0.0
    3.6482800000000002e+00 1.5299900000000000e-01 5.1766162296455687e-01 8.7764555667598290e-02 0.0
    3.8827900000000000e+00 1.5299900000000000e-01 5.0168354097570400e-01 1.2442190287803739e-01 0.0
    4.1001200000000004e+00 1.5299900000000000e-01 4.8286996681829708e-01 1.5487019033168836e-01 0.0
    4.2951800000000002e+00 1.5299900000000000e-01 4.6348502005650360e-01 1.7890369731115380e-01 0.0
    4.4634000000000000e+00 1.5299900000000000e-01 4.4541192131137258e-01 1.9699859466035907e-01 0.0
    4.6008399999999998e+00 1.5299900000000000e-01 4.3002022815829183e-01 2.0996694418090625e-01 0.0
    4.7042599999999997e+00 1.5299900000000000e-01 4.1820405472691541e-01 2.1866934625693263e-01 0.0
    4.7712399999999997e+00 1.5299900000000000e-01 4.1048700165233737e-01 2.2383406060408906e-01 0.0
    4.7999999999999998e+00 1.5299900000000000e-01 4.0716415833293185e-01 2.2594039526356599e-01 0.0
    1.5000000000000000e+00 2.2946200000000000e-01 4.1473489467711261e-01 -2.3378956416327962e-01 0.0
    1.5287599999999999e+00 2.2946200000000000e-01 4.1823778098387610e-01 -2.3163368350393718e-01 0.0
    1.5957399999999999e+00 2.2946200000000000e-01 4.2637804731045675e-01 -2.2633518693771781e-01 0.0
    1.6991600000000000e+00 2.2946200000000000e-01 4.3885508765177983e-01 -2.1737311402653373e-01 0.0
    1.8366000000000000e+00 2.2946200000000000e-01 4.5512790130920100e-01 -2.0395326937687278e-01 0.0
    2.0048200000000000e+00 2.2946200000000000e-01 4.7425714974436350e-01 -1.8512993499596375e-01 0.0
    2.1998799999999998e+00 2.2946200000000000e-01 4.9478357648877064e-01 -1.6000104740957211e-01 0.0
    2.4172099999999999e+00 2.2946200000000000e-01 5.1467838382367381e-01 -1.2802450774655916e-01 0.0
    2.6517200000000001e+00 2.2946200000000000e-01 5.3148448242286095e-01 -8.9405230986232820e-02 0.0
    2.8978999999999999e+00 2.2946200000000000e-01 5.4272353777384730e-01 -4.5416141931240210e-02 0.0
    3.1499999999999999e+00 2.2946200000000000e-01 5.4651949210836448e-01 1.5778065054949364e-03 0.0
    3.4020999999999999e+00 2.2946200000000000e-01 5.4218528388706655e-01 4.8501687035907300e-02 0.0
    3.6482800000000002e+00 2.2946200000000000e-01 5.3046516637526220e-01 9.2296678784794473e-02 0.0
    3.8827900000000000e+00 2.2946200000000000e-01 5.1327378438104454e-01 1.3063877010332237e-01 0.0
    4.1001200000000004e+00 2.2946200000000000e-01 4.9310160705355627e-01 1.6230431637296733e-01 0.0
    4.2951800000000002e+00 2.2946200000000000e-01 4.7239557102882512e-01 1.8713087359844779e-01 0.0
    4.4634000000000000e+00 2.2946200000000000e-01 4.5316240473521824e-01 2.0568905277568700e-01 0.0
    4.6008399999999998e+00 2.2946200000000000e-01 4.3683696301909791e-01 2.1889580342616896e-01 0.0
    4.7042599999999997e+00 2.2946200000000000e-01 4.2433763467718366e-01 2.2770220310877004e-01 0.0
    4.7712399999999997e+00 2.2946200000000000e-01 4.1619015646028673e-01 2.3290273162760827e-01 0.0
    4.7999999999999998e+00 2.2946200000000000e-01 4.1268580015058282e-01 2.3501732722233373e-01 0.0
    1.5000000000000000e+00 3.1812600000000002e-01 4.2127824620732446e-01 -2.4493552038656746e-01 0.0
    1.5287599999999999e+00 3.1812600000000002e-01 4.2500753537370772e-01 -2.4277461545399312e-01 0.0
    1.5957399999999999e+00 3.1812600000000002e-01 4.3368554823450789e-01 -2.3744355355126470e-01 0.0
    1.6991600000000000e+00 3.1812600000000002e-01 4.4701843473945735e-01 -2.2836961300923858e-01 0.0
    1.8366000000000000e+00 3.1812600000000002e-01 4.6446519758024557e-01 -2.1467357155421643e-01 0.0
    2.0048200000000000e+00 3.1812600000000002e-01 4.8505850262403027e-01 -1.9529228031545962e-01 0.0
    2.1998799999999998e+00 3.1812600000000002e-01 5.0725758675901744e-01 -1.6918594999981551e-01 0.0
    2.4172099999999999e+00 3.1812600000000002e-01 5.2887471931713059e-01 -1.3568698327228759e-01 0.0
    2.6517200000000001e+00 3.1812600000000002e-01 5.4721383802526635e-01 -9.4941831373737240e-02 0.0
    2.8978999999999999e+00 3.1812600000000002e-01 5.5951822743259327e-01 -4.8291868934080787e-02 0.0
    3.1499999999999999e+00 3.1812600000000002e-01 5.6368128787230154e-01 1.6784557544069663e-03 0.0
    3.4020999999999999e+00 3.1812600000000002e-01 5.5892821758635070e-01 5.1569550719532203e-02 0.0
    3.6482800000000002e+00 3.1812600000000002e-01 5.4609949617314835e-01 9.8000698623488730e-02 0.0
    3.8827900000000000e+00 3.1812600000000002e-01 5.2734524034168528e-01 1.3843510150415858e-01 0.0
    4.1001200000000004e+00 3.1812600000000002e-01 5.0543458074092362e-01 1.7158795441964500e-01 0.0
    4.2951800000000002e+00 3.1812600000000002e-01 4.8305044347786014e-01 1.9736053144648080e-01 0.0
    4.4634000000000000e+00 3.1812600000000002e-01 4.6235442546804900e-01 2.1645145886597303e-01 0.0
    4.6008399999999998e+00 3.1812600000000002e-01 4.4485928009973524e-01 2.2991584589325439e-01 0.0
    4.7042599999999997e+00 3.1812600000000002e-01 4.3150881887268061e-01 2.3882157066847393e-01 0.0
    4.7712399999999997e+00 3.1812600000000002e-01 4.2282720151942316e-01 2.4404723394558328e-01 0.0
    4.7999999999999998e+00 3.1812600000000002e-01 4.1909810404925701e-01 2.4616383329273603e-01 0.0
    1.5000000000000000e+00 4.1691299999999998e-01 4.2855899755932175e-01 -2.5820257478573488e-01 0.0
    1.5287599999999999e+00 4.1691299999999998e-01 4.3256014662011466e-01 -2.5604739558698308e-01 0.0
    1.5957399999999999e+00 4.1691299999999998e-01 4.4188565090814169e-01 -2.5070474069846166e-01 0.0
    1.6991600000000000e+00 4.1691299999999998e-01 4.5625402479114102e-01 -2.4153874486618437e-01 0.0
    1.8366000000000000e+00 4.1691299999999998e-01 4.7513059853525702e-01 -2.2756507898729300e-01 0.0
    2.0048200000000000e+00 4.1691299999999998e-01 4.9752145906078810e-01 -2.0757258141861015e-01 0.0
    2.1998799999999998e+00 4.1691299999999998e-01 5.2179254955596943e-01 -1.8034363996455113e-01 0.0
    2.4172099999999999e+00 4.1691299999999998e-01 5.4556238835575022e-01 -1.4504308058940027e-01 0.0
    2.6517200000000001e+00 4.1691299999999998e-01 5.6583307928293569e-01 -1.0173164822221202e-01 0.0
    2.8978999999999999e+00 4.1691299999999998e-01 5.7948798609902608e-01 -5.1828832380284393e-02 0.0
    3.1499999999999999e+00 4.1691299999999998e-01 5.8411794416637264e-01 1.8023703794148936e-03 0.0
    3.4020999999999999e+00 4.1691299999999998e-01 5.7883221340628022e-01 5.5342301885856308e-02 0.0
    3.6482800000000002e+00 4.1691299999999998e-01 5.6459859678621371e-01 1.0499398137158115e-01 0.0
    3.8827900000000000e+00 4.1691299999999998e-01 5.4387619505393436e-01 1.4795118832356755e-01 0.0
    4.1001200000000004e+00 4.1691299999999998e-01 5.1979410989153907e-01 1.8286071471835624e-01 0.0
    4.2951800000000002e+00 4.1691299999999998e-01 4.9533286072021815e-01 2.0971629440370179e-01 0.0
    4.4634000000000000e+00 4.1691299999999998e-01 4.7284231571166940e-01 2.2938713025505461e-01 0.0
    4.6008399999999998e+00 4.1691299999999998e-01 4.5392382819515531e-01 2.4310642937177634e-01 0.0
    4.7042599999999997e+00 4.1691299999999998e-01 4.3954455166918505e-01 2.5208905468244741e-01 0.0
    4.7712399999999997e+00 4.1691299999999998e-01 4.3022040354520208e-01 2.5731742008101777e-01 0.0
    4.7999999999999998e+00 4.1691299999999998e-01 4.2622170285689354e-01 2.5942470054637778e-01 0.0
    1.5000000000000000e+00 5.2350799999999997e-01 4.3635214387526705e-01 -2.7360172360417051e-01 0.0
    1.5287599999999999e+00 5.2350799999999997e-01 4.4067142405641851e-01 -2.7146916783137170e-01 0.0
    1.5957399999999999e+00 5.2350799999999997e-01 4.5075710337235314e-01 -2.6615031848461296e-01 0.0
    1.6991600000000000e+00 5.2350799999999997e-01 4.6634816276021007e-01 -2.5693432677380895e-01 0.0
    1.8366000000000000e+00 5.2350799999999997e-01 4.8692643196833524e-01 -2.4271003448497708e-01 0.0
    2.0048200000000000e+00 5.2350799999999997e-01 5.1147733522307193e-01 -2.2208351697693718e-01 0.0
    2.1998799999999998e+00 5.2350799999999997e-01 5.3826493779601259e-01 -1.9361134950743597e-01 0.0
    2.4172099999999999e+00 5.2350799999999997e-01 5.6467761139877559e-01 -1.5623737223581799e-01 0.0
    2.6517200000000001e+00 5.2350799999999997e-01 5.8734282395888038e-01 -1.0989835158505933e-01 0.0
    2.8978999999999999e+00 5.2350799999999997e-01 6.0268437733876801e-01 -5.6098168937897284e-02 0.0
    3.1499999999999999e+00 5.2350799999999997e-01 6.0789975471597113e-01 1.9521232109775523e-03 0.0
    3.4020999999999999e+00 5.2350799999999997e-01 6.0194624266899399e-01 5.9895472877197264e-02 0.0
    3.6482800000000002e+00 5.2350799999999997e-01 5.8595878819745950e-01 1.1340271335016583e-01 0.0
    3.8827900000000000e+00 5.2350799999999997e-01 5.6279808758378502e-01 1.5933191790031398e-01 0.0
    4.1001200000000004e+00 5.2350799999999997e-01 5.3605236847012094e-01 1.9625830416982318e-01 0.0
    4.2951800000000002e+00 5.2350799999999997e-01 5.0907079321816806e-01 2.2430811191619274e-01 0.0
    4.4634000000000000e+00 5.2350799999999997e-01 4.8442606941777994e-01 2.4457495538620919e-01 0.0
    4.6008399999999998e+00 5.2350799999999997e-01 4.6381542575300566e-01 2.5851777876096110e-01 0.0
    4.7042599999999997e+00 5.2350799999999997e-01 4.4822270304030809e-01 2.6753259525066225e-01 0.0
    4.7712399999999997e+00 5.2350799999999997e-01 4.3814506403826675e-01 2.7272683485373878e-01 0.0
    4.7999999999999998e+00 5.2350799999999997e-01 4.3383123589446410e-01 2.7480735113858795e-01 0.0
    1.5000000000000000e+00 6.3541099999999995e-01 4.4438646338404308e-01 -2.9108087699910923e-01 0.0
    1.5287599999999999e+00 6.3541099999999995e-01 4.4906925308054207e-01 -2.8899483565129674e-01 0.0
    1.5957399999999999e+00 6.3541099999999995e-01 4.6002685015576555e-01 -2.8375186851169948e-01 0.0
    1.6991600000000000e+00 6.3541099999999995e-01 4.7702973228345780e-01 -2.7455442489304932e-01 0.0
    1.8366000000000000e+00 6.3541099999999995e-01 4.9959115877939325e-01 -2.6014187402244549e-01 0.0
    2.0048200000000000e+00 6.3541099999999995e-01 5.2668789282799722e-01 -2.3889904097179099e-01 0.0
    2.1998799999999998e+00 6.3541099999999995e-01 5.5647885300716238e-01 -2.0910023684091400e-01 0.0
    2.4172099999999999e+00 6.3541099999999995e-01 5.8608602123532838e-01 -1.6940134674045490e-01 0.0
    2.6517200000000001e+00 6.3541099999999995e-01 6.1167917198946831e-01 -1.1956232250718307e-01 0.0
    2.8978999999999999e+00 6.3541099999999995e-01 6.2910138037761931e-01 -6.1171697008327489e-02 0.0
    3.1499999999999999e+00 6.3541099999999995e-01 6.3504236340005593e-01 2.1303408420588247e-03 0.0
    3.4020999999999999e+00 6.3541099999999995e-01 6.2826130153164861e-01 6.5305196165569346e-02 0.0
    3.6482800000000002e+00 6.3541099999999995e-01 6.1011136527830756e-01 1.2334928246113991e-01 0.0
    3.8827900000000000e+00 6.3541099999999995e-01 5.8397146723352322e-01 1.7270819187139755e-01 0.0
    4.1001200000000004e+00 6.3541099999999995e-01 5.5400923159342697e-01 2.1188926903417665e-01 0.0
    4.2951800000000002e+00 6.3541099999999995e-01 5.2402309800723446e-01 2.4120614490252182e-01 0.0
    4.4634000000000000e+00 6.3541099999999995e-01 4.9684252567831255e-01 2.6204409385485339e-01 0.0
    4.6008399999999998e+00 6.3541099999999995e-01 4.7426234545593737e-01 2.7614361796861719e-01 0.0
    4.7042599999999997e+00 6.3541099999999995e-01 4.5727029872552261e-01 2.8511954162544240e-01 0.0
    4.7712399999999997e+00 6.3541099999999995e-01 4.4632955608541064e-01 2.9022627935097306e-01 0.0
    4.7999999999999998e+00 6.3541099999999995e-01 4.4165613247274743e-01 2.9225566057064795e-01 0.0
    1.5000000000000000e+00 7.5000000000000000e-01 4.5235236685212510e-01 -3.1049531831593064e-01 0.0
    1.5287599999999999e+00 7.5000000000000000e-01 4.5744060497117656e-01 -3.0848695895932715e-01 0.0
    1.5957399999999999e+00 7.5000000000000000e-01 4.6937495541915575e-01 -3.0338967602789152e-01 0.0
    1.6991600000000000e+00 7.5000000000000000e-01 4.8797156080359155e-01 -2.9430852794675172e-01 0.0
    1.8366000000000000e+00 7.5000000000000000e-01 5.1279548299620326e-01 -2.7981116980753845e-01 0.0
    2.0048200000000000e+00 7.5000000000000000e-01 5.4283450886720730e-01 -2.5802028793609466e-01 0.0
    2.1998799999999998e+00 7.5000000000000000e-01 5.7614712041792238e-01 -2.2686348062346107e-01 0.0
    2.4172099999999999e+00 7.5000000000000000e-01 6.0955577811769956e-01 -1.8462660495344776e-01 0.0
    2.6517200000000001e+00 7.5000000000000000e-01 6.3868045480393443e-01 -1.3082164670522656e-01 0.0
    2.8978999999999999e+00 7.5000000000000000e-01 6.5863835528303405e-01 -6.7112318778041191e-02 0.0
    3.1499999999999999e+00 7.5000000000000000e-01 6.6546857827956862e-01 2.3393719889155664e-03 0.0
    3.4020999999999999e+00 7.5000000000000000e-01 6.5767354521339572e-01 7.1637947963491863e-02 0.0
    3.6482800000000002e+00 7.5000000000000000e-01 6.3688971326758481e-01 1.3493266016147437e-01 0.0
    3.8827900000000000e+00 7.5000000000000000e-01 6.0715966404610044e-01 1.8816964133201886e-01 0.0
    4.1001200000000004e+00 7.5000000000000000e-01 5.7337404629892874e-01 2.2980280620717372e-01 0.0
    4.2951800000000002e+00 7.5000000000000000e-01 5.3986939413958146e-01 2.6040659593880261e-01 0.0
    4.4634000000000000e+00 7.5000000000000000e-01 5.0976214798244091e-01 2.8174001584828789e-01 0.0
    4.6008399999999998e+00 7.5000000000000000e-01 4.8493828364552760e-01 2.9588855883140364e-01 0.0
    4.7042599999999997e+00 7.5000000000000000e-01 4.6636898408704869e-01 3.0472563198311808e-01 0.0
    4.7712399999999997e+00 7.5000000000000000e-01 4.5446282927031001e-01 3.0967403359881107e-01 0.0
    4.7999999999999998e+00 7.5000000000000000e-01 4.4938893613406583e-01 3.1162075697194835e-01 0.0
    1.5000000000000000e+00 8.6458900000000005e-01 4.5991886778091895e-01 -3.3157585557941616e-01 0.0
    1.5287599999999999e+00 8.6458900000000005e-01 4.6544767468780640e-01 -3.2968291776363229e-01 0.0
    1.5957399999999999e+00 8.6458900000000005e-01 4.7844858566304327e-01 -3.2481766754632579e-01 0.0
    1.6991600000000000e+00 8.6458900000000005e-01 4.9880048158508516e-01 -3.1597933588307625e-01 0.0
    1.8366000000000000e+00 8.6458900000000005e-01 5.2614614331108200e-01 -3.0154402723644458e-01 0.0
    2.0048200000000000e+00 8.6458900000000005e-01 5.5951291546749926e-01 -2.7933155953922539e-01 0.0
    2.1998799999999998e+00 8.6458900000000005e-01 5.9687442419523407e-01 -2.4685256740041867e-01 0.0
    2.4172099999999999e+00 8.6458900000000005e-01 6.3472794233838004e-01 -2.0192585569803242e-01 0.0
    2.6517200000000001e+00 8.6458900000000005e-01 6.6804614759113290e-01 -1.4372288710427467e-01 0.0
    2.8978999999999999e+00 8.6458900000000005e-01 6.9105126326007449e-01 -7.3958649932304721e-02 0.0
    3.1499999999999999e+00 8.6458900000000005e-01 6.9895703995137515e-01 2.5807485866170847e-03 0.0
    3.4020999999999999e+00 8.6458900000000005e-01 6.8993587283588209e-01 7.8934156799585403e-02 0.0
    3.6482800000000002e+00 8.6458900000000005e-01 6.6598892161699641e-01 1.4819833903239898e-01 0.0
    3.8827900000000000e+00 8.6458900000000005e-01 6.3200009932928525e-01 2.0572509658267027e-01 0.0
    4.1001200000000004e+00 8.6458900000000005e-01 5.9374978433044179e-01 2.4994488010971830e-01 0.0
    4.2951800000000002e+00 8.6458900000000005e-01 5.5620576139485378e-01 2.8178783434712468e-01 0.0
    4.4634000000000000e+00 8.6458900000000005e-01 5.2279364339205059e-01 3.0348325414530114e-01 0.0
    4.6008399999999998e+00 8.6458900000000005e-01 4.9547310813294171e-01 3.1753037247908866e-01 0.0
    4.7042599999999997e+00 8.6458900000000005e-01 4.7516957638073454e-01 3.2610047851575080e-01 0.0
    4.7712399999999997e+00 8.6458900000000005e-01 4.6221104088908155e-01 3.3080359580401847e-01 0.0
    4.7999999999999998e+00 8.6458900000000005e-01 4.5670273583233129e-01 3.3262975710904386e-01 0.0
    1.5000000000000000e+00 9.7649200000000003e-01 4.6676202507078018e-01 -3.5390184288220194e-01 0.0
    1.5287599999999999e+00 9.7649200000000003e-01 4.7275575691344152e-01 -3.5216650120092680e-01 0.0
    1.5957399999999999e+00 9.7649200000000003e-01 4.8688827074656255e-01 -3.4763165587123779e-01 0.0
    1.6991600000000000e+00 9.7649200000000003e-01 5.0912024600156158e-01 -3.3918592478308718e-01 0.0
    1.8366000000000000e+00 9.7649200000000003e-01 5.3920269873923921e-01 -3.2499900615882144e-01 0.0
    2.0048200000000000e+00 9.7649200000000003e-01 5.7623994984507054e-01 -3.0255120740171326e-01 0.0
    2.1998799999999998e+00 9.7649200000000003e-01 6.1814958725992142e-01 -2.6886476948256754e-01 0.0
    2.4172099999999999e+00 9.7649200000000003e-01 6.6109097868712585e-01 -2.2118271342796628e-01 0.0
    2.6517200000000001e+00 9.7649200000000003e-01 6.9929367211909488e-01 -1.5822121074673839e-01 0.0
    2.8978999999999999e+00 9.7649200000000003e-01 7.2589648884802682e-01 -8.1703195325165012e-02 0.0
    3.1499999999999999e+00 9.7649200000000003e-01 7.3508149852853855e-01 2.8544099266777636e-03 0.0
    3.4020999999999999e+00 9.7649200000000003e-01 7.2460238832339396e-01 8.7184974551483163e-02 0.0
    3.6482800000000002e+00 9.7649200000000003e-01 6.9692372305084871e-01 1.6309746676094264e-01 0.0
    3.8827900000000000e+00 9.7649200000000003e-01 6.5798016302980777e-01 2.2525195307647294e-01 0.0
    4.1001200000000004e+00 9.7649200000000003e-01 6.1462665618890289e-01 2.7210580571066023e-01 0.0
    4.2951800000000002e+00 9.7649200000000003e-01 5.7255260947913322e-01 3.0506177361969955e-01 0.0
    4.4634000000000000e+00 9.7649200000000003e-01 5.3550160100612587e-01 3.2692704103650977e-01 0.0
    4.6008399999999998e+00 9.7649200000000003e-01 5.0547638776531034e-01 3.4068396603019857e-01 0.0
    4.7042599999999997e+00 9.7649200000000003e-01 4.8331877099667991e-01 3.4883665112352752e-01 0.0
    4.7712399999999997e+00 9.7649200000000003e-01 4.6924577227619541e-01 3.5319610953708269e-01 0.0
    4.7999999999999998e+00 9.7649200000000003e-01 4.6327990586940604e-01 3.5485962191373388e-01 0.0
    1.5000000000000000e+00 1.0830900000000001e+00 4.7260329369418341e-01 -3.7688661398505641e-01 0.0
    1.5287599999999999e+00 1.0830900000000001e+00 4.7907157312209864e-01 -3.7535160578516447e-01 0.0
    1.5957399999999999e+00 1.0830900000000001e+00 4.9436584480272466e-01 -3.7124885493819765e-01 0.0
    1.6991600000000000e+00 1.0830900000000001e+00 5.1854785093700295e-01 -3.6335651612397546e-01 0.0
    1.8366000000000000e+00 1.0830900000000001e+00 5.5150953093653377e-01 -3.4963077895567807e-01 0.0
    2.0048200000000000e+00 1.0830900000000001e+00 5.9247653061721517e-01 -3.2718496462702151e-01 0.0
    2.1998799999999998e+00 1.0830900000000001e+00 6.3935306761959265e-01 -2.9248778127094005e-01 0.0
    2.4172099999999999e+00 1.0830900000000001e+00 6.8796646590274546e-01 -2.4209391874348848e-01 0.0
    2.6517200000000001e+00 1.0830900000000001e+00 7.3171987907858049e-01 -1.7413121048133301e-01 0.0
    2.8978999999999999e+00 1.0830900000000001e+00 7.6247300855194267e-01 -9.0264188108082413e-02 0.0
    3.1499999999999999e+00 1.0830900000000001e+00 7.7314589824885738e-01 3.1576861855743886e-03 0.0
    3.4020999999999999e+00 1.0830900000000001e+00 7.6097155081743972e-01 9.6302367670697761e-02 0.0
    3.6482800000000002e+00 1.0830900000000001e+00 7.2899160368177651e-01 1.7943665050938851e-01 0.0
    3.8827900000000000e+00 1.0830900000000001e+00 6.8442470003214329e-01 2.4643824024067407e-01 0.0
    4.1001200000000004e+00 1.0830900000000001e+00 6.3539112910706952e-01 2.9586543007534588e-01 0.0
    4.2951800000000002e+00 1.0830900000000001e+00 5.8837874482452845e-01 3.2972815154871943e-01 0.0
    4.4634000000000000e+00 1.0830900000000001e+00 5.4743916672947313e-01 3.5152206922532175e-01 0.0
    4.6008399999999998e+00 1.0830900000000001e+00 5.1457407267119737e-01 3.6477526456789844e-01 0.0
    4.7042599999999997e+00 1.0830900000000001e+00 4.9049722497136777e-01 3.7235025936494032e-01 0.0
    4.7712399999999997e+00 1.0830900000000001e+00 4.7528237951122076e-01 3.7626508142473170e-01 0.0
    4.7999999999999998e+00 1.0830900000000001e+00 4.6885043354379052e-01 3.7772358563671671e-01 0.0
    1.5000000000000000e+00 1.1818700000000000e+00 4.7725073201060464e-01 -3.9977661846886575e-01 0.0
    1.5287599999999999e+00 1.1818700000000000e+00 4.8418509327002340e-01 -3.9847961515210029e-01 0.0
    1.5957399999999999e+00 1.1818700000000000e+00 5.0062740169274078e-01 -3.9490087842219618e-01 0.0
    1.6991600000000000e+00 1.1818700000000000e+00 5.2675725623366554e-01 -3.8771397856476886e-01 0.0
    1.8366000000000000e+00 1.1818700000000000e+00 5.6263821592478624e-01 -3.7466461749867785e-01 0.0
    2.0048200000000000e+00 1.1818700000000000e+00 6.0766380450618840e-01 -3.5248640631551376e-01 0.0
    2.1998799999999998e+00 1.1818700000000000e+00 6.5977872894619150e-01 -3.1704587201657841e-01 0.0
    2.4172099999999999e+00 1.1818700000000000e+00 7.1450670605173894e-01 -2.6410689430434042e-01 0.0
    2.6517200000000001e+00 1.1818700000000000e+00 7.6436823264969256e-01 -1.9106943207598556e-01 0.0
    2.8978999999999999e+00 1.1818700000000000e+00 7.9976314344339339e-01 -9.9451012780827172e-02 0.0
    3.1499999999999999e+00 1.1818700000000000e+00 8.1211498808701543e-01 3.4840297514862309e-03 0.0
    3.4020999999999999e+00 1.1818700000000000e+00 7.9802831425236986e-01 1.0608247964337264e-01 0.0
    3.6482800000000002e+00 1.1818700000000000e+00 7.6124213103753968e-01 1.9681956252560570e-01 0.0
    3.8827900000000000e+00 1.1818700000000000e+00 7.1049571681648105e-01 2.6872044315839427e-01 0.0
    4.1001200000000004e+00 1.1818700000000000e+00 6.5534923861425443e-01 3.2054034049675217e-01 0.0
    4.2951800000000002e+00 1.1818700000000000e+00 6.0313839083076470e-01 3.5503636931587079e-01 0.0
    4.4634000000000000e+00 1.1818700000000000e+00 5.5819074558888448e-01 3.7649237093118687e-01 0.0
    4.6008399999999998e+00 1.1818700000000000e+00 5.2245218063097398e-01 3.8902798659567706e-01 0.0
    4.7042599999999997e+00 1.1818700000000000e+00 4.9646227012046013e-01 3.9587508815128353e-01 0.0
    4.7712399999999997e+00 1.1818700000000000e+00 4.8012146441156317e-01 3.9925479710082656e-01 0.0
    4.7999999999999998e+00 1.1818700000000000e+00 4.7323273586666553e-01 4.0047128316115033e-01 0.0
    1.5000000000000000e+00 1.2705400000000000e+00 4.8063816223447708e-01 -4.2169421295826254e-01 0.0
    1.5287599999999999e+00 1.2705400000000000e+00 4.8801048693083260e-01 -4.2066119684350700e-01 0.0
    1.5957399999999999e+00 1.2705400000000000e+00 5.0553833545813753e-01 -4.1767278748674974e-01 0.0
    1.6991600000000000e+00 1.2705400000000000e+00 5.3353031738401591e-01 -4.1130940382587039e-01 0.0
    1.8366000000000000e+00 1.2705400000000000e+00 5.7224483805695503e-01 -3.9912041400130988e-01 0.0
    2.0048200000000000e+00 1.2705400000000000e+00 6.2128454188668936e-01 -3.7746627598096977e-01 0.0
    2.1998799999999998e+00 1.2705400000000000e+00 6.7869257736692346e-01 -3.4159027367704653e-01 0.0
    2.4172099999999999e+00 1.2705400000000000e+00 7.3973973181576425e-01 -2.8639206324333905e-01 0.0
    2.6517200000000001e+00 1.2705400000000000e+00 7.9604957201347148e-01 -2.0841899637782893e-01 0.0
    2.8978999999999999e+00 1.2705400000000000e+00 8.3642845712379565e-01 -1.0893946242690936e-01 0.0
    3.1499999999999999e+00 1.2705400000000000e+00 8.5059995207771022e-01 3.8220669204055112e-03 0.0
    3.4020999999999999e+00 1.2705400000000000e+00 8.3444140032399949e-01 1.1617958186059686e-01 0.0
    3.6482800000000002e+00 1.2705400000000000e+00 7.9249959606143239e-01 2.1461155387001926e-01 0.0
    3.8827900000000000e+00 1.2705400000000000e+00 7.3523882826618314e-01 2.9125693894455207e-01 0.0
    4.1001200000000004e+00 1.2705400000000000e+00 6.7378591381566699e-01 3.4517586812920420e-01 0.0
    4.2951800000000002e+00 1.2705400000000000e+00 6.1633241114490367e-01 3.7999639898703319e-01 0.0
    4.4634000000000000e+00 1.2705400000000000e+00 5.6742865536736176e-01 4.0086064055398835e-01 0.0
    4.6008399999999998e+00 1.2705400000000000e+00 5.2890682034857417e-01 4.1249821196166431e-01 0.0
    4.7042599999999997e+00 1.2705400000000000e+00 5.0109194113221767e-01 4.1850239353461532e-01 0.0
    4.7712399999999997e+00 1.2705400000000000e+00 4.8368878041097130e-01 4.2128271268732642e-01 0.0
    4.7999999999999998e+00 1.2705400000000000e+00 4.7637176781759094e-01 4.2223207233392623e-01 0.0
    1.5000000000000000e+00 1.3470000000000000e+00 4.8283938794645120e-01 -4.4167437692958733e-01 0.0
    1.5287599999999999e+00 1.3470000000000000e+00 4.9060202353190074e-01 -4.4091285110673550e-01 0.0
    1.5957399999999999e+00 1.3470000000000000e+00 5.0910325758791963e-01 -4.3853886291088406e-01 0.0
    1.6991600000000000e+00 1.3470000000000000e+00 5.3878301507160631e-01 -4.3305549734880877e-01 0.0
    1.8366000000000000e+00 1.3470000000000000e+00 5.8010421667934775e-01 -4.2184043246175712e-01 0.0
    2.0048200000000000e+00 1.3470000000000000e+00 6.3290496203700652e-01 -4.0090939396512804e-01 0.0
    2.1998799999999998e+00 1.3470000000000000e+00 6.9537736514951687e-01 -3.6489933382448481e-01 0.0
    2.4172099999999999e+00 1.3470000000000000e+00 7.6260599649493166e-01 -3.0782392554625854e-01 0.0
    2.6517200000000001e+00 1.3470000000000000e+00 8.2535805388634376e-01 -2.2529922832918831e-01 0.0
    2.8978999999999999e+00 1.3470000000000000e+00 8.7080104054177920e-01 -1.1824845927787107e-01 0.0
    3.1499999999999999e+00 1.3470000000000000e+00 8.8683885888309288e-01 4.1546818336452834e-03 0.0
    3.4020999999999999e+00 1.3470000000000000e+00 8.6855600856971227e-01 1.2608166011853963e-01 0.0
    3.6482800000000002e+00 1.3470000000000000e+00 8.2138070888297987e-01 2.3190957064487278e-01 0.0
    3.8827900000000000e+00 1.3470000000000000e+00 7.5762100213192285e-01 3.1291038400360077e-01 0.0
    4.1001200000000004e+00 1.3470000000000000e+00 6.9000967906569355e-01 3.6854778456224452e-01 0.0
    4.2951800000000002e+00 1.3470000000000000e+00 6.2754954628752213e-01 4.0339695718392721e-01 0.0
    4.4634000000000000e+00 1.3470000000000000e+00 5.7494643051847305e-01 4.2347683421719634e-01 0.0
    4.6008399999999998e+00 1.3470000000000000e+00 5.3386939741083006e-01 4.3410826403585850e-01 0.0
    4.7042599999999997e+00 1.3470000000000000e+00 5.0440387421331689e-01 4.3921692316039163e-01 0.0
    4.7712399999999997e+00 1.3470000000000000e+00 4.8605014526496715e-01 4.4137611277350330e-01 0.0
    4.7999999999999998e+00 1.3470000000000000e+00 4.7835227097172067e-01 4.4205180421564350e-01 0.0
    1.5000000000000000e+00 1.4094700000000000e+00 4.8406011599880611e-01 -4.5876054370203401e-01 0.0
    1.5287599999999999e+00 1.4094700000000000e+00 4.9214846443326365e-01 -4.5825456540678766e-01 0.0
    1.5957399999999999e+00 1.4094700000000000e+00 5.1146664315871027e-01 -4.5646424975214300e-01 0.0
    1.6991600000000000e+00 1.4094700000000000e+00 5.4257711566937805e-01 -4.5183344673085840e-01 0.0
    1.8366000000000000e+00 1.4094700000000000e+00 5.8613853423280005e-01 -4.4160064506658259e-01 0.0
    2.0048200000000000e+00 1.4094700000000000e+00 6.4222672371398370e-01 -4.2148618945060029e-01 0.0
    2.1998799999999998e+00 1.4094700000000000e+00 7.0921225562518730e-01 -3.8558132925462330e-01 0.0
    2.4172099999999999e+00 1.4094700000000000e+00 7.8206387412829526e-01 -3.2706315759087806e-01 0.0
    2.6517200000000001e+00 1.4094700000000000e+00 8.5079264127369936e-01 -2.4061809247263574e-01 0.0
    2.8978999999999999e+00 1.4094700000000000e+00 9.0100905067528603e-01 -1.2676312847270213e-01 0.0
    3.1499999999999999e+00 1.4094700000000000e+00 9.1882173174470039e-01 4.4597607288341806e-03 0.0
    3.4020999999999999e+00 1.4094700000000000e+00 8.9851933595630129e-01 1.3513528468848865e-01 0.0
    3.6482800000000002e+00 1.4094700000000000e+00 8.4641539587139414e-01 2.4759676804988404e-01 0.0
    3.8827900000000000e+00 1.4094700000000000e+00 7.7663439038613558e-01 3.3233174803880655e-01 0.0
    4.1001200000000004e+00 1.4094700000000000e+00 7.0343002045463443e-01 3.8926626211733517e-01 0.0
    4.2951800000000002e+00 1.4094700000000000e+00 6.3651599396081282e-01 4.2391732184734959e-01 0.0
    4.4634000000000000e+00 1.4094700000000000e+00 5.8068524867646532e-01 4.4312914334435149e-01 0.0
    4.6008399999999998e+00 1.4094700000000000e+00 5.3741637485257387e-01 4.5275282168714931e-01 0.0
    4.7042599999999997e+00 1.4094700000000000e+00 5.0655431731398159e-01 4.5699759725972433e-01 0.0
    4.7712399999999997e+00 1.4094700000000000e+00 4.8740437326386227e-01 4.5856870578536468e-01 0.0
    4.7999999999999998e+00 1.4094700000000000e+00 4.7938931084148906e-01 4.5898756259689871e-01 0.0
    1.5000000000000000e+00 1.4564800000000000e+00 4.8459182859522643e-01 -4.7207667933470809e-01 0.0
    1.5287599999999999e+00 1.4564800000000000e+00 4.9292813780423217e-01 -4.7178483576766517e-01 0.0
    1.5957399999999999e+00 1.4564800000000000e+00 5.1287131993721768e-01 -4.7048693699266736e-01 0.0
    1.6991600000000000e+00 1.4564800000000000e+00 5.4508577456614449e-01 -4.6658573156313637e-01 0.0
    1.8366000000000000e+00 1.4564800000000000e+00 5.9039622612320974e-01 -4.5721734755039140e-01 0.0
    2.0048200000000000e+00 1.4564800000000000e+00 6.4908835562225931e-01 -4.3787333200725576e-01 0.0
    2.1998799999999998e+00 1.4564800000000000e+00 7.1970813150698387e-01 -4.0220352798833120e-01 0.0
    2.4172099999999999e+00 1.4564800000000000e+00 7.9716799225962409e-01 -3.4268015515741546e-01 0.0
    2.6517200000000001e+00 1.4564800000000000e+00 8.7087856016311260e-01 -2.5316977491845133e-01 0.0
    2.8978999999999999e+00 1.4564800000000000e+00 9.2512888192342591e-01 -1.3378756112726861e-01 0.0
    3.1499999999999999e+00 1.4564800000000000e+00 9.4445306766100445e-01 4.7120553578975065e-03 0.0
    3.4020999999999999e+00 1.4564800000000000e+00 9.2243127314801754e-01 1.4260181519714293e-01 0.0
    3.6482800000000002e+00 1.4564800000000000e+00 8.6616551279423437e-01 2.6044259076377591e-01 0.0
    3.8827900000000000e+00 1.4564800000000000e+00 7.9137130927332866e-01 3.4808492667182184e-01 0.0
    4.1001200000000004e+00 1.4564800000000000e+00 7.1358951558891504e-01 4.0590465174329698e-01 0.0
    4.2951800000000002e+00 1.4564800000000000e+00 6.4309428186122908e-01 4.4024678381203669e-01 0.0
    4.4634000000000000e+00 1.4564800000000000e+00 5.8471094855536387e-01 4.5864899636265005e-01 0.0
    4.6008399999999998e+00 1.4564800000000000e+00 5.3973355831511005e-01 4.6738997601260035e-01 0.0
    4.7042599999999997e+00 1.4564800000000000e+00 5.0779567835664408e-01 4.7089773109573557e-01 0.0
    4.7712399999999997e+00 1.4564800000000000e+00 4.8803762849216892e-01 4.7197392086891310e-01 0.0
    4.7999999999999998e+00 1.4564800000000000e+00 4.7978151484175874e-01 4.7217803936749803e-01 0.0
    1.5000000000000000e+00 1.4869300000000001e+00 4.8474247961252709e-01 -4.8091355158614607e-01 0.0
    1.5287599999999999e+00 1.4869300000000001e+00 4.9324021397995876e-01 -4.8077106317993301e-01 0.0
    1.5957399999999999e+00 1.4869300000000001e+00 5.1359181004131360e-01 -4.7981820384469409e-01 0.0
    1.6991600000000000e+00 1.4869300000000001e+00 5.4653236984379472e-01 -4.7643314774537665e-01 0.0
    1.8366000000000000e+00 1.4869300000000001e+00 5.9300342521369320e-01 -4.6768754451461914e-01 0.0
    2.0048200000000000e+00 1.4869300000000001e+00 6.5344230420326821e-01 -4.4892252841111702e-01 0.0
    2.1998799999999998e+00 1.4869300000000001e+00 7.2653039508015504e-01 -4.1348782773348880e-01 0.0
    2.4172099999999999e+00 1.4869300000000001e+00 8.0716181773119444e-01 -3.5336146503094690e-01 0.0
    2.6517200000000001e+00 1.4869300000000001e+00 8.8434527929135198e-01 -2.6181564424397757e-01 0.0
    2.8978999999999999e+00 1.4869300000000001e+00 9.4143727245305275e-01 -1.3865143243227948e-01 0.0
    3.1499999999999999e+00 1.4869300000000001e+00 9.6183251621743016e-01 4.8870741929766493e-03 0.0
    3.4020999999999999e+00 1.4869300000000001e+00 9.3859261025384133e-01 1.4777046531327231e-01 0.0
    3.6482800000000002e+00 1.4869300000000001e+00 8.7939682517117290e-01 2.6928706151725706e-01 0.0
    3.8827900000000000e+00 1.4869300000000001e+00 8.0111088792245455e-01 3.5885336689036801e-01 0.0
    4.1001200000000004e+00 1.4869300000000001e+00 7.2018200142911792e-01 4.1719328182370402e-01 0.0
    4.2951800000000002e+00 1.4869300000000001e+00 6.4725719705749851e-01 4.5125071915932319e-01 0.0
    4.4634000000000000e+00 1.4869300000000001e+00 5.8716356236645628e-01 4.6904854508958821e-01 0.0
    4.6008399999999998e+00 1.4869300000000001e+00 5.4105382502759758e-01 4.7715548345986092e-01 0.0
    4.7042599999999997e+00 1.4869300000000001e+00 5.0840924765803985e-01 4.8014290296852047e-01 0.0
    4.7712399999999997e+00 1.4869300000000001e+00 4.8825434068374240e-01 4.8087287698328823e-01 0.0
    4.7999999999999998e+00 1.4869300000000001e+00 4.7984150813861159e-01 4.8092744492854567e-01 0.0
    1.5000000000000000e+00 1.5000000000000000e+00 4.8475772215433394e-01 -4.8475772215433383e-01 0.0
    1.5287599999999999e+00 1.5000000000000000e+00 4.9332485279754457e-01 -4.8468201272669553e-01 0.0
    1.5957399999999999e+00 1.5000000000000000e+00 5.1385241460930309e-01 -4.8388381669488506e-01 0.0
    1.6991600000000000e+00 1.5000000000000000e+00 5.4710701605296963e-01 -4.8073133321908612e-01 0.0
    1.8366000000000000e+00 1.5000000000000000e+00 5.9408265150897976e-01 -4.7226910655881382e-01 0.0
    2.0048200000000000e+00 1.5000000000000000e+00 6.5528578118369563e-01 -4.5377332476902715e-01 0.0
    2.1998799999999998e+00 1.5000000000000000e+00 7.2946169076467349e-01 -4.1846148799454447e-01 0.0
    2.4172099999999999e+00 1.5000000000000000e+00 8.1150174452994672e-01 -3.5808992310600357e-01 0.0
    2.6517200000000001e+00 1.5000000000000000e+00 8.9023932753372181e-01 -2.6565902372630390e-01 0.0
    2.8978999999999999e+00 1.5000000000000000e+00 9.4861083029857918e-01 -1.4082025157334993e-01 0.0
    3.1499999999999999e+00 1.5000000000000000e+00 9.6949001524172229e-01 4.9652015568843735e-03 0.0
    3.4020999999999999e+00 1.5000000000000000e+00 9.4569979400058068e-01 1.5007483330108295e-01 0.0
    3.6482800000000002e+00 1.5000000000000000e+00 8.8518518170357097e-01 2.7321767663751678e-01 0.0
    3.8827900000000000e+00 1.5000000000000000e+00 8.0533749355463291e-01 3.6361883801199080e-01 0.0
    4.1001200000000004e+00 1.5000000000000000e+00 7.2301169141246724e-01 4.2216714145111162e-01 0.0
    4.2951800000000002e+00 1.5000000000000000e+00 6.4901684469796872e-01 4.5608002570760925e-01 0.0
    4.4634000000000000e+00 1.5000000000000000e+00 5.8817541779336313e-01 4.7359775064602194e-01 0.0
    4.6008399999999998e+00 1.5000000000000000e+00 5.4157373410744436e-01 4.8141664904114245e-01 0.0
    4.7042599999999997e+00 1.5000000000000000e+00 5.0862373421835649e-01 4.8416986962885072e-01 0.0
    4.7712399999999997e+00 1.5000000000000000e+00 4.8829797153168331e-01 4.8474479452863090e-01 0.0
    4.7999999999999998e+00 1.5000000000000000e+00 4.7981781877709068e-01 4.8473255156104578e-01 0.0
    4.7999999999999998e+00 0.0000000000000000e+00 0.0000000000000000e+00 0.0000000000000000e+00 0.0
    4.8129200000000001e+00 0.0000000000000000e+00 0.0000000000000000e+00 0.0000000000000000e+00 0.0
    4.8430299999999997e+00 0.0000000000000000e+00 0.0000000000000000e+00 0.0000000000000000e+00 0.0
    4.8895099999999996e+00 0.0000000000000000e+00 0.0000000000000000e+00 0.0000000000000000e+00 0.0
    4.9512799999999997e+00 0.0000000000000000e+00 0.0000000000000000e+00 0.0000000000000000e+00 0.0
    5.0268899999999999e+00 0.0000000000000000e+00 0.0000000000000000e+00 0.0000000000000000e+00 0.0
    5.1145600000000000e+00 0.0000000000000000e+00 0.0000000000000000e+00 0.0000000000000000e+00 0.0
    5.2122400000000004e+00 0.0000000000000000e+00 0.0000000000000000e+00 0.0000000000000000e+00 0.0
    5.3176399999999999e+00 0.0000000000000000e+00 0.0000000000000000e+00 0.0000000000000000e+00 0.0
    5.4282899999999996e+00 0.0000000000000000e+00 0.0000000000000000e+00 0.0000000000000000e+00 0.0
    5.5415900000000002e+00 0.0000000000000000e+00 0.0000000000000000e+00 0.0000000000000000e+00 0.0
    5.6548999999999996e+00 0.0000000000000000e+00 0.0000000000000000e+00 0.0000000000000000e+00 0.0
    5.7655500000000002e+00 0.0000000000000000e+00 0.0000000000000000e+00 0.0000000000000000e+00 0.0
    5.8709499999999997e+00 0.0000000000000000e+00 0.0000000000000000e+00 0.0000000000000000e+00 0.0
    5.9686300000000001e+00 0.0000000000000000e+00 0.0000000000000000e+00 0.0000000000000000e+00 0.0
    6.0563000000000002e+00 0.0000000000000000e+00 0.0000000000000000e+00 0.0000000000000000e+00 0.0
    6.1318999999999999e+00 0.0000000000000000e+00 0.0000000000000000e+00 0.0000000000000000e+00 0.0
    6.1936700000000000e+00 0.0000000000000000e+00 0.0000000000000000e+00 0.0000000000000000e+00 0.0
    6.2401600000000004e+00 0.0000000000000000e+00 0.0000000000000000e+00 0.0000000000000000e+00 0.0
    6.2702600000000004e+00 0.0000000000000000e+00 0.0000000000000000e+00 0.0000000000000000e+00 0.0
    6.2831900000000003e+00 0.0000000000000000e+00 0.0000000000000000e+00 0.0000000000000000e+00 0.0
    4.7999999999999998e+00 1.3070800000000000e-02 1.1732859194365973e-02 6.2195058218967930e-03 0.0
    4.8129200000000001e+00 1.3070800000000000e-02 1.1692739151306846e-02 6.2465265107854925e-03 0.0
    4.8430299999999997e+00 1.3070800000000000e-02 1.1599110905564432e-02 6.3081421206108287e-03 0.0
    4.8895099999999996e+00 1.3070800000000000e-02 1.1454311496295824e-02 6.3995684519793884e-03 0.0
    4.9512799999999997e+00 1.3070800000000000e-02 1.1261614884982807e-02 6.5142591010234991e-03 0.0
    5.0268899999999999e+00 1.3070800000000000e-02 1.1025799694616638e-02 6.6443233830888763e-03 0.0
    5.1145600000000000e+00 1.3070800000000000e-02 1.0753178813543268e-02 6.7813720543096730e-03 0.0
    5.2122400000000004e+00 1.3070800000000000e-02 1.0451422196595816e-02 6.9173912315050202e-03 0.0
    5.3176399999999999e+00 1.3070800000000000e-02 1.0129303630359087e-02 7.0454499975873448e-03 0.0
    5.4282899999999996e+00 1.3070800000000000e-02 9.7962144993186950e-03 7.1602433189825601e-03 0.0
    5.5415900000000002e+00 1.3070800000000000e-02 9.4616418098863696e-03 7.2583527618179083e-03 0.0
    5.6548999999999996e+00 1.3070800000000000e-02 9.1345535971753197e-03 7.3382708308767719e-03 0.0
    5.7655500000000002e+00 1.3070800000000000e-02 8.8231223971848797e-03 7.4001390803151122e-03 0.0
    5.8709499999999997e+00 1.3070800000000000e-02 8.5343052416541037e-03 7.4454230457390710e-03 0.0
    5.9686300000000001e+00 1.3070800000000000e-02 8.2737857005925532e-03 7.4764704439992660e-03 0.0
    6.0563000000000002e+00 1.3070800000000000e-02 8.0459888556790541e-03 7.4960968547727906e-03 0.0
    6.1318999999999999e+00 1.3070800000000000e-02 7.8542129672135377e-03 7.5072228468468487e-03 0.0
    6.1936700000000000e+00 1.3070800000000000e-02 7.7007544328664785e-03 7.5125887734653731e-03 0.0
    6.2401600000000004e+00 1.3070800000000000e-02 5.1551030696126250e-03 5.1057447530859137e-03 0.0
    6.2702600000000004e+00 1.3070800000000000e-02 2.4321191513423094e-04 2.4322322577521315e-04 0.0
    6.2831900000000003e+00 1.3070800000000000e-02 0.0000000000000000e+00 0.0000000000000000e+00 0.0
    4.7999999999999998e+00 4.3517800000000002e-02 2.7684348119711705e-01 1.4819501939763829e-01 0.0
    4.8129200000000001e+00 4.3517800000000002e-02 2.7588234270933631e-01 1.4883104042097425e-01 0.0
    4.8430299999999997e+00 4.3517800000000002e-02 2.7363972388142493e-01 1.5028069613416753e-01 0.0
    4.8895099999999996e+00 4.3517800000000002e-02 2.7017251583967028e-01 1.5242989575034124e-01 0.0
    4.9512799999999997e+00 4.3517800000000002e-02 2.6556045029387271e-01 1.5512258719215902e-01 0.0
    5.0268899999999999e+00 4.3517800000000002e-02 2.5991953197482176e-01 1.5817100201582060e-01 0.0
    5.1145600000000000e+00 4.3517800000000002e-02 2.5340252045542228e-01 1.6137599056952620e-01 0.0
    5.2122400000000004e+00 4.3517800000000002e-02 2.4619443066213031e-01 1.6454794304302200e-01 0.0
    5.3176399999999999e+00 4.3517800000000002e-02 2.3850622126868404e-01 1.6752365724561827e-01 0.0
    5.4282899999999996e+00 4.3517800000000002e-02 2.3056296918441407e-01 1.7017914502729006e-01 0.0
    5.5415900000000002e+00 4.3517800000000002e-02 2.2259128822862814e-01 1.7243563384652538e-01 0.0
    5.6548999999999996e+00 4.3517800000000002e-02 2.1480466042550933e-01 1.7425987318060615e-01 0.0
    5.7655500000000002e+00 4.3517800000000002e-02 2.0739693277508725e-01 1.7565770070001999e-01 0.0
    5.8709499999999997e+00 4.3517800000000002e-02 2.0053247795004636e-01 1.7666609677058229e-01 0.0
    5.9686300000000001e+00 4.3517800000000002e-02 1.9434501679732707e-01 1.7734259065372146e-01 0.0
    6.0563000000000002e+00 4.3517800000000002e-02 1.8893817543549912e-01 1.7775538487105461e-01 0.0
    6.1318999999999999e+00 4.3517800000000002e-02 1.8438879108964321e-01 1.7797476905768253e-01 0.0
    6.1936700000000000e+00 4.3517800000000002e-02 1.8075002225813080e-01 1.7806640393403025e-01 0.0
    6.2401600000000004e+00 4.3517800000000002e-02 1.2036439398414221e-01 1.2038352799564037e-01 0.0
    6.2702600000000004e+00 4.3517800000000002e-02 6.2656109530253978e-03 6.3274818461298158e-03 0.0
    6.2831900000000003e+00 4.3517800000000002e-02 0.0000000000000000e+00 0.0000000000000000e+00 0.0
    4.7999999999999998e+00 9.0528899999999995e-02 4.0266987183792552e-01 2.1887142569484780e-01 0.0
    4.8129200000000001e+00 9.0528899999999995e-02 4.0123850001007044e-01 2.1979248277274882e-01 0.0
    4.8430299999999997e+00 9.0528899999999995e-02 3.9789961470311630e-01 2.2189023870169008e-01 0.0
    4.8895099999999996e+00 9.0528899999999995e-02 3.9274007103179304e-01 2.2499601392437585e-01 0.0
    4.9512799999999997e+00 9.0528899999999995e-02 3.8588166435025356e-01 2.2887924395704123e-01 0.0
    5.0268899999999999e+00 9.0528899999999995e-02 3.7750073061311773e-01 2.3326327575274625e-01 0.0
    5.1145600000000000e+00 9.0528899999999995e-02 3.6782832333656956e-01 2.3785582001490926e-01 0.0
    5.2122400000000004e+00 9.0528899999999995e-02 3.5714291294369627e-01 2.4238006305374052e-01 0.0
    5.3176399999999999e+00 9.0528899999999995e-02 3.4576041594130508e-01 2.4659957849701594e-01 0.0
    5.4282899999999996e+00 9.0528899999999995e-02 3.3401617855000165e-01 2.5033692208158836e-01 0.0
    5.5415900000000002e+00 9.0528899999999995e-02 3.2224607462540894e-01 2.5348199397083687e-01 0.0
    5.6548999999999996e+00 9.0528899999999995e-02 3.1076480321043415e-01 2.5599185267615221e-01 0.0
    5.7655500000000002e+00 9.0528899999999995e-02 2.9985649906459144e-01 2.5788076786781050e-01 0.0
    5.8709499999999997e+00 9.0528899999999995e-02 2.8976060518748936e-01 2.5920803376797297e-01 0.0
    5.9686300000000001e+00 9.0528899999999995e-02 2.8067061101716095e-01 2.6006218272290005e-01 0.0
    6.0563000000000002e+00 9.0528899999999995e-02 2.7273533890105067e-01 2.6054640614613911e-01 0.0
    6.1318999999999999e+00 9.0528899999999995e-02 2.6606421143255199e-01 2.6076602467827903e-01 0.0
    6.1936700000000000e+00 9.0528899999999995e-02 2.6073214445167797e-01 2.6081876218601935e-01 0.0
    6.2401600000000004e+00 9.0528899999999995e-02 1.7437868500859935e-01 1.7709367712879401e-01 0.0
    6.2702600000000004e+00 9.0528899999999995e-02 9.0278228721369994e-03 9.2574449144164645e-03 0.0
    6.2831900000000003e+00 9.0528899999999995e-02 0.0000000000000000e+00 0.0000000000000000e+00 0.0
    4.7999999999999998e+00 1.5299900000000000e-01 4.0716415833293185e-01 2.2594039526356599e-01 0.0
    4.8129200000000001e+00 1.5299900000000000e-01 4.0567023665318402e-01 2.2686515422689460e-01 0.0
    4.8430299999999997e+00 1.5299900000000000e-01 4.0218677743390407e-01 2.2896910141546425e-01 0.0
    4.8895099999999996e+00 1.5299900000000000e-01 3.9680749157379919e-01 2.3207795307811535e-01 0.0
    4.9512799999999997e+00 1.5299900000000000e-01 3.8966387240181288e-01 2.3595371635476003e-01 0.0
    5.0268899999999999e+00 1.5299900000000000e-01 3.8094505931056766e-01 2.4031193018951297e-01 0.0
    5.1145600000000000e+00 1.5299900000000000e-01 3.7089723652875056e-01 2.4485367412395923e-01 0.0
    5.2122400000000004e+00 1.5299900000000000e-01 3.5981515194585206e-01 2.4929795614065364e-01 0.0
    5.3176399999999999e+00 1.5299900000000000e-01 3.4803090309773232e-01 2.5340739188309791e-01 0.0
    5.4282899999999996e+00 1.5299900000000000e-01 3.3589457639601800e-01 2.5700691547536181e-01 0.0
    5.5415900000000002e+00 1.5299900000000000e-01 3.2375431256268283e-01 2.5999168207627799e-01 0.0
    5.6548999999999996e+00 1.5299900000000000e-01 3.1193388852211396e-01 2.6232597150677722e-01 0.0
    5.7655500000000002e+00 1.5299900000000000e-01 3.0072336010078576e-01 2.6403230463458877e-01 0.0
    5.8709499999999997e+00 1.5299900000000000e-01 2.9036507346433882e-01 2.6517825380807369e-01 0.0
    5.9686300000000001e+00 1.5299900000000000e-01 2.8105304264588016e-01 2.6585997963548558e-01 0.0
    6.0563000000000002e+00 1.5299900000000000e-01 2.7293492599515429e-01 2.6618721917395671e-01 0.0
    6.1318999999999999e+00 1.5299900000000000e-01 2.6611799140456088e-01 2.6627058641884294e-01 0.0
    6.1936700000000000e+00 1.5299900000000000e-01 2.6067457101569858e-01 2.6621181906967079e-01 0.0
    6.2401600000000004e+00 1.5299900000000000e-01 1.7428568625207538e-01 1.8069901731829718e-01 0.0
    6.2702600000000004e+00 1.5299900000000000e-01 9.0212056305379179e-03 9.4440244318975217e-03 0.0
    6.2831900000000003e+00 1.5299900000000000e-01 0.0000000000000000e+00 0.0000000000000000e+00 0.0
    4.7999999999999998e+00 2.2946200000000000e-01 4.1268580015058282e-01 2.3501732722233373e-01 0.0
    4.8129200000000001e+00 2.2946200000000000e-01 4.1111102047187192e-01 2.3594445876878981e-01 0.0
    4.8430299999999997e+00 2.2946200000000000e-01 4.0744082267761550e-01 2.3805080012507013e-01 0.0
    4.8895099999999996e+00 2.2946200000000000e-01 4.0177811936407093e-01 2.4115502626189975e-01 0.0
    4.9512799999999997e+00 2.2946200000000000e-01 3.9426740137957367e-01 2.4500986125025465e-01 0.0
    5.0268899999999999e+00 2.2946200000000000e-01 3.8511485299777881e-01 2.4932123478898777e-01 0.0
    5.1145600000000000e+00 2.2946200000000000e-01 3.7458664170629064e-01 2.5378229907952282e-01 0.0
    5.2122400000000004e+00 2.2946200000000000e-01 3.6299881679314794e-01 2.5810742241809254e-01 0.0
    5.3176399999999999e+00 2.2946200000000000e-01 3.5070442311441186e-01 2.6205878790215043e-01 0.0
    5.4282899999999996e+00 2.2946200000000000e-01 3.3807238538387374e-01 2.6546515885161526e-01 0.0
    5.5415900000000002e+00 2.2946200000000000e-01 3.2546627021885338e-01 2.6822910019795587e-01 0.0
    5.6548999999999996e+00 2.2946200000000000e-01 3.1322101533483876e-01 2.7032464285924285e-01 0.0
    5.7655500000000002e+00 2.2946200000000000e-01 3.0163369223411229e-01 2.7178517615165437e-01 0.0
    5.8709499999999997e+00 2.2946200000000000e-01 2.9094978073451316e-01 2.7268897448172019e-01 0.0
    5.9686300000000001e+00 2.2946200000000000e-01 2.8136342742181830e-01 2.7314190599756749e-01 0.0
    6.0563000000000002e+00 2.2946200000000000e-01 2.7302034463631336e-01 2.7326191675155626e-01 0.0
    6.1318999999999999e+00 2.2946200000000000e-01 2.6602468394225937e-01 2.7316616640753444e-01 0.0
    6.1936700000000000e+00 2.2946200000000000e-01 2.6044520947065752e-01 2.7296128448995938e-01 0.0
    6.2401600000000004e+00 2.2946200000000000e-01 1.7406424517321223e-01 1.8520796297597350e-01 0.0
    6.2702600000000004e+00 2.2946200000000000e-01 9.0074931436141537e-03 9.6772614362958132e-03 0.0
    6.2831900000000003e+00 2.2946200000000000e-01 0.0000000000000000e+00 0.0000000000000000e+00 0.0
    4.7999999999999998e+00 3.1812600000000002e-01 4.1909810404925701e-01 2.4616383329273603e-01 0.0
    4.8129200000000001e+00 3.1812600000000002e-01 4.1742330871414202e-01 2.4709021797582517e-01 0.0
    4.8430299999999997e+00 3.1812600000000002e-01 4.1352236483080412e-01 2.4919097032878093e-01 0.0
    4.8895099999999996e+00 3.1812600000000002e-01 4.0751009376557951e-01 2.5227638542303515e-01 0.0
    4.9512799999999997e+00 3.1812600000000002e-01 3.9954777459041796e-01 2.5608822085549793e-01 0.0
    5.0268899999999999e+00 3.1812600000000002e-01 3.8986342851272682e-01 2.6032129201984011e-01 0.0
    5.1145600000000000e+00 3.1812600000000002e-01 3.7874857518252908e-01 2.6465995990582941e-01 0.0
    5.2122400000000004e+00 3.1812600000000002e-01 3.6654598307280367e-01 2.6881403618563543e-01 0.0
    5.3176399999999999e+00 3.1812600000000002e-01 3.5363461996378176e-01 2.7254640156368909e-01 0.0
    5.4282899999999996e+00 3.1812600000000002e-01 3.4040634870551811e-01 2.7569169031850244e-01 0.0
    5.5415900000000002e+00 3.1812600000000002e-01 3.2724313377576031e-01 2.7816253884006004e-01 0.0
    5.6548999999999996e+00 3.1812600000000002e-01 3.1449283277016815e-01 2.7994562853776689e-01 0.0
    5.7655500000000002e+00 3.1812600000000002e-01 3.0246022953445789e-01 2.8108805190768243e-01 0.0
    5.8709499999999997e+00 3.1812600000000002e-01 2.9139375945038709e-01 2.8168127894934586e-01 0.0
    5.9686300000000001e+00 3.1812600000000002e-01 2.8148693575580946e-01 2.8184291778211235e-01 0.0
    6.0563000000000002e+00 3.1812600000000002e-01 2.7288243043424709e-01 2.8170066173146585e-01 0.0
    6.1318999999999999e+00 3.1812600000000002e-01 2.6568007510797348e-01 2.8137930348144724e-01 0.0
    6.1936700000000000e+00 3.1812600000000002e-01 2.5994390783660692e-01 2.8099106870511492e-01 0.0
    6.2401600000000004e+00 3.1812600000000002e-01 1.7364842618626602e-01 1.9056762807954139e-01 0.0
    6.2702600000000004e+00 3.1812600000000002e-01 8.9833080776652880e-03 9.9543526074941831e-03 0.0
    6.2831900000000003e+00 3.1812600000000002e-01 0.0000000000000000e+00 0.0000000000000000e+00 0.0
    4.7999999999999998e+00 4.1691299999999998e-01 4.2622170285689354e-01 2.5942470054637778e-01 0.0
    4.8129200000000001e+00 4.1691299999999998e-01 4.2442707170764887e-01 2.6034494387889423e-01 0.0
    4.8430299999999997e+00 4.1691299999999998e-01 4.2024999917582440e-01 2.6242682969520770e-01 0.0
    4.8895099999999996e+00 4.1691299999999998e-01 4.1382034006219537e-01 2.6547111684821206e-01 0.0
    4.9512799999999997e+00 4.1691299999999998e-01 4.0532051227906934e-01 2.6920720802738640e-01 0.0
    5.0268899999999999e+00 4.1691299999999998e-01 3.9500577133132847e-01 2.7331775738352077e-01 0.0
    5.1145600000000000e+00 4.1691299999999998e-01 3.8319889184255834e-01 2.7747808803499352e-01 0.0
    5.2122400000000004e+00 4.1691299999999998e-01 3.7027513926426686e-01 2.8139426723030619e-01 0.0
    5.3176399999999999e+00 4.1691299999999998e-01 3.5664450209982662e-01 2.8483176779465796e-01 0.0
    5.4282899999999996e+00 4.1691299999999998e-01 3.4272575464433142e-01 2.8763384079265325e-01 0.0
    5.5415900000000002e+00 4.1691299999999998e-01 3.2892189552438594e-01 2.8972641807439048e-01 0.0
    5.6548999999999996e+00 4.1691299999999998e-01 3.1559499229351495e-01 2.9111209883941086e-01 0.0
    5.7655500000000002e+00 4.1691299999999998e-01 3.0305771507760504e-01 2.9185468347314714e-01 0.0
    5.8709499999999997e+00 4.1691299999999998e-01 2.9156077558047166e-01 2.9206132313836530e-01 0.0
    5.9686300000000001e+00 4.1691299999999998e-01 2.8129585512788668e-01 2.9186326061825363e-01 0.0
    6.0563000000000002e+00 4.1691299999999998e-01 2.7240114963652112e-01 2.9139925898080937e-01 0.0
    6.1318999999999999e+00 4.1691299999999998e-01 2.6497071843916231e-01 2.9080258476929438e-01 0.0
    6.1936700000000000e+00 4.1691299999999998e-01 2.5906254942159346e-01 2.9019152301122542e-01 0.0
    6.2401600000000004e+00 4.1691299999999998e-01 1.7296750492387461e-01 1.9670255989214847e-01 0.0
    6.2702600000000004e+00 4.1691299999999998e-01 8.9450430300201111e-03 1.0271322723530532e-02 0.0
    6.2831900000000003e+00 4.1691299999999998e-01 0.0000000000000000e+00 0.0000000000000000e+00 0.0
    4.7999999999999998e+00 5.2350799999999997e-01 4.3383123589446410e-01 2.7480735113858795e-01 0.0
    4.8129200000000001e+00 5.2350799999999997e-01 4.3189673441358295e-01 2.7571332426586503e-01 0.0
    4.8430299999999997e+00 5.2350799999999997e-01 4.2739784590016566e-01 2.7775673937537776e-01 0.0
    4.8895099999999996e+00 5.2350799999999997e-01 4.2048302471380633e-01 2.8072796338366612e-01 0.0
    4.9512799999999997e+00 5.2350799999999997e-01 4.1136075727356913e-01 2.8434311939721479e-01 0.0
    5.0268899999999999e+00 5.2350799999999997e-01 4.0031952128116732e-01 2.8827231776205220e-01 0.0
    5.1145600000000000e+00 5.2350799999999997e-01 3.8771971516489900e-01 2.9218243059136284e-01 0.0
    5.2122400000000004e+00 5.2350799999999997e-01 3.7397511258695343e-01 2.9577751561235943e-01 0.0
    5.3176399999999999e+00 5.2350799999999997e-01 3.5953176694598282e-01 2.9882843793467356e-01 0.0
    5.4282899999999996e+00 5.2350799999999997e-01 3.4483900973440434e-01 3.0119058503978241e-01 0.0
    5.5415900000000002e+00 5.2350799999999997e-01 3.3032297730237314e-01 3.0280696535041385e-01 0.0
    5.6548999999999996e+00 5.2350799999999997e-01 3.1636060229940421e-01 3.0369966256959319e-01 0.0
    5.7655500000000002e+00 5.2350799999999997e-01 3.0327197163430775e-01 3.0395224877049876e-01 0.0
    5.8709499999999997e+00 5.2350799999999997e-01 2.9130882345384024e-01 3.0368990409751218e-01 0.0
    5.9686300000000001e+00 5.2350799999999997e-01 2.8065935139264225e-01 3.0305913405754309e-01 0.0
    6.0563000000000002e+00 5.2350799999999997e-01 2.7145550753644071e-01 3.0221076348891202e-01 0.0
    6.1318999999999999e+00 5.2350799999999997e-01 2.6378390812462382e-01 3.0128703334641971e-01 0.0
    6.1936700000000000e+00 5.2350799999999997e-01 2.5769504073937483e-01 3.0041243893488423e-01 0.0
    6.2401600000000004e+00 5.2350799999999997e-01 1.7195274433631874e-01 2.0351028680282746e-01 0.0
    6.2702600000000004e+00 5.2350799999999997e-01 8.8892142874733553e-03 1.0622801840394009e-02 0.0
    6.2831900000000003e+00 5.2350799999999997e-01 0.0000000000000000e+00 0.0000000000000000e+00 0.0
    4.7999999999999998e+00 6.3541099999999995e-01 4.4165613247274743e-01 2.9225566057064795e-01 0.0
    4.8129200000000001e+00 6.3541099999999995e-01 4.3956228926111812e-01 2.9313616331062120e-01 0.0
    4.8430299999999997e+00 6.3541099999999995e-01 4.3469741517039651e-01 2.9511444850755159e-01 0.0
    4.8895099999999996e+00 6.3541099999999995e-01 4.2723253785256182e-01 2.9797008640363193e-01 0.0
    4.9512799999999997e+00 6.3541099999999995e-01 4.1740765583315265e-01 3.0140566705291244e-01 0.0
    5.0268899999999999e+00 6.3541099999999995e-01 4.0555092368834178e-01 3.0507927434895532e-01 0.0
    5.1145600000000000e+00 6.3541099999999995e-01 3.9206700763313163e-01 3.0865097211007703e-01 0.0
    5.2122400000000004e+00 6.3541099999999995e-01 3.7741418619769557e-01 3.1182563403911151e-01 0.0
    5.3176399999999999e+00 6.3541099999999995e-01 3.6207928874641981e-01 3.1438330670810344e-01 0.0
    5.4282899999999996e+00 6.3541099999999995e-01 3.4654524889483962e-01 3.1619579527438352e-01 0.0
    5.5415900000000002e+00 6.3541099999999995e-01 3.3126268024534766e-01 3.1722742540022453e-01 0.0
    5.6548999999999996e+00 6.3541099999999995e-01 3.1662323718044549e-01 3.1752347516787188e-01 0.0
    5.7655500000000002e+00 6.3541099999999995e-01 3.0295322058968233e-01 3.1719022747065506e-01 0.0
    5.8709499999999997e+00 6.3541099999999995e-01 2.9050355373929226e-01 3.1637292030324143e-01 0.0
    5.9686300000000001e+00 6.3541099999999995e-01 2.7945686069828424e-01 3.1523452450981654e-01 0.0
    6.0563000000000002e+00 6.3541099999999995e-01 2.6993681355136695e-01 3.1393846188194602e-01 0.0
    6.1318999999999999e+00 6.3541099999999995e-01 2.6202077423451292e-01 3.1263601542340541e-01 0.0
    6.1936700000000000e+00 6.3541099999999995e-01 2.5575023257267787e-01 3.1145766710730771e-01 0.0
    6.2401600000000004e+00 6.3541099999999995e-01 1.7054606764287181e-01 2.1085801003288507e-01 0.0
    6.2702600000000004e+00 6.3541099999999995e-01 8.8129115909951518e-03 1.1001863604759909e-02 0.0
    6.2831900000000003e+00 6.3541099999999995e-01 0.0000000000000000e+00 0.0000000000000000e+00 0.0
    4.7999999999999998e+00 7.5000000000000000e-01 4.4938893613406583e-01 3.1162075697194835e-01 0.0
    4.8129200000000001e+00 7.5000000000000000e-01 4.4711797704755812e-01 3.1246144739135367e-01 0.0
    4.8430299999999997e+00 7.5000000000000000e-01 4.4184709147265333e-01 3.1434079783857866e-01 0.0
    4.8895099999999996e+00 7.5000000000000000e-01 4.3377414095412592e-01 3.1702779495489691e-01 0.0
    4.9512799999999997e+00 7.5000000000000000e-01 4.2317640602939821e-01 3.2021213401088794e-01 0.0
    5.0268899999999999e+00 7.5000000000000000e-01 4.1042836784329412e-01 3.2354151599562220e-01 0.0
    5.1145600000000000e+00 7.5000000000000000e-01 3.9598553530753228e-01 3.2667207337329879e-01 0.0
    5.2122400000000004e+00 7.5000000000000000e-01 3.8035629028867785e-01 3.2931349826422734e-01 0.0
    5.3176399999999999e+00 7.5000000000000000e-01 3.6407223849741677e-01 3.3125976837852111e-01 0.0
    5.4282899999999996e+00 7.5000000000000000e-01 3.4765203778044146e-01 3.3240401164193861e-01 0.0
    5.5415900000000002e+00 7.5000000000000000e-01 3.3157112442364089e-01 3.3273635356277426e-01 0.0
    5.6548999999999996e+00 7.5000000000000000e-01 3.1623481112845070e-01 3.3232886579024540e-01 0.0
    5.7655500000000002e+00 7.5000000000000000e-01 3.0197365451992264e-01 3.3131310552009907e-01 0.0
    5.8709499999999997e+00 7.5000000000000000e-01 2.8903538734072903e-01 3.2985586263062988e-01 0.0
    5.9686300000000001e+00 7.5000000000000000e-01 2.7759466287865459e-01 3.2813718420825683e-01 0.0
    6.0563000000000002e+00 7.5000000000000000e-01 2.6776469784898738e-01 3.2633305289606263e-01 0.0
    6.1318999999999999e+00 7.5000000000000000e-01 2.5961177848379907e-01 3.2460335887445740e-01 0.0
    6.1936700000000000e+00 7.5000000000000000e-01 2.5316696927019988e-01 3.2308393764678178e-01 0.0
    6.2401600000000004e+00 7.5000000000000000e-01 1.6871004337866169e-01 2.1858213631820034e-01 0.0
    6.2702600000000004e+00 7.5000000000000000e-01 8.7143121429901008e-03 1.1400011539287595e-02 0.0
    6.2831900000000003e+00 7.5000000000000000e-01 0.0000000000000000e+00 0.0000000000000000e+00 0.0
    4.7999999999999998e+00 8.6458900000000005e-01 4.5670273583233129e-01 3.3262975710904386e-01 0.0
    4.8129200000000001e+00 8.6458900000000005e-01 4.5424005953199259e-01 3.3341353323431611e-01 0.0
    4.8430299999999997e+00 8.6458900000000005e-01 4.4853065907123085e-01 3.3515397006528413e-01 0.0
    4.8895099999999996e+00 8.6458900000000005e-01 4.3980353865013194e-01 3.3761045266976430e-01 0.0
    4.9512799999999997e+00 8.6458900000000005e-01 4.2837900890788394e-01 3.4046149669815257e-01 0.0
    5.0268899999999999e+00 8.6458900000000005e-01 4.1468426971635181e-01 3.4334734248746007e-01 0.0
    5.1145600000000000e+00 8.6458900000000005e-01 3.9923166457726750e-01 3.4592436275723332e-01 0.0
    5.2122400000000004e+00 8.6458900000000005e-01 3.8258436646462585e-01 3.4791217921371143e-01 0.0
    5.3176399999999999e+00 8.6458900000000005e-01 3.6532160127451668e-01 3.4912420969832703e-01 0.0
    5.4282899999999996e+00 8.6458900000000005e-01 3.4799862608955412e-01 3.4948013086356700e-01 0.0
    5.5415900000000002e+00 8.6458900000000005e-01 3.3111487523478295e-01 3.4900024014787462e-01 0.0
    5.6548999999999996e+00 8.6458900000000005e-01 3.1508730547989239e-01 3.4778654763014050e-01 0.0
    5.7655500000000002e+00 8.6458900000000005e-01 3.0024809910157091e-01 3.4599777832644518e-01 0.0
    5.8709499999999997e+00 8.6458900000000005e-01 2.8683904744386401e-01 3.4382301501535256e-01 0.0
    5.9686300000000001e+00 8.6458900000000005e-01 2.7502430582231979e-01 3.4145926050863912e-01 0.0
    6.0563000000000002e+00 8.6458900000000005e-01 2.6490451663792247e-01 3.3909437937199577e-01 0.0
    6.1318999999999999e+00 8.6458900000000005e-01 2.5653323562340391e-01 3.3689591049784162e-01 0.0
    6.1936700000000000e+00 8.6458900000000005e-01 2.4992989116230857e-01 3.3500401187527984e-01 0.0
    6.2401600000000004e+00 8.6458900000000005e-01 1.6643825207851218e-01 2.2649069195432076e-01 0.0
    6.2702600000000004e+00 8.6458900000000005e-01 8.5932103970435599e-03 1.1807313847598384e-02 0.0
    6.2831900000000003e+00 8.6458900000000005e-01 0.0000000000000000e+00 0.0000000000000000e+00 0.0
    4.7999999999999998e+00 9.7649200000000003e-01 4.6327990586940604e-01 3.5485962191373388e-01 0.0
    4.8129200000000001e+00 9.7649200000000003e-01 4.6061577110657531e-01 3.5556764216103737e-01 0.0
    4.8430299999999997e+00 9.7649200000000003e-01 4.5444669218781780e-01 3.5712546331688100e-01 0.0
    4.8895099999999996e+00 9.7649200000000003e-01 4.4503680054180478e-01 3.5928470215375991e-01 0.0
    4.9512799999999997e+00 9.7649200000000003e-01 4.3275464121320140e-01 3.6171556135523564e-01 0.0
    5.0268899999999999e+00 9.7649200000000003e-01 4.1808563674418259e-01 3.6405501066158141e-01 0.0
    5.1145600000000000e+00 9.7649200000000003e-01 4.0160371777134662e-01 3.6596498183401716e-01 0.0
    5.2122400000000004e+00 9.7649200000000003e-01 3.8393003688122818e-01 3.6718094872734186e-01 0.0
    5.3176399999999999e+00 9.7649200000000003e-01 3.6569268445508024e-01 3.6754161719488837e-01 0.0
    5.4282899999999996e+00 9.7649200000000003e-01 3.4748289432664387e-01 3.6699827837667809e-01 0.0
    5.5415900000000002e+00 9.7649200000000003e-01 3.2982204981901997e-01 3.6560519393903290e-01 0.0
    5.6548999999999996e+00 9.7649200000000003e-01 3.1313589552257537e-01 3.6349660942402379e-01 0.0
    5.7655500000000002e+00 9.7649200000000003e-01 2.9775515376490536e-01 3.6085935397853858e-01 0.0
    5.8709499999999997e+00 9.7649200000000003e-01 2.8391281586291583e-01 3.5790462139977364e-01 0.0
    5.9686300000000001e+00 9.7649200000000003e-01 2.7176015724533775e-01 3.5484544911344357e-01 0.0
    6.0563000000000002e+00 9.7649200000000003e-01 2.6138342774955781e-01 3.5188026747317280e-01 0.0
    6.1318999999999999e+00 9.7649200000000003e-01 2.5282216644365907e-01 3.4918283378572901e-01 0.0
    6.1936700000000000e+00 9.7649200000000003e-01 2.4608332731566851e-01 3.4689627356775032e-01 0.0
    6.2401600000000004e+00 9.7649200000000003e-01 1.6376424621069249e-01 2.3436995641592623e-01 0.0
    6.2702600000000004e+00 9.7649200000000003e-01 8.4514708776458631e-03 1.2212753675071027e-02 0.0
    6.2831900000000003e+00 9.7649200000000003e-01 0.0000000000000000e+00 0.0000000000000000e+00 0.0
    4.7999999999999998e+00 1.0830900000000001e+00 4.6885043354379052e-01 3.7772358563671671e-01 0.0
    4.8129200000000001e+00 1.0830900000000001e+00 4.6598161101735192e-01 3.7833704419055886e-01 0.0
    4.8430299999999997e+00 1.0830900000000001e+00 4.5934670734927702e-01 3.7966899944077631e-01 0.0
    4.8895099999999996e+00 1.0830900000000001e+00 4.4924815045397531e-01 3.8146593284775321e-01 0.0
    4.9512799999999997e+00 1.0830900000000001e+00 4.3610671520083394e-01 3.8339362973720981e-01 0.0
    5.0268899999999999e+00 1.0830900000000001e+00 4.2046991038539405e-01 3.8509098101599432e-01 0.0
    5.1145600000000000e+00 1.0830900000000001e+00 4.0297605138434206e-01 3.8623151122984350e-01 0.0
    5.2122400000000004e+00 1.0830900000000001e+00 3.8430539556902366e-01 3.8657270912835984e-01 0.0
    5.3176399999999999e+00 1.0830900000000001e+00 3.6513420484175280e-01 3.8598411138498862e-01 0.0
    5.4282899999999996e+00 1.0830900000000001e+00 3.4608748012895446e-01 3.8445290369510532e-01 0.0
    5.5415900000000002e+00 1.0830900000000001e+00 3.2770540634064477e-01 3.8206999842835948e-01 0.0
    5.6548999999999996e+00 1.0830900000000001e+00 3.1041909206295087e-01 3.7900295303834491e-01 0.0
    5.7655500000000002e+00 1.0830900000000001e+00 2.9455460484064022e-01 3.7546646730948174e-01 0.0
    5.8709499999999997e+00 1.0830900000000001e+00 2.8033352182301158e-01 3.7169267472081363e-01 0.0
    5.9686300000000001e+00 1.0830900000000001e+00 2.6789231624867382e-01 3.6790896602956419e-01 0.0
    6.0563000000000002e+00 1.0830900000000001e+00 2.5730158282973131e-01 3.6432249062635402e-01 0.0
    6.1318999999999999e+00 1.0830900000000001e+00 2.4858611817985651e-01 3.6111145842464931e-01 0.0
    6.1936700000000000e+00 1.0830900000000001e+00 2.4174007038383785e-01 3.5842042333609114e-01 0.0
    6.2401600000000004e+00 1.0830900000000001e+00 1.6076700428439963e-01 2.4199501952893704e-01 0.0
    6.2702600000000004e+00 1.0830900000000001e+00 8.2932969601017016e-03 1.2604777238399326e-02 0.0
    6.2831900000000003e+00 1.0830900000000001e+00 0.0000000000000000e+00 0.0000000000000000e+00 0.0
    4.7999999999999998e+00 1.1818700000000000e+00 4.7323273586666553e-01 4.0047128316115033e-01 0.0
    4.8129200000000001e+00 1.1818700000000000e+00 4.7016384525138227e-01 4.0097392884783906e-01 0.0
    4.8430299999999997e+00 1.1818700000000000e+00 4.6307488548585940e-01 4.0204306609765389e-01 0.0
    4.8895099999999996e+00 1.1818700000000000e+00 4.5230837211827041e-01 4.0342323343758946e-01 0.0
    4.9512799999999997e+00 1.1818700000000000e+00 4.3833936163040388e-01 4.0478033701503213e-01 0.0
    5.0268899999999999e+00 1.1818700000000000e+00 4.2177889930392543e-01 4.0576080404689463e-01 0.0
    5.1145600000000000e+00 1.1818700000000000e+00 4.0332987018108868e-01 4.0605575602317989e-01 0.0
    5.2122400000000004e+00 1.1818700000000000e+00 3.8373027403642890e-01 4.0545026726884570e-01 0.0
    5.3176399999999999e+00 1.1818700000000000e+00 3.6370177560142236e-01 4.0384912744281487e-01 0.0
    5.4282899999999996e+00 1.1818700000000000e+00 3.4389947495065226e-01 4.0127821932405283e-01 0.0
    5.5415900000000002e+00 1.1818700000000000e+00 3.2487843633374380e-01 3.9786618972772769e-01 0.0
    5.6548999999999996e+00 1.1818700000000000e+00 3.0707156266884522e-01 3.9381348830946150e-01 0.0
    5.7655500000000002e+00 1.1818700000000000e+00 2.9079739708147556e-01 3.8936120118383988e-01 0.0
    5.8709499999999997e+00 1.1818700000000000e+00 2.7626411727113631e-01 3.8476031118091969e-01 0.0
    5.9686300000000001e+00 1.1818700000000000e+00 2.6359223618991057e-01 3.8025028417548640e-01 0.0
    6.0563000000000002e+00 1.1818700000000000e+00 2.5283620584891597e-01 3.7604481699305542e-01 0.0
    6.1318999999999999e+00 1.1818700000000000e+00 2.4400605934365416e-01 3.7232468098859056e-01 0.0
    6.1936700000000000e+00 1.1818700000000000e+00 2.3708339960836491e-01 3.6923432600482226e-01 0.0
    6.2401600000000004e+00 1.1818700000000000e+00 1.5757189520374498e-01 2.4914093241506952e-01 0.0
    6.2702600000000004e+00 1.1818700000000000e+00 8.1252682580388175e-03 1.2971866928814175e-02 0.0
    6.2831900000000003e+00 1.1818700000000000e+00 0.0000000000000000e+00 0.0000000000000000e+00 0.0
    4.7999999999999998e+00 1.2705400000000000e+00 4.7637176781759094e-01 4.2223207233392623e-01 0.0
    4.8129200000000001e+00 1.2705400000000000e+00 4.7311580471173142e-01 4.2261311081571873e-01 0.0
    4.8430299999999997e+00 1.2705400000000000e+00 4.6560348034415339e-01 4.2339543387846995e-01 0.0
    4.8895099999999996e+00 1.2705400000000000e+00 4.5421730858774084e-01 4.2432494414148697e-01 0.0
    4.9512799999999997e+00 1.2705400000000000e+00 4.3948611331719273e-01 4.2507219487768261e-01 0.0
    5.0268899999999999e+00 1.2705400000000000e+00 4.2208293032532118e-01 4.2529633090797653e-01 0.0
    5.1145600000000000e+00 1.2705400000000000e+00 4.0277239256374614e-01 4.2471107215457538e-01 0.0
    5.2122400000000004e+00 1.2705400000000000e+00 3.8234627468391852e-01 4.2313309439214541e-01 0.0
    5.3176399999999999e+00 1.2705400000000000e+00 3.6156696496951368e-01 4.2050491372435561e-01 0.0
    5.4282899999999996e+00 1.2705400000000000e+00 3.4111491823365858e-01 4.1689183724962858e-01 0.0
    5.5415900000000002e+00 1.2705400000000000e+00 3.2155587553924736e-01 4.1245939633829143e-01 0.0
    5.6548999999999996e+00 1.2705400000000000e+00 3.0332131997170697e-01 4.0743893569489376e-01 0.0
    5.7655500000000002e+00 1.2705400000000000e+00 2.8672016168463327e-01 4.0209529815896783e-01 0.0
    5.8709499999999997e+00 1.2705400000000000e+00 2.7194615149975732e-01 3.9669553125605034e-01 0.0
    5.9686300000000001e+00 1.2705400000000000e+00 2.5910366631521303e-01 3.9148857722392405e-01 0.0
    6.0563000000000002e+00 1.2705400000000000e+00 2.4823142550834534e-01 3.8669246327777379e-01 0.0
    6.1318999999999999e+00 1.2705400000000000e+00 2.3932543445607579e-01 3.8248875757919609e-01 0.0
    6.1936700000000000e+00 1.2705400000000000e+00 2.3235560983599177e-01 3.7902048973937424e-01 0.0
    6.2401600000000004e+00 1.2705400000000000e+00 1.5434266003337094e-01 2.5560003649279650e-01 0.0
    6.2702600000000004e+00 1.2705400000000000e+00 7.9559145449126390e-03 1.3303425747929464e-02 0.0
    6.2831900000000003e+00 1.2705400000000000e+00 0.0000000000000000e+00 0.0000000000000000e+00 0.0
    4.7999999999999998e+00 1.3470000000000000e+00 4.7835227097172067e-01 4.4205180421564350e-01 0.0
    4.8129200000000001e+00 1.3470000000000000e+00 4.7493039759495448e-01 4.4230882119912984e-01 0.0
    4.8430299999999997e+00 1.3470000000000000e+00 4.6704364503408147e-01 4.4279992926248629e-01 0.0
    4.8895099999999996e+00 1.3470000000000000e+00 4.5511217706693918e-01 4.4327522865233510e-01 0.0
    4.9512799999999997e+00 1.3470000000000000e+00 4.3971507172898272e-01 4.4341360683831688e-01 0.0
    5.0268899999999999e+00 1.3470000000000000e+00 4.2158248450766872e-01 4.4289066811091871e-01 0.0
    5.1145600000000000e+00 1.3470000000000000e+00 4.0153486426684531e-01 4.4144568075604323e-01 0.0
    5.2122400000000004e+00 1.3470000000000000e+00 3.8041135214979938e-01 4.3892844167039169e-01 0.0
    5.3176399999999999e+00 1.3470000000000000e+00 3.5900886363127810e-01 4.3531900316201627e-01 0.0
    5.4282899999999996e+00 1.3470000000000000e+00 3.3802791224836265e-01 4.3072032441719643e-01 0.0
    5.5415900000000002e+00 1.3470000000000000e+00 3.1804097733767578e-01 4.2533189921026215e-01 0.0
    5.6548999999999996e+00 1.3470000000000000e+00 2.9947573436277786e-01 4.1941248435401596e-01 0.0
    5.7655500000000002e+00 1.3470000000000000e+00 2.8263046515967449e-01 4.1324714212531199e-01 0.0
    5.8709499999999997e+00 1.3470000000000000e+00 2.6768464341745074e-01 4.0711581348065484e-01 0.0
    5.9686300000000001e+00 1.3470000000000000e+00 2.5472742203266374e-01 4.0127431358901577e-01 0.0
    6.0563000000000002e+00 1.3470000000000000e+00 2.4378311690289761e-01 3.9594302380894086e-01 0.0
    6.1318999999999999e+00 1.3470000000000000e+00 2.3483516747242980e-01 3.9130290937254281e-01 0.0
    6.1936700000000000e+00 1.3470000000000000e+00 2.2784320370740785e-01 3.8749466581058373e-01 0.0
    6.2401600000000004e+00 1.3470000000000000e+00 1.5127147209298031e-01 2.6118731899024733e-01 0.0
    6.2702600000000004e+00 1.3470000000000000e+00 7.7952003670195029e-03 1.3590041616538073e-02 0.0
    6.2831900000000003e+00 1.3470000000000000e+00 0.0000000000000000e+00 0.0000000000000000e+00 0.0
    4.7999999999999998e+00 1.4094700000000000e+00 4.7938931084148906e-01 4.5898756259689871e-01 0.0
    4.8129200000000001e+00 1.4094700000000000e+00 4.7582961260145745e-01 4.5912859699884073e-01 0.0
    4.8430299999999997e+00 1.4094700000000000e+00 4.6763262470614014e-01 4.5934830909687008e-01 0.0
    4.8895099999999996e+00 1.4094700000000000e+00 4.5525146418200518e-01 4.5940276202335367e-01 0.0
    4.9512799999999997e+00 1.4094700000000000e+00 4.3930891075772255e-01 4.5898122475094560e-01 0.0
    5.0268899999999999e+00 1.4094700000000000e+00 4.2058416051731690e-01 4.5777716729363049e-01 0.0
    5.1145600000000000e+00 1.4094700000000000e+00 3.9994475561161419e-01 4.5555546632588362e-01 0.0
    5.2122400000000004e+00 1.4094700000000000e+00 3.7826885104641789e-01 4.5219741859827772e-01 0.0
    5.3176399999999999e+00 1.4094700000000000e+00 3.5638076852673528e-01 4.4771738540398381e-01 0.0
    5.4282899999999996e+00 1.4094700000000000e+00 3.3499581416849827e-01 4.4225161407019292e-01 0.0
    5.5415900000000002e+00 1.4094700000000000e+00 3.1469001251162598e-01 4.3602870351267814e-01 0.0
    5.6548999999999996e+00 1.4094700000000000e+00 2.9588599965545026e-01 4.2933013726987784e-01 0.0
    5.7655500000000002e+00 1.4094700000000000e+00 2.7887172322604697e-01 4.2245709641203893e-01 0.0
    5.8709499999999997e+00 1.4094700000000000e+00 2.6381375004765434e-01 4.1569919733127286e-01 0.0
    5.9686300000000001e+00 1.4094700000000000e+00 2.5078795995100717e-01 4.0931681560896499e-01 0.0
    6.0563000000000002e+00 1.4094700000000000e+00 2.3980641145621681e-01 4.0353118628124318e-01 0.0
    6.1318999999999999e+00 1.4094700000000000e+00 2.3084204289121285e-01 3.9852181096259143e-01 0.0
    6.1936700000000000e+00 1.4094700000000000e+00 2.2384601588024855e-01 3.9442666068501325e-01 0.0
    6.2401600000000004e+00 1.4094700000000000e+00 1.4855835874315873e-01 2.6575374352609726e-01 0.0
    6.2702600000000004e+00 1.4094700000000000e+00 7.6534624318954263e-03 1.3824158438216029e-02 0.0
    6.2831900000000003e+00 1.4094700000000000e+00 0.0000000000000000e+00 0.0000000000000000e+00 0.0
    4.7999999999999998e+00 1.4564800000000000e+00 4.7978151484175874e-01 4.7217803936749803e-01 0.0
    4.8129200000000001e+00 1.4564800000000000e+00 4.7611730320401452e-01 4.7222235691410241e-01 0.0
    4.8430299999999997e+00 1.4564800000000000e+00 4.6768559276653743e-01 4.7221634245984861e-01 0.0
    4.8895099999999996e+00 1.4564800000000000e+00 4.5496558317176877e-01 4.7192229739149294e-01 0.0
    4.9512799999999997e+00 1.4564800000000000e+00 4.3861445567527046e-01 4.7103974247490360e-01 0.0
    5.0268899999999999e+00 1.4564800000000000e+00 4.1944960073209198e-01 4.6927854795251872e-01 0.0
    5.1145600000000000e+00 1.4564800000000000e+00 3.9837470225920824e-01 4.6642595527303987e-01 0.0
    5.2122400000000004e+00 1.4564800000000000e+00 3.7629724099470591e-01 4.6238978852083645e-01 0.0
    5.3176399999999999e+00 1.4564800000000000e+00 3.5406146573481806e-01 4.5721246667815418e-01 0.0
    5.4282899999999996e+00 1.4564800000000000e+00 3.3239268337800620e-01 4.5105676788282029e-01 0.0
    5.5415900000000002e+00 1.4564800000000000e+00 3.1186829682248379e-01 4.4417391514385673e-01 0.0
    5.6548999999999996e+00 1.4564800000000000e+00 2.9290594170789019e-01 4.3686257623986968e-01 0.0
    5.7655500000000002e+00 1.4564800000000000e+00 2.7578479718923460e-01 4.2943570750083437e-01 0.0
    5.8709499999999997e+00 1.4564800000000000e+00 2.6066100502094841e-01 4.2218959513538751e-01 0.0
    5.9686300000000001e+00 1.4564800000000000e+00 2.4760000637805141e-01 4.1538734132166311e-01 0.0
    6.0563000000000002e+00 1.4564800000000000e+00 2.3660439766475569e-01 4.0925013208897471e-01 0.0
    6.1318999999999999e+00 1.4564800000000000e+00 2.2763912650554832e-01 4.0395575386003180e-01 0.0
    6.1936700000000000e+00 1.4564800000000000e+00 2.2064898845718109e-01 3.9963961919333169e-01 0.0
    6.2401600000000004e+00 1.4564800000000000e+00 1.4639270577855409e-01 2.6918536093818107e-01 0.0
    6.2702600000000004e+00 1.4564800000000000e+00 7.5404647597415303e-03 1.4000017043550797e-02 0.0
    6.2831900000000003e+00 1.4564800000000000e+00 0.0000000000000000e+00 0.0000000000000000e+00 0.0
    4.7999999999999998e+00 1.4869300000000001e+00 4.7984150813861159e-01 4.8092744492854567e-01 0.0
    4.8129200000000001e+00 1.4869300000000001e+00 4.7610946055014747e-01 4.8090452732206490e-01 0.0
    4.8430299999999997e+00 1.4869300000000001e+00 4.6752566296608505e-01 4.8074187306392907e-01 0.0
    4.8895099999999996e+00 1.4869300000000001e+00 4.5458678436388694e-01 4.8020672015206922e-01 0.0
    4.9512799999999997e+00 1.4869300000000001e+00 4.3797295323376190e-01 4.7900646685746728e-01 0.0
    5.0268899999999999e+00 1.4869300000000001e+00 4.1852683653308109e-01 4.7686308300089830e-01 0.0
    5.1145600000000000e+00 1.4869300000000001e+00 3.9717577410919036e-01 4.7357981483571621e-01 0.0
    5.2122400000000004e+00 1.4869300000000001e+00 3.7484613964669222e-01 4.6908302588906703e-01 0.0
    5.3176399999999999e+00 1.4869300000000001e+00 3.5239468687154818e-01 4.6343435720402260e-01 0.0
    5.4282899999999996e+00 1.4869300000000001e+00 3.3055261588521528e-01 4.5681443764612967e-01 0.0
    5.5415900000000002e+00 1.4869300000000001e+00 3.0989758865856137e-01 4.4948944053695478e-01 0.0
    5.6548999999999996e+00 1.4869300000000001e+00 2.9084342926231427e-01 4.4176915810256057e-01 0.0
    5.7655500000000002e+00 1.4869300000000001e+00 2.7366318260420547e-01 4.3397396857808213e-01 0.0
    5.8709499999999997e+00 1.4869300000000001e+00 2.5850592395463057e-01 4.2640416226559930e-01 0.0
    5.9686300000000001e+00 1.4869300000000001e+00 2.4543014568826257e-01 4.1932425699602821e-01 0.0
    6.0563000000000002e+00 1.4869300000000001e+00 2.3443222696005914e-01 4.1295507133938519e-01 0.0
    6.1318999999999999e+00 1.4869300000000001e+00 2.2547191861274171e-01 4.0747298742383653e-01 0.0
    6.1936700000000000e+00 1.4869300000000001e+00 2.1848991245596014e-01 4.0301152067417323e-01 0.0
    6.2401600000000004e+00 1.4869300000000001e+00 1.4493212971491362e-01 2.7140394061957940e-01 0.0
    6.2702600000000004e+00 1.4869300000000001e+00 7.4643195810121131e-03 1.4113676214071637e-02 0.0
    6.2831900000000003e+00 1.4869300000000001e+00 0.0000000000000000e+00 0.0000000000000000e+00 0.0
    4.7999999999999998e+00 1.5000000000000000e+00 4.7981781877709068e-01 4.8473255156104578e-01 0.0
    4.8129200000000001e+00 1.5000000000000000e+00 4.7605666031700306e-01 4.8467962687858185e-01 0.0
    4.8430299999999997e+00 1.5000000000000000e+00 4.6740766342454954e-01 4.8444713297771863e-01 0.0
    4.8895099999999996e+00 1.5000000000000000e+00 4.5437513069665403e-01 4.8380465822951124e-01 0.0
    4.9512799999999997e+00 1.5000000000000000e+00 4.3764919413108316e-01 4.8246329992626491e-01 0.0
    5.0268899999999999e+00 1.5000000000000000e+00 4.1808348918106275e-01 4.8015059704813906e-01 0.0
    5.1145600000000000e+00 1.5000000000000000e+00 3.9661555507281804e-01 4.7667704745501704e-01 0.0
    5.2122400000000004e+00 1.5000000000000000e+00 3.7417983525587628e-01 4.7197730890089434e-01 0.0
    5.3176399999999999e+00 1.5000000000000000e+00 3.5163834007492240e-01 4.6612152846983373e-01 0.0
    5.4282899999999996e+00 1.5000000000000000e+00 3.2972464758728809e-01 4.5929815477372343e-01 0.0
    5.5415900000000002e+00 1.5000000000000000e+00 3.0901637166349993e-01 4.5177984341481658e-01 0.0
    5.6548999999999996e+00 1.5000000000000000e+00 2.8992555976751050e-01 4.4388115266130967e-01 0.0
    5.7655500000000002e+00 1.5000000000000000e+00 2.7272251471262865e-01 4.3592558997311842e-01 0.0
    5.8709499999999997e+00 1.5000000000000000e+00 2.5755320545232618e-01 4.2821508238088196e-01 0.0
    5.9686300000000001e+00 1.5000000000000000e+00 2.4447309997513822e-01 4.2101466664768294e-01 0.0
    6.0563000000000002e+00 1.5000000000000000e+00 2.3347589110184802e-01 4.1454491984725655e-01 0.0
    6.1318999999999999e+00 1.5000000000000000e+00 2.2451909731304898e-01 4.0898154888573562e-01 0.0
    6.1936700000000000e+00 1.5000000000000000e+00 2.1754165651978871e-01 4.0445719607277714e-01 0.0
    6.2401600000000004e+00 1.5000000000000000e+00 1.4429112304997935e-01 2.7235487517675327e-01 0.0
    6.2702600000000004e+00 1.5000000000000000e+00 7.4309167530704620e-03 1.4162384650287078e-02 0.0
    6.2831900000000003e+00 1.5000000000000000e+00 0.0000000000000000e+00 0.0000000000000000e+00 0.0
    0.0000000000000000e+00 1.5000000000000000e+00 0.0000000000000000e+00 -0.0000000000000000e+00 0.0
    1.3070800000000000e-02 1.5000000000000000e+00 6.1838131916316756e-03 -1.1785015403322366e-02 0.0
    4.3517800000000002e-02 1.5000000000000000e+00 1.4735461131381489e-01 -2.7809311577603069e-01 0.0
    9.0528899999999995e-02 1.5000000000000000e+00 2.1765376540158471e-01 -4.0453124165542992e-01 0.0
    1.5299900000000000e-01 1.5000000000000000e+00 2.2471695728413918e-01 -4.0910738173978534e-01 0.0
    2.2946200000000000e-01 1.5000000000000000e+00 2.3378956416327970e-01 -4.1473489467711255e-01 0.0
    3.1812600000000002e-01 1.5000000000000000e+00 2.4493552038656735e-01 -4.2127824620732451e-01 0.0
    4.1691299999999998e-01 1.5000000000000000e+00 2.5820257478573477e-01 -4.2855899755932181e-01 0.0
    5.2350799999999997e-01 1.5000000000000000e+00 2.7360172360417040e-01 -4.3635214387526711e-01 0.0
    6.3541099999999995e-01 1.5000000000000000e+00 2.9108087699910928e-01 -4.4438646338404303e-01 0.0
    7.5000000000000000e-01 1.5000000000000000e+00 3.1049531831593047e-01 -4.5235236685212515e-01 0.0
    8.6458900000000005e-01 1.5000000000000000e+00 3.3157585557941605e-01 -4.5991886778091901e-01 0.0
    9.7649200000000003e-01 1.5000000000000000e+00 3.5390184288220183e-01 -4.6676202507078024e-01 0.0
    1.0830900000000001e+00 1.5000000000000000e+00 3.7688661398505652e-01 -4.7260329369418336e-01 0.0
    1.1818700000000000e+00 1.5000000000000000e+00 3.9977661846886559e-01 -4.7725073201060475e-01 0.0
    1.2705400000000000e+00 1.5000000000000000e+00 4.2169421295826265e-01 -4.8063816223447703e-01 0.0
    1.3470000000000000e+00 1.5000000000000000e+00 4.4167437692958716e-01 -4.8283938794645137e-01 0.0
    1.4094700000000000e+00 1.5000000000000000e+00 4.5876054370203384e-01 -4.8406011599880616e-01 0.0
    1.4564800000000000e+00 1.5000000000000000e+00 4.7207667933470820e-01 -4.8459182859522626e-01 0.0
    1.4869300000000001e+00 1.5000000000000000e+00 4.8091355158614613e-01 -4.8474247961252692e-01 0.0
    1.5000000000000000e+00 1.5000000000000000e+00 4.8475772215433394e-01 -4.8475772215433383e-01 0.0
    0.0000000000000000e+00 1.5287599999999999e+00 0.0000000000000000e+00 -0.0000000000000000e+00 0.0
    1.3070800000000000e-02 1.5287599999999999e+00 6.1213753061116205e-03 -1.1874050526302110e-02 0.0
    4.3517800000000002e-02 1.5287599999999999e+00 1.4588377089548671e-01 -2.8022674339597847e-01 0.0
    9.0528899999999995e-02 1.5287599999999999e+00 2.1552104537627789e-01 -4.0771027807488103e-01 0.0
    1.5299900000000000e-01 1.5287599999999999e+00 2.2257178806996625e-01 -4.1242755831704153e-01 0.0
    2.2946200000000000e-01 1.5287599999999999e+00 2.3163368350393709e-01 -4.1823778098387621e-01 0.0
    3.1812600000000002e-01 1.5287599999999999e+00 2.4277461545399318e-01 -4.2500753537370767e-01 0.0
    4.1691299999999998e-01 1.5287599999999999e+00 2.5604739558698297e-01 -4.3256014662011472e-01 0.0
    5.2350799999999997e-01 1.5287599999999999e+00 2.7146916783137176e-01 -4.4067142405641846e-01 0.0
    6.3541099999999995e-01 1.5287599999999999e+00 2.8899483565129663e-01 -4.4906925308054224e-01 0.0
    7.5000000000000000e-01 1.5287599999999999e+00 3.0848695895932721e-01 -4.5744060497117650e-01 0.0
    8.6458900000000005e-01 1.5287599999999999e+00 3.2968291776363212e-01 -4.6544767468780651e-01 0.0
    9.7649200000000003e-01 1.5287599999999999e+00 3.5216650120092668e-01 -4.7275575691344168e-01 0.0
    1.0830900000000001e+00 1.5287599999999999e+00 3.7535160578516452e-01 -4.7907157312209853e-01 0.0
    1.1818700000000000e+00 1.5287599999999999e+00 3.9847961515210012e-01 -4.8418509327002357e-01 0.0
    1.2705400000000000e+00 1.5287599999999999e+00 4.2066119684350695e-01 -4.8801048693083271e-01 0.0
    1.3470000000000000e+00 1.5287599999999999e+00 4.4091285110673539e-01 -4.9060202353190091e-01 0.0
    1.4094700000000000e+00 1.5287599999999999e+00 4.5825456540678777e-01 -4.9214846443326360e-01 0.0
    1.4564800000000000e+00 1.5287599999999999e+00 4.7178483576766528e-01 -4.9292813780423206e-01 0.0
    1.4869300000000001e+00 1.5287599999999999e+00 4.8077106317993307e-01 -4.9324021397995871e-01 0.0
    1.5000000000000000e+00 1.5287599999999999e+00 4.8468201272669559e-01 -4.9332485279754440e-01 0.0
    0.0000000000000000e+00 1.5957399999999999e+00 0.0000000000000000e+00 -0.0000000000000000e+00 0.0
    1.3070800000000000e-02 1.5957399999999999e+00 5.9690942445598284e-03 -1.2080350444058505e-02 0.0
    4.3517800000000002e-02 1.5957399999999999e+00 1.4229304851105157e-01 -2.8517240269246341e-01 0.0
    9.0528899999999995e-02 1.5957399999999999e+00 2.1030638709587418e-01 -4.1508367134900059e-01 0.0
    1.5299900000000000e-01 1.5957399999999999e+00 2.1731510624226066e-01 -4.2013483357331294e-01 0.0
    2.2946200000000000e-01 1.5957399999999999e+00 2.2633518693771770e-01 -4.2637804731045681e-01 0.0
    3.1812600000000002e-01 1.5957399999999999e+00 2.3744355355126479e-01 -4.3368554823450783e-01 0.0
    4.1691299999999998e-01 1.5957399999999999e+00 2.5070474069846171e-01 -4.4188565090814158e-01 0.0
    5.2350799999999997e-01 1.5957399999999999e+00 2.6615031848461285e-01 -4.5075710337235325e-01 0.0
    6.3541099999999995e-01 1.5957399999999999e+00 2.8375186851169937e-01 -4.6002685015576561e-01 0.0
    7.5000000000000000e-01 1.5957399999999999e+00 3.0338967602789157e-01 -4.6937495541915575e-01 0.0
    8.6458900000000005e-01 1.5957399999999999e+00 3.2481766754632596e-01 -4.7844858566304321e-01 0.0
    9.7649200000000003e-01 1.5957399999999999e+00 3.4763165587123795e-01 -4.8688827074656249e-01 0.0
    1.0830900000000001e+00 1.5957399999999999e+00 3.7124885493819754e-01 -4.9436584480272472e-01 0.0
    1.1818700000000000e+00 1.5957399999999999e+00 3.9490087842219623e-01 -5.0062740169274067e-01 0.0
    1.2705400000000000e+00 1.5957399999999999e+00 4.1767278748674985e-01 -5.0553833545813753e-01 0.0
    1.3470000000000000e+00 1.5957399999999999e+00 4.3853886291088390e-01 -5.0910325758791974e-01 0.0
    1.4094700000000000e+00 1.5957399999999999e+00 4.5646424975214306e-01 -5.1146664315871015e-01 0.0
    1.4564800000000000e+00 1.5957399999999999e+00 4.7048693699266753e-01 -5.1287131993721768e-01 0.0
    1.4869300000000001e+00 1.5957399999999999e+00 4.7981820384469392e-01 -5.1359181004131360e-01 0.0
    1.5000000000000000e+00 1.5957399999999999e+00 4.8388381669488517e-01 -5.1385241460930298e-01 0.0
    0.0000000000000000e+00 1.6991600000000000e+00 0.0000000000000000e+00 -0.0000000000000000e+00 0.0
    1.3070800000000000e-02 1.6991600000000000e+00 5.7147882094865324e-03 -1.2394921702251194e-02 0.0
    4.3517800000000002e-02 1.6991600000000000e+00 1.3628694987083415e-01 -2.9271881166616975e-01 0.0
    9.0528899999999995e-02 1.6991600000000000e+00 2.0156128996037137e-01 -4.2634666124230830e-01 0.0
    1.5299900000000000e-01 1.6991600000000000e+00 2.0846708116583809e-01 -4.3192546577761470e-01 0.0
    2.2946200000000000e-01 1.6991600000000000e+00 2.1737311402653361e-01 -4.3885508765177988e-01 0.0
    3.1812600000000002e-01 1.6991600000000000e+00 2.2836961300923869e-01 -4.4701843473945729e-01 0.0
    4.1691299999999998e-01 1.6991600000000000e+00 2.4153874486618446e-01 -4.5625402479114097e-01 0.0
    5.2350799999999997e-01 1.6991600000000000e+00 2.5693432677380901e-01 -4.6634816276021002e-01 0.0
    6.3541099999999995e-01 1.6991600000000000e+00 2.7455442489304921e-01 -4.7702973228345796e-01 0.0
    7.5000000000000000e-01 1.6991600000000000e+00 2.9430852794675161e-01 -4.8797156080359161e-01 0.0
    8.6458900000000005e-01 1.6991600000000000e+00 3.1597933588307631e-01 -4.9880048158508511e-01 0.0
    9.7649200000000003e-01 1.6991600000000000e+00 3.3918592478308729e-01 -5.0912024600156147e-01 0.0
    1.0830900000000001e+00 1.6991600000000000e+00 3.6335651612397535e-01 -5.1854785093700306e-01 0.0
    1.1818700000000000e+00 1.6991600000000000e+00 3.8771397856476869e-01 -5.2675725623366554e-01 0.0
    1.2705400000000000e+00 1.6991600000000000e+00 4.1130940382587045e-01 -5.3353031738401580e-01 0.0
    1.3470000000000000e+00 1.6991600000000000e+00 4.3305549734880888e-01 -5.3878301507160631e-01 0.0
    1.4094700000000000e+00 1.6991600000000000e+00 4.5183344673085851e-01 -5.4257711566937794e-01 0.0
    1.4564800000000000e+00 1.6991600000000000e+00 4.6658573156313632e-01 -5.4508577456614471e-01 0.0
    1.4869300000000001e+00 1.6991600000000000e+00 4.7643314774537671e-01 -5.4653236984379472e-01 0.0
    1.5000000000000000e+00 1.6991600000000000e+00 4.8073133321908607e-01 -5.4710701605296963e-01 0.0
    0.0000000000000000e+00 1.8366000000000000e+00 0.0000000000000000e+00 -0.0000000000000000e+00 0.0
    1.3070800000000000e-02 1.8366000000000000e+00 5.3401686119598051e-03 -1.2802243873490866e-02 0.0
    4.3517800000000002e-02 1.8366000000000000e+00 1.2742095011534590e-01 -3.0249951238189898e-01 0.0
    9.0528899999999995e-02 1.8366000000000000e+00 1.8860889003565451e-01 -4.4096627395534471e-01 0.0
    1.5299900000000000e-01 1.8366000000000000e+00 1.9530035963781411e-01 -4.4726183994354130e-01 0.0
    2.2946200000000000e-01 1.8366000000000000e+00 2.0395326937687266e-01 -4.5512790130920106e-01 0.0
    3.1812600000000002e-01 1.8366000000000000e+00 2.1467357155421632e-01 -4.6446519758024563e-01 0.0
    4.1691299999999998e-01 1.8366000000000000e+00 2.2756507898729308e-01 -4.7513059853525702e-01 0.0
    5.2350799999999997e-01 1.8366000000000000e+00 2.4271003448497691e-01 -4.8692643196833529e-01 0.0
    6.3541099999999995e-01 1.8366000000000000e+00 2.6014187402244560e-01 -4.9959115877939325e-01 0.0
    7.5000000000000000e-01 1.8366000000000000e+00 2.7981116980753834e-01 -5.1279548299620337e-01 0.0
    8.6458900000000005e-01 1.8366000000000000e+00 3.0154402723644469e-01 -5.2614614331108200e-01 0.0
    9.7649200000000003e-01 1.8366000000000000e+00 3.2499900615882155e-01 -5.3920269873923921e-01 0.0
    1.0830900000000001e+00 1.8366000000000000e+00 3.4963077895567796e-01 -5.5150953093653388e-01 0.0
    1.1818700000000000e+00 1.8366000000000000e+00 3.7466461749867791e-01 -5.6263821592478613e-01 0.0
    1.2705400000000000e+00 1.8366000000000000e+00 3.9912041400130971e-01 -5.7224483805695514e-01 0.0
    1.3470000000000000e+00 1.8366000000000000e+00 4.2184043246175701e-01 -5.8010421667934786e-01 0.0
    1.4094700000000000e+00 1.8366000000000000e+00 4.4160064506658275e-01 -5.8613853423279993e-01 0.0
    1.4564800000000000e+00 1.8366000000000000e+00 4.5721734755039145e-01 -5.9039622612320963e-01 0.0
    1.4869300000000001e+00 1.8366000000000000e+00 4.6768754451461897e-01 -5.9300342521369342e-01 0.0
    1.5000000000000000e+00 1.8366000000000000e+00 4.7226910655881366e-01 -5.9408265150897976e-01 0.0
    0.0000000000000000e+00 2.0048200000000000e+00 0.0000000000000000e+00 -0.0000000000000000e+00 0.0
    1.3070800000000000e-02 2.0048200000000000e+00 4.8242456824794189e-03 -1.3276848274861240e-02 0.0
    4.3517800000000002e-02 2.0048200000000000e+00 1.1518222358529889e-01 -3.1390898553312613e-01 0.0
    9.0528899999999995e-02 2.0048200000000000e+00 1.7066206523644292e-01 -4.5805187141982745e-01 0.0
    1.5299900000000000e-01 2.0048200000000000e+00 1.7696007075005579e-01 -4.6523088210499691e-01 0.0
    2.2946200000000000e-01 2.0048200000000000e+00 1.8512993499596384e-01 -4.7425714974436345e-01 0.0
    3.1812600000000002e-01 2.0048200000000000e+00 1.9529228031545950e-01 -4.8505850262403033e-01 0.0
    4.1691299999999998e-01 2.0048200000000000e+00 2.0757258141861001e-01 -4.9752145906078815e-01 0.0
    5.2350799999999997e-01 2.0048200000000000e+00 2.2208351697693726e-01 -5.1147733522307182e-01 0.0
    6.3541099999999995e-01 2.0048200000000000e+00 2.3889904097179107e-01 -5.2668789282799722e-01 0.0
    7.5000000000000000e-01 2.0048200000000000e+00 2.5802028793609477e-01 -5.4283450886720719e-01 0.0
    8.6458900000000005e-01 2.0048200000000000e+00 2.7933155953922523e-01 -5.5951291546749926e-01 0.0
    9.7649200000000003e-01 2.0048200000000000e+00 3.0255120740171310e-01 -5.7623994984507065e-01 0.0
    1.0830900000000001e+00 2.0048200000000000e+00 3.2718496462702135e-01 -5.9247653061721528e-01 0.0
    1.1818700000000000e+00 2.0048200000000000e+00 3.5248640631551387e-01 -6.0766380450618829e-01 0.0
    1.2705400000000000e+00 2.0048200000000000e+00 3.7746627598096988e-01 -6.2128454188668936e-01 0.0
    1.3470000000000000e+00 2.0048200000000000e+00 4.0090939396512815e-01 -6.3290496203700641e-01 0.0
    1.4094700000000000e+00 2.0048200000000000e+00 4.2148618945060046e-01 -6.4222672371398359e-01 0.0
    1.4564800000000000e+00 2.0048200000000000e+00 4.3787333200725553e-01 -6.4908835562225931e-01 0.0
    1.4869300000000001e+00 2.0048200000000000e+00 4.4892252841111685e-01 -6.5344230420326832e-01 0.0
    1.5000000000000000e+00 2.0048200000000000e+00 4.5377332476902699e-01 -6.5528578118369574e-01 0.0
    0.0000000000000000e+00 2.1998799999999998e+00 0.0000000000000000e+00 -0.0000000000000000e+00 0.0
    1.3070800000000000e-02 2.1998799999999998e+00 4.1482382979763600e-03 -1.3781119027811513e-02 0.0
    4.3517800000000002e-02 2.1998799999999998e+00 9.9107605268434124e-02 -3.2604720613150595e-01 0.0
    9.0528899999999995e-02 2.1998799999999998e+00 1.4699978065516439e-01 -4.7626598286953675e-01 0.0
    1.5299900000000000e-01 2.1998799999999998e+00 1.5264857021104034e-01 -4.8444134887985946e-01 0.0
    2.2946200000000000e-01 2.1998799999999998e+00 1.6000104740957208e-01 -4.9478357648877064e-01 0.0
    3.1812600000000002e-01 2.1998799999999998e+00 1.6918594999981548e-01 -5.0725758675901744e-01 0.0
    4.1691299999999998e-01 2.1998799999999998e+00 1.8034363996455111e-01 -5.2179254955596943e-01 0.0
    5.2350799999999997e-01 2.1998799999999998e+00 1.9361134950743611e-01 -5.3826493779601259e-01 0.0
    6.3541099999999995e-01 2.1998799999999998e+00 2.0910023684091400e-01 -5.5647885300716249e-01 0.0
    7.5000000000000000e-01 2.1998799999999998e+00 2.2686348062346107e-01 -5.7614712041792238e-01 0.0
    8.6458900000000005e-01 2.1998799999999998e+00 2.4685256740041864e-01 -5.9687442419523407e-01 0.0
    9.7649200000000003e-01 2.1998799999999998e+00 2.6886476948256749e-01 -6.1814958725992142e-01 0.0
    1.0830900000000001e+00 2.1998799999999998e+00 2.9248778127094016e-01 -6.3935306761959254e-01 0.0
    1.1818700000000000e+00 2.1998799999999998e+00 3.1704587201657825e-01 -6.5977872894619150e-01 0.0
    1.2705400000000000e+00 2.1998799999999998e+00 3.4159027367704664e-01 -6.7869257736692346e-01 0.0
    1.3470000000000000e+00 2.1998799999999998e+00 3.6489933382448492e-01 -6.9537736514951676e-01 0.0
    1.4094700000000000e+00 2.1998799999999998e+00 3.8558132925462346e-01 -7.0921225562518719e-01 0.0
    1.4564800000000000e+00 2.1998799999999998e+00 4.0220352798833131e-01 -7.1970813150698387e-01 0.0
    1.4869300000000001e+00 2.1998799999999998e+00 4.1348782773348891e-01 -7.2653039508015504e-01 0.0
    1.5000000000000000e+00 2.1998799999999998e+00 4.1846148799454458e-01 -7.2946169076467338e-01 0.0
    0.0000000000000000e+00 2.4172099999999999e+00 0.0000000000000000e+00 -0.0000000000000000e+00 0.0
    1.3070800000000000e-02 2.4172099999999999e+00 3.3029412457650665e-03 -1.4265007337338450e-02 0.0
    4.3517800000000002e-02 2.4172099999999999e+00 7.8962328507270585e-02 -3.3770991494200314e-01 0.0
    9.0528899999999995e-02 2.4172099999999999e+00 1.1723851908778703e-01 -4.9380281863548547e-01 0.0
    1.5299900000000000e-01 2.4172099999999999e+00 1.2191617178121981e-01 -5.0299091985386868e-01 0.0
    2.2946200000000000e-01 2.4172099999999999e+00 1.2802450774655927e-01 -5.1467838382367381e-01 0.0
    3.1812600000000002e-01 2.4172099999999999e+00 1.3568698327228759e-01 -5.2887471931713059e-01 0.0
    4.1691299999999998e-01 2.4172099999999999e+00 1.4504308058940024e-01 -5.4556238835575022e-01 0.0
    5.2350799999999997e-01 2.4172099999999999e+00 1.5623737223581810e-01 -5.6467761139877548e-01 0.0
    6.3541099999999995e-01 2.4172099999999999e+00 1.6940134674045487e-01 -5.8608602123532838e-01 0.0
    7.5000000000000000e-01 2.4172099999999999e+00 1.8462660495344760e-01 -6.0955577811769968e-01 0.0
    8.6458900000000005e-01 2.4172099999999999e+00 2.0192585569803226e-01 -6.3472794233838015e-01 0.0
    9.7649200000000003e-01 2.4172099999999999e+00 2.2118271342796625e-01 -6.6109097868712585e-01 0.0
    1.0830900000000001e+00 2.4172099999999999e+00 2.4209391874348862e-01 -6.8796646590274546e-01 0.0
    1.1818700000000000e+00 2.4172099999999999e+00 2.6410689430434042e-01 -7.1450670605173894e-01 0.0
    1.2705400000000000e+00 2.4172099999999999e+00 2.8639206324333916e-01 -7.3973973181576425e-01 0.0
    1.3470000000000000e+00 2.4172099999999999e+00 3.0782392554625870e-01 -7.6260599649493155e-01 0.0
    1.4094700000000000e+00 2.4172099999999999e+00 3.2706315759087823e-01 -7.8206387412829514e-01 0.0
    1.4564800000000000e+00 2.4172099999999999e+00 3.4268015515741540e-01 -7.9716799225962409e-01 0.0
    1.4869300000000001e+00 2.4172099999999999e+00 3.5336146503094684e-01 -8.0716181773119444e-01 0.0
    1.5000000000000000e+00 2.4172099999999999e+00 3.5808992310600352e-01 -8.1150174452994672e-01 0.0
    0.0000000000000000e+00 2.6517200000000001e+00 0.0000000000000000e+00 -0.0000000000000000e+00 0.0
    1.3070800000000000e-02 2.6517200000000001e+00 2.2970837399467238e-03 -1.4670091558053943e-02 0.0
    4.3517800000000002e-02 2.6517200000000001e+00 5.4944845396475914e-02 -3.4748468323308668e-01 0.0
    9.0528899999999995e-02 2.6517200000000001e+00 8.1648275286700170e-02 -5.0852827044918880e-01 0.0
    1.5299900000000000e-01 2.6517200000000001e+00 8.5007068222802809e-02 -5.1860740284082019e-01 0.0
    2.2946200000000000e-01 2.6517200000000001e+00 8.9405230986232903e-02 -5.3148448242286084e-01 0.0
    3.1812600000000002e-01 2.6517200000000001e+00 9.4941831373737351e-02 -5.4721383802526635e-01 0.0
    4.1691299999999998e-01 2.6517200000000001e+00 1.0173164822221212e-01 -5.6583307928293569e-01 0.0
    5.2350799999999997e-01 2.6517200000000001e+00 1.0989835158505942e-01 -5.8734282395888038e-01 0.0
    6.3541099999999995e-01 2.6517200000000001e+00 1.1956232250718306e-01 -6.1167917198946831e-01 0.0
    7.5000000000000000e-01 2.6517200000000001e+00 1.3082164670522653e-01 -6.3868045480393443e-01 0.0
    8.6458900000000005e-01 2.6517200000000001e+00 1.4372288710427478e-01 -6.6804614759113290e-01 0.0
    9.7649200000000003e-01 2.6517200000000001e+00 1.5822121074673834e-01 -6.9929367211909488e-01 0.0
    1.0830900000000001e+00 2.6517200000000001e+00 1.7413121048133295e-01 -7.3171987907858049e-01 0.0
    1.1818700000000000e+00 2.6517200000000001e+00 1.9106943207598570e-01 -7.6436823264969256e-01 0.0
    1.2705400000000000e+00 2.6517200000000001e+00 2.0841899637782907e-01 -7.9604957201347137e-01 0.0
    1.3470000000000000e+00 2.6517200000000001e+00 2.2529922832918825e-01 -8.2535805388634376e-01 0.0
    1.4094700000000000e+00 2.6517200000000001e+00 2.4061809247263588e-01 -8.5079264127369936e-01 0.0
    1.4564800000000000e+00 2.6517200000000001e+00 2.5316977491845150e-01 -8.7087856016311249e-01 0.0
    1.4869300000000001e+00 2.6517200000000001e+00 2.6181564424397757e-01 -8.8434527929135198e-01 0.0
    1.5000000000000000e+00 2.6517200000000001e+00 2.6565902372630390e-01 -8.9023932753372181e-01 0.0
    0.0000000000000000e+00 2.8978999999999999e+00 0.0000000000000000e+00 -0.0000000000000000e+00 0.0
    1.3070800000000000e-02 2.8978999999999999e+00 1.1636667695968882e-03 -1.4939132818949256e-02 0.0
    4.3517800000000002e-02 2.8978999999999999e+00 2.7844041315705347e-02 -3.5398245680277274e-01 0.0
    9.0528899999999995e-02 2.8978999999999999e+00 4.1399800609159342e-02 -5.1833089419705447e-01 0.0
    1.5299900000000000e-01 2.8978999999999999e+00 4.3137085262374260e-02 -5.2902382304270446e-01 0.0
    2.2946200000000000e-01 2.8978999999999999e+00 4.5416141931240071e-02 -5.4272353777384730e-01 0.0
    3.1812600000000002e-01 2.8978999999999999e+00 4.8291868934080773e-02 -5.5951822743259327e-01 0.0
    4.1691299999999998e-01 2.8978999999999999e+00 5.1828832380284379e-02 -5.7948798609902608e-01 0.0
    5.2350799999999997e-01 2.8978999999999999e+00 5.6098168937897264e-02 -6.0268437733876801e-01 0.0
    6.3541099999999995e-01 2.8978999999999999e+00 6.1171697008327322e-02 -6.2910138037761931e-01 0.0
    7.5000000000000000e-01 2.8978999999999999e+00 6.7112318778041011e-02 -6.5863835528303416e-01 0.0
    8.6458900000000005e-01 2.8978999999999999e+00 7.3958649932304693e-02 -6.9105126326007449e-01 0.0
    9.7649200000000003e-01 2.8978999999999999e+00 8.1703195325164971e-02 -7.2589648884802682e-01 0.0
    1.0830900000000001e+00 2.8978999999999999e+00 9.0264188108082385e-02 -7.6247300855194267e-01 0.0
    1.1818700000000000e+00 2.8978999999999999e+00 9.9451012780826978e-02 -7.9976314344339339e-01 0.0
    1.2705400000000000e+00 2.8978999999999999e+00 1.0893946242690934e-01 -8.3642845712379565e-01 0.0
    1.3470000000000000e+00 2.8978999999999999e+00 1.1824845927787123e-01 -8.7080104054177920e-01 0.0
    1.4094700000000000e+00 2.8978999999999999e+00 1.2676312847270213e-01 -9.0100905067528603e-01 0.0
    1.4564800000000000e+00 2.8978999999999999e+00 1.3378756112726856e-01 -9.2512888192342591e-01 0.0
    1.4869300000000001e+00 2.8978999999999999e+00 1.3865143243227948e-01 -9.4143727245305275e-01 0.0
    1.5000000000000000e+00 2.8978999999999999e+00 1.4082025157334990e-01 -9.4861083029857918e-01 0.0
    0.0000000000000000e+00 3.1499999999999999e+00 -0.0000000000000000e+00 -0.0000000000000000e+00 0.0
    1.3070800000000000e-02 3.1499999999999999e+00 -4.0389558059173927e-05 -1.5029666779466860e-02 0.0
    4.3517800000000002e-02 3.1499999999999999e+00 -9.6655018217658268e-04 -3.5617002892835609e-01 0.0
    9.0528899999999995e-02 3.1499999999999999e+00 -1.4373853398051517e-03 -5.2163359236591500e-01 0.0
    1.5299900000000000e-01 3.1499999999999999e+00 -1.4981037707254828e-03 -5.3253704595467399e-01 0.0
    2.2946200000000000e-01 3.1499999999999999e+00 -1.5778065054949698e-03 -5.4651949210836448e-01 0.0
    3.1812600000000002e-01 3.1499999999999999e+00 -1.6784557544068759e-03 -5.6368128787230154e-01 0.0
    4.1691299999999998e-01 3.1499999999999999e+00 -1.8023703794147997e-03 -5.8411794416637264e-01 0.0
    5.2350799999999997e-01 3.1499999999999999e+00 -1.9521232109777245e-03 -6.0789975471597113e-01 0.0
    6.3541099999999995e-01 3.1499999999999999e+00 -2.1303408420588637e-03 -6.3504236340005593e-01 0.0
    7.5000000000000000e-01 3.1499999999999999e+00 -2.3393719889156072e-03 -6.6546857827956862e-01 0.0
    8.6458900000000005e-01 3.1499999999999999e+00 -2.5807485866172824e-03 -6.9895703995137515e-01 0.0
    9.7649200000000003e-01 3.1499999999999999e+00 -2.8544099266779722e-03 -7.3508149852853855e-01 0.0
    1.0830900000000001e+00 3.1499999999999999e+00 -3.1576861855742641e-03 -7.7314589824885738e-01 0.0
    1.1818700000000000e+00 3.1499999999999999e+00 -3.4840297514862804e-03 -8.1211498808701543e-01 0.0
    1.2705400000000000e+00 3.1499999999999999e+00 -3.8220669204057519e-03 -8.5059995207771022e-01 0.0
    1.3470000000000000e+00 3.1499999999999999e+00 -4.1546818336451411e-03 -8.8683885888309288e-01 0.0
    1.4094700000000000e+00 3.1499999999999999e+00 -4.4597607288340332e-03 -9.1882173174470039e-01 0.0
    1.4564800000000000e+00 3.1499999999999999e+00 -4.7120553578975646e-03 -9.4445306766100445e-01 0.0
    1.4869300000000001e+00 3.1499999999999999e+00 -4.8870741929764950e-03 -9.6183251621743016e-01 0.0
    1.5000000000000000e+00 3.1499999999999999e+00 -4.9652015568842165e-03 -9.6949001524172229e-01 0.0
    0.0000000000000000e+00 3.4020999999999999e+00 -0.0000000000000000e+00 -0.0000000000000000e+00 0.0
    1.3070800000000000e-02 3.4020999999999999e+00 -1.2428892117883499e-03 -1.4926281789182151e-02 0.0
    4.3517800000000002e-02 3.4020999999999999e+00 -2.9739161655568808e-02 -3.5367197954901824e-01 0.0
    9.0528899999999995e-02 3.4020999999999999e+00 -4.4216355959290854e-02 -5.1786225164946187e-01 0.0
    1.5299900000000000e-01 3.4020999999999999e+00 -4.6070085473860697e-02 -5.2852545989514799e-01 0.0
    2.2946200000000000e-01 3.4020999999999999e+00 -4.8501687035907341e-02 -5.4218528388706655e-01 0.0
    3.1812600000000002e-01 3.4020999999999999e+00 -5.1569550719532245e-02 -5.5892821758635070e-01 0.0
    4.1691299999999998e-01 3.4020999999999999e+00 -5.5342301885856336e-02 -5.7883221340628022e-01 0.0
    5.2350799999999997e-01 3.4020999999999999e+00 -5.9895472877197299e-02 -6.0194624266899399e-01 0.0
    6.3541099999999995e-01 3.4020999999999999e+00 -6.5305196165569387e-02 -6.2826130153164861e-01 0.0
    7.5000000000000000e-01 3.4020999999999999e+00 -7.1637947963491752e-02 -6.5767354521339572e-01 0.0
    8.6458900000000005e-01 3.4020999999999999e+00 -7.8934156799585292e-02 -6.8993587283588209e-01 0.0
    9.7649200000000003e-01 3.4020999999999999e+00 -8.7184974551483191e-02 -7.2460238832339396e-01 0.0
    1.0830900000000001e+00 3.4020999999999999e+00 -9.6302367670697636e-02 -7.6097155081743983e-01 0.0
    1.1818700000000000e+00 3.4020999999999999e+00 -1.0608247964337270e-01 -7.9802831425236986e-01 0.0
    1.2705400000000000e+00 3.4020999999999999e+00 -1.1617958186059672e-01 -8.3444140032399960e-01 0.0
    1.3470000000000000e+00 3.4020999999999999e+00 -1.2608166011853988e-01 -8.6855600856971216e-01 0.0
    1.4094700000000000e+00 3.4020999999999999e+00 -1.3513528468848848e-01 -8.9851933595630129e-01 0.0
    1.4564800000000000e+00 3.4020999999999999e+00 -1.4260181519714299e-01 -9.2243127314801743e-01 0.0
    1.4869300000000001e+00 3.4020999999999999e+00 -1.4777046531327237e-01 -9.3859261025384133e-01 0.0
    1.5000000000000000e+00 3.4020999999999999e+00 -1.5007483330108282e-01 -9.4569979400058080e-01 0.0
    0.0000000000000000e+00 3.6482800000000002e+00 -0.0000000000000000e+00 -0.0000000000000000e+00 0.0
    1.3070800000000000e-02 3.6482800000000002e+00 -2.3719665477030605e-03 -1.4645617722739058e-02 0.0
    4.3517800000000002e-02 3.6482800000000002e+00 -5.6734172697835997e-02 -3.4689382914269212e-01 0.0
    9.0528899999999995e-02 3.6482800000000002e+00 -8.4302883753429245e-02 -5.0763745091622114e-01 0.0
    1.5299900000000000e-01 3.6482800000000002e+00 -8.7764555667598332e-02 -5.1766162296455687e-01 0.0
    2.2946200000000000e-01 3.6482800000000002e+00 -9.2296678784794403e-02 -5.3046516637526220e-01 0.0
    3.1812600000000002e-01 3.6482800000000002e+00 -9.8000698623488758e-02 -5.4609949617314835e-01 0.0
    4.1691299999999998e-01 3.6482800000000002e+00 -1.0499398137158131e-01 -5.6459859678621360e-01 0.0
    5.2350799999999997e-01 3.6482800000000002e+00 -1.1340271335016587e-01 -5.8595878819745950e-01 0.0
    6.3541099999999995e-01 3.6482800000000002e+00 -1.2334928246114008e-01 -6.1011136527830756e-01 0.0
    7.5000000000000000e-01 3.6482800000000002e+00 -1.3493266016147443e-01 -6.3688971326758481e-01 0.0
    8.6458900000000005e-01 3.6482800000000002e+00 -1.4819833903239901e-01 -6.6598892161699630e-01 0.0
    9.7649200000000003e-01 3.6482800000000002e+00 -1.6309746676094253e-01 -6.9692372305084871e-01 0.0
    1.0830900000000001e+00 3.6482800000000002e+00 -1.7943665050938856e-01 -7.2899160368177651e-01 0.0
    1.1818700000000000e+00 3.6482800000000002e+00 -1.9681956252560573e-01 -7.6124213103753968e-01 0.0
    1.2705400000000000e+00 3.6482800000000002e+00 -2.1461155387001929e-01 -7.9249959606143239e-01 0.0
    1.3470000000000000e+00 3.6482800000000002e+00 -2.3190957064487264e-01 -8.2138070888297987e-01 0.0
    1.4094700000000000e+00 3.6482800000000002e+00 -2.4759676804988390e-01 -8.4641539587139425e-01 0.0
    1.4564800000000000e+00 3.6482800000000002e+00 -2.6044259076377579e-01 -8.6616551279423437e-01 0.0
    1.4869300000000001e+00 3.6482800000000002e+00 -2.6928706151725712e-01 -8.7939682517117290e-01 0.0
    1.5000000000000000e+00 3.6482800000000002e+00 -2.7321767663751667e-01 -8.8518518170357097e-01 0.0
    0.0000000000000000e+00 3.8827900000000000e+00 -0.0000000000000000e+00 -0.0000000000000000e+00 0.0
    1.3070800000000000e-02 3.8827900000000000e+00 -3.3715536577600927e-03 -1.4230999813935394e-02 0.0
    4.3517800000000002e-02 3.8827900000000000e+00 -8.0599024293326105e-02 -3.3688977921519991e-01 0.0
    9.0528899999999995e-02 3.8827900000000000e+00 -1.1966004405439465e-01 -4.9256844339168221e-01 0.0
    1.5299900000000000e-01 3.8827900000000000e+00 -1.2442190287803731e-01 -5.0168354097570400e-01 0.0
    2.2946200000000000e-01 3.8827900000000000e+00 -1.3063877010332239e-01 -5.1327378438104454e-01 0.0
    3.1812600000000002e-01 3.8827900000000000e+00 -1.3843510150415861e-01 -5.2734524034168528e-01 0.0
    4.1691299999999998e-01 3.8827900000000000e+00 -1.4795118832356757e-01 -5.4387619505393436e-01 0.0
    5.2350799999999997e-01 3.8827900000000000e+00 -1.5933191790031401e-01 -5.6279808758378502e-01 0.0
    6.3541099999999995e-01 3.8827900000000000e+00 -1.7270819187139758e-01 -5.8397146723352322e-01 0.0
    7.5000000000000000e-01 3.8827900000000000e+00 -1.8816964133201888e-01 -6.0715966404610044e-01 0.0
    8.6458900000000005e-01 3.8827900000000000e+00 -2.0572509658267030e-01 -6.3200009932928525e-01 0.0
    9.7649200000000003e-01 3.8827900000000000e+00 -2.2525195307647297e-01 -6.5798016302980777e-01 0.0
    1.0830900000000001e+00 3.8827900000000000e+00 -2.4643824024067393e-01 -6.8442470003214340e-01 0.0
    1.1818700000000000e+00 3.8827900000000000e+00 -2.6872044315839427e-01 -7.1049571681648105e-01 0.0
    1.2705400000000000e+00 3.8827900000000000e+00 -2.9125693894455212e-01 -7.3523882826618314e-01 0.0
    1.3470000000000000e+00 3.8827900000000000e+00 -3.1291038400360066e-01 -7.5762100213192296e-01 0.0
    1.4094700000000000e+00 3.8827900000000000e+00 -3.3233174803880661e-01 -7.7663439038613558e-01 0.0
    1.4564800000000000e+00 3.8827900000000000e+00 -3.4808492667182178e-01 -7.9137130927332877e-01 0.0
    1.4869300000000001e+00 3.8827900000000000e+00 -3.5885336689036806e-01 -8.0111088792245455e-01 0.0
    1.5000000000000000e+00 3.8827900000000000e+00 -3.6361883801199085e-01 -8.0533749355463291e-01 0.0
    0.0000000000000000e+00 4.1001200000000004e+00 -0.0000000000000000e+00 -0.0000000000000000e+00 0.0
    1.3070800000000000e-02 4.1001200000000004e+00 -4.2097059788907308e-03 -1.3739991040913946e-02 0.0
    4.3517800000000002e-02 4.1001200000000004e+00 -1.0057073297069975e-01 -3.2505661939693714e-01 0.0
    9.0528899999999995e-02 4.1001200000000004e+00 -1.4915709317779874e-01 -4.7477810861625647e-01 0.0
    1.5299900000000000e-01 4.1001200000000004e+00 -1.5487019033168839e-01 -4.8286996681829708e-01 0.0
    2.2946200000000000e-01 4.1001200000000004e+00 -1.6230431637296747e-01 -4.9310160705355621e-01 0.0
    3.1812600000000002e-01 4.1001200000000004e+00 -1.7158795441964503e-01 -5.0543458074092362e-01 0.0
    4.1691299999999998e-01 4.1001200000000004e+00 -1.8286071471835619e-01 -5.1979410989153918e-01 0.0
    5.2350799999999997e-01 4.1001200000000004e+00 -1.9625830416982315e-01 -5.3605236847012117e-01 0.0
    6.3541099999999995e-01 4.1001200000000004e+00 -2.1188926903417660e-01 -5.5400923159342697e-01 0.0
    7.5000000000000000e-01 4.1001200000000004e+00 -2.2980280620717361e-01 -5.7337404629892874e-01 0.0
    8.6458900000000005e-01 4.1001200000000004e+00 -2.4994488010971819e-01 -5.9374978433044179e-01 0.0
    9.7649200000000003e-01 4.1001200000000004e+00 -2.7210580571066045e-01 -6.1462665618890289e-01 0.0
    1.0830900000000001e+00 4.1001200000000004e+00 -2.9586543007534577e-01 -6.3539112910706952e-01 0.0
    1.1818700000000000e+00 4.1001200000000004e+00 -3.2054034049675212e-01 -6.5534923861425454e-01 0.0
    1.2705400000000000e+00 4.1001200000000004e+00 -3.4517586812920420e-01 -6.7378591381566699e-01 0.0
    1.3470000000000000e+00 4.1001200000000004e+00 -3.6854778456224474e-01 -6.9000967906569344e-01 0.0
    1.4094700000000000e+00 4.1001200000000004e+00 -3.8926626211733523e-01 -7.0343002045463443e-01 0.0
    1.4564800000000000e+00 4.1001200000000004e+00 -4.0590465174329687e-01 -7.1358951558891515e-01 0.0
    1.4869300000000001e+00 4.1001200000000004e+00 -4.1719328182370397e-01 -7.2018200142911792e-01 0.0
    1.5000000000000000e+00 4.1001200000000004e+00 -4.2216714145111151e-01 -7.2301169141246746e-01 0.0
    0.0000000000000000e+00 4.2951800000000002e+00 -0.0000000000000000e+00 -0.0000000000000000e+00 0.0
    1.3070800000000000e-02 4.2951800000000002e+00 -4.8786467427352600e-03 -1.3230860236191013e-02 0.0
    4.3517800000000002e-02 4.2951800000000002e+00 -1.1647406358584779e-01 -3.1280281342685573e-01 0.0
    9.0528899999999995e-02 4.2951800000000002e+00 -1.7255956483539339e-01 -4.5639390484201853e-01 0.0
    1.5299900000000000e-01 4.2951800000000002e+00 -1.7890369731115383e-01 -4.6348502005650360e-01 0.0
    2.2946200000000000e-01 4.2951800000000002e+00 -1.8713087359844782e-01 -4.7239557102882512e-01 0.0
    3.1812600000000002e-01 4.2951800000000002e+00 -1.9736053144648091e-01 -4.8305044347786008e-01 0.0
    4.1691299999999998e-01 4.2951800000000002e+00 -2.0971629440370171e-01 -4.9533286072021820e-01 0.0
    5.2350799999999997e-01 4.2951800000000002e+00 -2.2430811191619265e-01 -5.0907079321816806e-01 0.0
    6.3541099999999995e-01 4.2951800000000002e+00 -2.4120614490252185e-01 -5.2402309800723446e-01 0.0
    7.5000000000000000e-01 4.2951800000000002e+00 -2.6040659593880250e-01 -5.3986939413958146e-01 0.0
    8.6458900000000005e-01 4.2951800000000002e+00 -2.8178783434712462e-01 -5.5620576139485378e-01 0.0
    9.7649200000000003e-01 4.2951800000000002e+00 -3.0506177361969961e-01 -5.7255260947913322e-01 0.0
    1.0830900000000001e+00 4.2951800000000002e+00 -3.2972815154871948e-01 -5.8837874482452845e-01 0.0
    1.1818700000000000e+00 4.2951800000000002e+00 -3.5503636931587090e-01 -6.0313839083076459e-01 0.0
    1.2705400000000000e+00 4.2951800000000002e+00 -3.7999639898703313e-01 -6.1633241114490367e-01 0.0
    1.3470000000000000e+00 4.2951800000000002e+00 -4.0339695718392710e-01 -6.2754954628752213e-01 0.0
    1.4094700000000000e+00 4.2951800000000002e+00 -4.2391732184734948e-01 -6.3651599396081282e-01 0.0
    1.4564800000000000e+00 4.2951800000000002e+00 -4.4024678381203680e-01 -6.4309428186122897e-01 0.0
    1.4869300000000001e+00 4.2951800000000002e+00 -4.5125071915932335e-01 -6.4725719705749840e-01 0.0
    1.5000000000000000e+00 4.2951800000000002e+00 -4.5608002570760925e-01 -6.4901684469796872e-01 0.0
    0.0000000000000000e+00 4.4634000000000000e+00 -0.0000000000000000e+00 -0.0000000000000000e+00 0.0
    1.3070800000000000e-02 4.4634000000000000e+00 -5.3882642165340522e-03 -1.2753221867108006e-02 0.0
    4.3517800000000002e-02 4.4634000000000000e+00 -1.2856029377491743e-01 -3.0132183362111808e-01 0.0
    9.0528899999999995e-02 4.4634000000000000e+00 -1.9027590390027407e-01 -4.3920463534138698e-01 0.0
    1.5299900000000000e-01 4.4634000000000000e+00 -1.9699859466035910e-01 -4.4541192131137258e-01 0.0
    2.2946200000000000e-01 4.4634000000000000e+00 -2.0568905277568714e-01 -4.5316240473521818e-01 0.0
    3.1812600000000002e-01 4.4634000000000000e+00 -2.1645145886597306e-01 -4.6235442546804900e-01 0.0
    4.1691299999999998e-01 4.4634000000000000e+00 -2.2938713025505467e-01 -4.7284231571166940e-01 0.0
    5.2350799999999997e-01 4.4634000000000000e+00 -2.4457495538620921e-01 -4.8442606941777994e-01 0.0
    6.3541099999999995e-01 4.4634000000000000e+00 -2.6204409385485339e-01 -4.9684252567831255e-01 0.0
    7.5000000000000000e-01 4.4634000000000000e+00 -2.8174001584828806e-01 -5.0976214798244079e-01 0.0
    8.6458900000000005e-01 4.4634000000000000e+00 -3.0348325414530114e-01 -5.2279364339205048e-01 0.0
    9.7649200000000003e-01 4.4634000000000000e+00 -3.2692704103650994e-01 -5.3550160100612576e-01 0.0
    1.0830900000000001e+00 4.4634000000000000e+00 -3.5152206922532175e-01 -5.4743916672947313e-01 0.0
    1.1818700000000000e+00 4.4634000000000000e+00 -3.7649237093118698e-01 -5.5819074558888437e-01 0.0
    1.2705400000000000e+00 4.4634000000000000e+00 -4.0086064055398823e-01 -5.6742865536736176e-01 0.0
    1.3470000000000000e+00 4.4634000000000000e+00 -4.2347683421719645e-01 -5.7494643051847294e-01 0.0
    1.4094700000000000e+00 4.4634000000000000e+00 -4.4312914334435138e-01 -5.8068524867646543e-01 0.0
    1.4564800000000000e+00 4.4634000000000000e+00 -4.5864899636264994e-01 -5.8471094855536399e-01 0.0
    1.4869300000000001e+00 4.4634000000000000e+00 -4.6904854508958815e-01 -5.8716356236645639e-01 0.0
    1.5000000000000000e+00 4.4634000000000000e+00 -4.7359775064602183e-01 -5.8817541779336324e-01 0.0
    0.0000000000000000e+00 4.6008399999999998e+00 -0.0000000000000000e+00 -0.0000000000000000e+00 0.0
    1.3070800000000000e-02 4.6008399999999998e+00 -5.7577362416823463e-03 -1.2344174346879722e-02 0.0
    4.3517800000000002e-02 4.6008399999999998e+00 -1.3730205433675907e-01 -2.9150098708992761e-01 0.0
    9.0528899999999995e-02 4.6008399999999998e+00 -2.0304113654086847e-01 -4.2452806490379313e-01 0.0
    1.5299900000000000e-01 4.6008399999999998e+00 -2.0996694418090639e-01 -4.3002022815829177e-01 0.0
    2.2946200000000000e-01 4.6008399999999998e+00 -2.1889580342616888e-01 -4.3683696301909797e-01 0.0
    3.1812600000000002e-01 4.6008399999999998e+00 -2.2991584589325434e-01 -4.4485928009973530e-01 0.0
    4.1691299999999998e-01 4.6008399999999998e+00 -2.4310642937177629e-01 -4.5392382819515537e-01 0.0
    5.2350799999999997e-01 4.6008399999999998e+00 -2.5851777876096116e-01 -4.6381542575300561e-01 0.0
    6.3541099999999995e-01 4.6008399999999998e+00 -2.7614361796861725e-01 -4.7426234545593737e-01 0.0
    7.5000000000000000e-01 4.6008399999999998e+00 -2.9588855883140353e-01 -4.8493828364552766e-01 0.0
    8.6458900000000005e-01 4.6008399999999998e+00 -3.1753037247908866e-01 -4.9547310813294171e-01 0.0
    9.7649200000000003e-01 4.6008399999999998e+00 -3.4068396603019852e-01 -5.0547638776531045e-01 0.0
    1.0830900000000001e+00 4.6008399999999998e+00 -3.6477526456789844e-01 -5.1457407267119737e-01 0.0
    1.1818700000000000e+00 4.6008399999999998e+00 -3.8902798659567700e-01 -5.2245218063097409e-01 0.0
    1.2705400000000000e+00 4.6008399999999998e+00 -4.1249821196166436e-01 -5.2890682034857417e-01 0.0
    1.3470000000000000e+00 4.6008399999999998e+00 -4.3410826403585850e-01 -5.3386939741083006e-01 0.0
    1.4094700000000000e+00 4.6008399999999998e+00 -4.5275282168714936e-01 -5.3741637485257387e-01 0.0
    1.4564800000000000e+00 4.6008399999999998e+00 -4.6738997601260041e-01 -5.3973355831510994e-01 0.0
    1.4869300000000001e+00 4.6008399999999998e+00 -4.7715548345986092e-01 -5.4105382502759758e-01 0.0
    1.5000000000000000e+00 4.6008399999999998e+00 -4.8141664904114251e-01 -5.4157373410744425e-01 0.0
    0.0000000000000000e+00 4.7042599999999997e+00 -0.0000000000000000e+00 -0.0000000000000000e+00 0.0
    1.3070800000000000e-02 4.7042599999999997e+00 -6.0082326259996658e-03 -1.2028719429680132e-02 0.0
    4.3517800000000002e-02 4.7042599999999997e+00 -1.4321636076777369e-01 -2.8393439393006398e-01 0.0
    9.0528899999999995e-02 4.7042599999999997e+00 -2.1164832044356161e-01 -4.1323735374450932e-01 0.0
    1.5299900000000000e-01 4.7042599999999997e+00 -2.1866934625693255e-01 -4.1820405472691546e-01 0.0
    2.2946200000000000e-01 4.7042599999999997e+00 -2.2770220310876996e-01 -4.2433763467718372e-01 0.0
    3.1812600000000002e-01 4.7042599999999997e+00 -2.3882157066847384e-01 -4.3150881887268067e-01 0.0
    4.1691299999999998e-01 4.7042599999999997e+00 -2.5208905468244752e-01 -4.3954455166918499e-01 0.0
    5.2350799999999997e-01 4.7042599999999997e+00 -2.6753259525066214e-01 -4.4822270304030809e-01 0.0
    6.3541099999999995e-01 4.7042599999999997e+00 -2.8511954162544234e-01 -4.5727029872552266e-01 0.0
    7.5000000000000000e-01 4.7042599999999997e+00 -3.0472563198311803e-01 -4.6636898408704874e-01 0.0
    8.6458900000000005e-01 4.7042599999999997e+00 -3.2610047851575069e-01 -4.7516957638073459e-01 0.0
    9.7649200000000003e-01 4.7042599999999997e+00 -3.4883665112352752e-01 -4.8331877099667991e-01 0.0
    1.0830900000000001e+00 4.7042599999999997e+00 -3.7235025936494032e-01 -4.9049722497136777e-01 0.0
    1.1818700000000000e+00 4.7042599999999997e+00 -3.9587508815128347e-01 -4.9646227012046018e-01 0.0
    1.2705400000000000e+00 4.7042599999999997e+00 -4.1850239353461527e-01 -5.0109194113221767e-01 0.0
    1.3470000000000000e+00 4.7042599999999997e+00 -4.3921692316039168e-01 -5.0440387421331689e-01 0.0
    1.4094700000000000e+00 4.7042599999999997e+00 -4.5699759725972428e-01 -5.0655431731398159e-01 0.0
    1.4564800000000000e+00 4.7042599999999997e+00 -4.7089773109573557e-01 -5.0779567835664408e-01 0.0
    1.4869300000000001e+00 4.7042599999999997e+00 -4.8014290296852047e-01 -5.0840924765803985e-01 0.0
    1.5000000000000000e+00 4.7042599999999997e+00 -4.8416986962885067e-01 -5.0862373421835660e-01 0.0
    0.0000000000000000e+00 4.7712399999999997e+00 -0.0000000000000000e+00 -0.0000000000000000e+00 0.0
    1.3070800000000000e-02 4.7712399999999997e+00 -6.1580934050633760e-03 -1.1822023848672890e-02 0.0
    4.3517800000000002e-02 4.7712399999999997e+00 -1.4674883933112465e-01 -2.7897992159268464e-01 0.0
    9.0528899999999995e-02 4.7712399999999997e+00 -2.1677564225615600e-01 -4.0585241107889486e-01 0.0
    1.5299900000000000e-01 4.7712399999999997e+00 -2.2383406060408897e-01 -4.1048700165233737e-01 0.0
    2.2946200000000000e-01 4.7712399999999997e+00 -2.3290273162760830e-01 -4.1619015646028668e-01 0.0
    3.1812600000000002e-01 4.7712399999999997e+00 -2.4404723394558331e-01 -4.2282720151942316e-01 0.0
    4.1691299999999998e-01 4.7712399999999997e+00 -2.5731742008101782e-01 -4.3022040354520208e-01 0.0
    5.2350799999999997e-01 4.7712399999999997e+00 -2.7272683485373889e-01 -4.3814506403826670e-01 0.0
    6.3541099999999995e-01 4.7712399999999997e+00 -2.9022627935097306e-01 -4.4632955608541064e-01 0.0
    7.5000000000000000e-01 4.7712399999999997e+00 -3.0967403359881118e-01 -4.5446282927030990e-01 0.0
    8.6458900000000005e-01 4.7712399999999997e+00 -3.3080359580401852e-01 -4.6221104088908155e-01 0.0
    9.7649200000000003e-01 4.7712399999999997e+00 -3.5319610953708269e-01 -4.6924577227619546e-01 0.0
    1.0830900000000001e+00 4.7712399999999997e+00 -3.7626508142473164e-01 -4.7528237951122076e-01 0.0
    1.1818700000000000e+00 4.7712399999999997e+00 -3.9925479710082662e-01 -4.8012146441156311e-01 0.0
    1.2705400000000000e+00 4.7712399999999997e+00 -4.2128271268732642e-01 -4.8368878041097130e-01 0.0
    1.3470000000000000e+00 4.7712399999999997e+00 -4.4137611277350325e-01 -4.8605014526496720e-01 0.0
    1.4094700000000000e+00 4.7712399999999997e+00 -4.5856870578536474e-01 -4.8740437326386221e-01 0.0
    1.4564800000000000e+00 4.7712399999999997e+00 -4.7197392086891321e-01 -4.8803762849216881e-01 0.0
    1.4869300000000001e+00 4.7712399999999997e+00 -4.8087287698328818e-01 -4.8825434068374240e-01 0.0
    1.5000000000000000e+00 4.7712399999999997e+00 -4.8474479452863084e-01 -4.8829797153168336e-01 0.0
    0.0000000000000000e+00 4.7999999999999998e+00 -0.0000000000000000e+00 -0.0000000000000000e+00 0.0
    1.3070800000000000e-02 4.7999999999999998e+00 -6.2195058218967939e-03 -1.1732859194365973e-02 0.0
    4.3517800000000002e-02 4.7999999999999998e+00 -1.4819501939763829e-01 -2.7684348119711705e-01 0.0
    9.0528899999999995e-02 4.7999999999999998e+00 -2.1887142569484794e-01 -4.0266987183792546e-01 0.0
    1.5299900000000000e-01 4.7999999999999998e+00 -2.2594039526356594e-01 -4.0716415833293190e-01 0.0
    2.2946200000000000e-01 4.7999999999999998e+00 -2.3501732722233365e-01 -4.1268580015058287e-01 0.0
    3.1812600000000002e-01 4.7999999999999998e+00 -2.4616383329273603e-01 -4.1909810404925696e-01 0.0
    4.1691299999999998e-01 4.7999999999999998e+00 -2.5942470054637790e-01 -4.2622170285689348e-01 0.0
    5.2350799999999997e-01 4.7999999999999998e+00 -2.7480735113858795e-01 -4.3383123589446410e-01 0.0
    6.3541099999999995e-01 4.7999999999999998e+00 -2.9225566057064806e-01 -4.4165613247274738e-01 0.0
    7.5000000000000000e-01 4.7999999999999998e+00 -3.1162075697194841e-01 -4.4938893613406578e-01 0.0
    8.6458900000000005e-01 4.7999999999999998e+00 -3.3262975710904380e-01 -4.5670273583233134e-01 0.0
    9.7649200000000003e-01 4.7999999999999998e+00 -3.5485962191373377e-01 -4.6327990586940604e-01 0.0
    1.0830900000000001e+00 4.7999999999999998e+00 -3.7772358563671671e-01 -4.6885043354379052e-01 0.0
    1.1818700000000000e+00 4.7999999999999998e+00 -4.0047128316115044e-01 -4.7323273586666542e-01 0.0
    1.2705400000000000e+00 4.7999999999999998e+00 -4.2223207233392629e-01 -4.7637176781759083e-01 0.0
    1.3470000000000000e+00 4.7999999999999998e+00 -4.4205180421564355e-01 -4.7835227097172062e-01 0.0
    1.4094700000000000e+00 4.7999999999999998e+00 -4.5898756259689882e-01 -4.7938931084148895e-01 0.0
    1.4564800000000000e+00 4.7999999999999998e+00 -4.7217803936749808e-01 -4.7978151484175863e-01 0.0
    1.4869300000000001e+00 4.7999999999999998e+00 -4.8092744492854567e-01 -4.7984150813861159e-01 0.0
    1.5000000000000000e+00 4.7999999999999998e+00 -4.8473255156104578e-01 -4.7981781877709068e-01 0.0
    1.5000000000000000e+00 1.5000000000000000e+00 4.8475772215433394e-01 -4.8475772215433383e-01 0.0
    1.5287599999999999e+00 1.5000000000000000e+00 4.9332485279754457e-01 -4.8468201272669553e-01 0.0
    1.5957399999999999e+00 1.5000000000000000e+00 5.1385241460930309e-01 -4.8388381669488506e-01 0.0
    1.6991600000000000e+00 1.5000000000000000e+00 5.4710701605296963e-01 -4.8073133321908612e-01 0.0
    1.8366000000000000e+00 1.5000000000000000e+00 5.9408265150897976e-01 -4.7226910655881382e-01 0.0
    2.0048200000000000e+00 1.5000000000000000e+00 6.5528578118369563e-01 -4.5377332476902715e-01 0.0
    2.1998799999999998e+00 1.5000000000000000e+00 7.2946169076467349e-01 -4.1846148799454447e-01 0.0
    2.4172099999999999e+00 1.5000000000000000e+00 8.1150174452994672e-01 -3.5808992310600357e-01 0.0
    2.6517200000000001e+00 1.5000000000000000e+00 8.9023932753372181e-01 -2.6565902372630390e-01 0.0
    2.8978999999999999e+00 1.5000000000000000e+00 9.4861083029857918e-01 -1.4082025157334993e-01 0.0
    3.1499999999999999e+00 1.5000000000000000e+00 9.6949001524172229e-01 4.9652015568843735e-03 0.0
    3.4020999999999999e+00 1.5000000000000000e+00 9.4569979400058068e-01 1.5007483330108295e-01 0.0
    3.6482800000000002e+00 1.5000000000000000e+00 8.8518518170357097e-01 2.7321767663751678e-01 0.0
    3.8827900000000000e+00 1.5000000000000000e+00 8.0533749355463291e-01 3.6361883801199080e-01 0.0
    4.1001200000000004e+00 1.5000000000000000e+00 7.2301169141246724e-01 4.2216714145111162e-01 0.0
    4.2951800000000002e+00 1.5000000000000000e+00 6.4901684469796872e-01 4.5608002570760925e-01 0.0
    4.4634000000000000e+00 1.5000000000000000e+00 5.8817541779336313e-01 4.7359775064602194e-01 0.0
    4.6008399999999998e+00 1.5000000000000000e+00 5.4157373410744436e-01 4.8141664904114245e-01 0.0
    4.7042599999999997e+00 1.5000000000000000e+00 5.0862373421835649e-01 4.8416986962885072e-01 0.0
    4.7712399999999997e+00 1.5000000000000000e+00 4.8829797153168331e-01 4.8474479452863090e-01 0.0
    4.7999999999999998e+00 1.5000000000000000e+00 4.7981781877709068e-01 4.8473255156104578e-01 0.0
    1.5000000000000000e+00 1.5287599999999999e+00 4.8468201272669559e-01 -4.9332485279754440e-01 0.0
    1.5287599999999999e+00 1.5287599999999999e+00 4.9340191227420027e-01 -4.9340191227420022e-01 0.0
    1.5957399999999999e+00 1.5287599999999999e+00 5.1431770690950651e-01 -4.9295839233206201e-01 0.0
    1.6991600000000000e+00 1.5287599999999999e+00 5.4826783341552465e-01 -4.9034189881464491e-01 0.0
    1.8366000000000000e+00 1.5287599999999999e+00 5.9636680974034484e-01 -4.8253878282022461e-01 0.0
    2.0048200000000000e+00 1.5287599999999999e+00 6.5928220464655385e-01 -4.6468180041647855e-01 0.0
    2.1998799999999998e+00 1.5287599999999999e+00 7.3591304620234332e-01 -4.2969035008564449e-01 0.0
    2.4172099999999999e+00 1.5287599999999999e+00 8.2115682442948001e-01 -3.6881182816433972e-01 0.0
    2.6517200000000001e+00 1.5287599999999999e+00 9.0345590952234134e-01 -2.7441057992843337e-01 0.0
    2.8978999999999999e+00 1.5287599999999999e+00 9.6477792686179531e-01 -1.4577414005012326e-01 0.0
    3.1499999999999999e+00 1.5287599999999999e+00 9.8677701075294799e-01 5.1438542867810744e-03 0.0
    3.4020999999999999e+00 1.5287599999999999e+00 9.6171345673919317e-01 1.5533751754373568e-01 0.0
    3.6482800000000002e+00 1.5287599999999999e+00 8.9815875040772453e-01 2.8216546390369884e-01 0.0
    3.8827900000000000e+00 1.5287599999999999e+00 8.1473392773727138e-01 3.7442113037898667e-01 0.0
    4.1001200000000004e+00 1.5287599999999999e+00 7.2923298012932691e-01 4.3339261007791563e-01 0.0
    4.2951800000000002e+00 1.5287599999999999e+00 6.5282489945680977e-01 4.6693656763377500e-01 0.0
    4.4634000000000000e+00 1.5287599999999999e+00 5.9030922440289912e-01 4.8379171126821569e-01 0.0
    4.6008399999999998e+00 1.5287599999999999e+00 5.4261310102300309e-01 4.9094165227424663e-01 0.0
    4.7042599999999997e+00 1.5287599999999999e+00 5.0898716366733332e-01 4.9315570256750590e-01 0.0
    4.7712399999999997e+00 1.5287599999999999e+00 4.8828473129483835e-01 4.9337537584952701e-01 0.0
    4.7999999999999998e+00 1.5287599999999999e+00 4.7965649658619092e-01 4.9321041207926813e-01 0.0
    1.5000000000000000e+00 1.5957399999999999e+00 4.8388381669488517e-01 -5.1385241460930298e-01 0.0
    1.5287599999999999e+00 1.5957399999999999e+00 4.9295839233206218e-01 -5.1431770690950651e-01 0.0
    1.5957399999999999e+00 1.5957399999999999e+00 5.1478044405559709e-01 -5.1478044405559698e-01 0.0
    1.6991600000000000e+00 1.5957399999999999e+00 5.5036935073493476e-01 -5.1354876623690482e-01 0.0
    1.8366000000000000e+00 1.5957399999999999e+00 6.0114867895277746e-01 -5.0748343183085620e-01 0.0
    2.0048200000000000e+00 1.5957399999999999e+00 6.6821276064457513e-01 -4.9138318022518546e-01 0.0
    2.1998799999999998e+00 1.5957399999999999e+00 7.5089686092247898e-01 -4.5743627235716955e-01 0.0
    2.4172099999999999e+00 1.5957399999999999e+00 8.4419050223051340e-01 -3.9558553961852033e-01 0.0
    2.6517200000000001e+00 1.5957399999999999e+00 9.3560524908885279e-01 -2.9648842987678264e-01 0.0
    2.8978999999999999e+00 1.5957399999999999e+00 1.0045954108734165e+00 -1.5836730680079089e-01 0.0
    3.1499999999999999e+00 1.5957399999999999e+00 1.0295304357562782e+00 5.5992522917071019e-03 0.0
    3.4020999999999999e+00 1.5957399999999999e+00 1.0011297575899709e+00 1.6871055333535240e-01 0.0
    3.6482800000000002e+00 1.5957399999999999e+00 9.2968103447773931e-01 3.0472349047855724e-01 0.0
    3.8827900000000000e+00 1.5957399999999999e+00 8.3711211481233672e-01 4.0137413918842163e-01 0.0
    4.1001200000000004e+00 1.5957399999999999e+00 7.4364490655657800e-01 4.6110732306721680e-01 0.0
    4.2951800000000002e+00 1.5957399999999999e+00 6.6129580495840146e-01 4.9348977152682577e-01 0.0
    4.4634000000000000e+00 1.5957399999999999e+00 5.9473023675985248e-01 5.0853410527576626e-01 0.0
    4.6008399999999998e+00 1.5957399999999999e+00 5.4442719163903608e-01 5.1392604131314601e-01 0.0
    4.7042599999999997e+00 1.5957399999999999e+00 5.0921147761789620e-01 5.1475032024749001e-01 0.0
    4.7712399999999997e+00 1.5957399999999999e+00 4.8763142581163066e-01 5.1406403919207033e-01 0.0
    4.7999999999999998e+00 1.5957399999999999e+00 4.7866006002451217e-01 5.1351165852346981e-01 0.0
    1.5000000000000000e+00 1.6991600000000000e+00 4.8073133321908607e-01 -5.4710701605296963e-01 0.0
    1.5287599999999999e+00 1.6991600000000000e+00 4.9034189881464502e-01 -5.4826783341552454e-01 0.0
    1.5957399999999999e+00 1.6991600000000000e+00 5.1354876623690460e-01 -5.5036935073493487e-01 0.0
    1.6991600000000000e+00 1.6991600000000000e+00 5.5168933778573737e-01 -5.5168933778573725e-01 0.0
    1.8366000000000000e+00 1.6991600000000000e+00 6.0674809105045702e-01 -5.4893502267153627e-01 0.0
    2.0048200000000000e+00 1.6991600000000000e+00 6.8063902108141361e-01 -5.3640759185940901e-01 0.0
    2.1998799999999998e+00 1.6991600000000000e+00 7.7363214861256513e-01 -5.0507674085108312e-01 0.0
    2.4172099999999999e+00 1.6991600000000000e+00 8.8115214910511552e-01 -4.4251031782772826e-01 0.0
    2.6517200000000001e+00 1.6991600000000000e+00 9.8927671920046856e-01 -3.3597382197585557e-01 0.0
    2.8978999999999999e+00 1.6991600000000000e+00 1.0727593176924450e+00 -1.8123796916344137e-01 0.0
    3.1499999999999999e+00 1.6991600000000000e+00 1.1033411923744130e+00 6.4309218110505592e-03 0.0
    3.4020999999999999e+00 1.6991600000000000e+00 1.0685261686433520e+00 1.9297879597386464e-01 0.0
    3.6482800000000002e+00 1.6991600000000000e+00 9.8218441200320183e-01 3.4501466128407504e-01 0.0
    3.8827900000000000e+00 1.6991600000000000e+00 8.7289564837145128e-01 4.4853944248681071e-01 0.0
    4.1001200000000004e+00 1.6991600000000000e+00 7.6539077789051690e-01 5.0861854068015311e-01 0.0
    4.2951800000000002e+00 1.6991600000000000e+00 6.7295515164260722e-01 5.3819673709164784e-01 0.0
    4.4634000000000000e+00 1.6991600000000000e+00 5.9974682399103940e-01 5.4959221559815830e-01 0.0
    4.6008399999999998e+00 1.6991600000000000e+00 5.4529567945364987e-01 5.5165228773168140e-01 0.0
    4.7042599999999997e+00 1.6991600000000000e+00 5.0761347871264195e-01 5.4992585325063048e-01 0.0
    4.7712399999999997e+00 1.6991600000000000e+00 4.8469746583898998e-01 5.4760680649489357e-01 0.0
    4.7999999999999998e+00 1.6991600000000000e+00 4.7520960734202849e-01 5.4636249528835978e-01 0.0
    1.5000000000000000e+00 1.8366000000000000e+00 4.7226910655881366e-01 -5.9408265150897976e-01 0.0
    1.5287599999999999e+00 1.8366000000000000e+00 4.8253878282022455e-01 -5.9636680974034484e-01 0.0
    1.5957399999999999e+00 1.8366000000000000e+00 5.0748343183085598e-01 -6.0114867895277757e-01 0.0
    1.6991600000000000e+00 1.8366000000000000e+00 5.4893502267153638e-01 -6.0674809105045691e-01 0.0
    1.8366000000000000e+00 1.8366000000000000e+00 6.0979248677795073e-01 -6.0979248677795062e-01 0.0
    2.0048200000000000e+00 1.8366000000000000e+00 6.9341618990795639e-01 -6.0403141739951061e-01 0.0
    2.1998799999999998e+00 1.8366000000000000e+00 8.0196826809052868e-01 -5.7871871060795799e-01 0.0
    2.4172099999999999e+00 1.8366000000000000e+00 9.3231884933149278e-01 -5.1751678464453532e-01 0.0
    2.6517200000000001e+00 1.8366000000000000e+00 1.0689555222486891e+00 -4.0126821926005379e-01 0.0
    2.8978999999999999e+00 1.8366000000000000e+00 1.1784894571576332e+00 -2.2006960901452904e-01 0.0
    3.1499999999999999e+00 1.8366000000000000e+00 1.2195343566271371e+00 7.8567858348540329e-03 0.0
    3.4020999999999999e+00 1.8366000000000000e+00 1.1728474864922012e+00 2.3412805092005148e-01 0.0
    3.6482800000000002e+00 1.8366000000000000e+00 1.0598153572787801e+00 4.1149276173103105e-01 0.0
    3.8827900000000000e+00 1.8366000000000000e+00 9.2211835077554760e-01 5.2373603237603539e-01 0.0
    4.1001200000000004e+00 1.8366000000000000e+00 7.9219458508467766e-01 5.8187314035289550e-01 0.0
    4.2951800000000002e+00 1.8366000000000000e+00 6.8461372967878553e-01 6.0518481354179021e-01 0.0
    4.4634000000000000e+00 1.8366000000000000e+00 6.0198598972771977e-01 6.0974251576763283e-01 0.0
    4.6008399999999998e+00 1.8366000000000000e+00 5.4194646452033401e-01 6.0600643081955508e-01 0.0
    4.7042599999999997e+00 1.8366000000000000e+00 5.0108392155187209e-01 6.0002443681680540e-01 0.0
    4.7712399999999997e+00 1.8366000000000000e+00 4.7650296837469985e-01 5.9504687312401416e-01 0.0
    4.7999999999999998e+00 1.8366000000000000e+00 4.6638462185429952e-01 5.9268968373751618e-01 0.0
    1.5000000000000000e+00 2.0048200000000000e+00 4.5377332476902699e-01 -6.5528578118369574e-01 0.0
    1.5287599999999999e+00 2.0048200000000000e+00 4.6468180041647866e-01 -6.5928220464655374e-01 0.0
    1.5957399999999999e+00 2.0048200000000000e+00 4.9138318022518562e-01 -6.6821276064457502e-01 0.0
    1.6991600000000000e+00 2.0048200000000000e+00 5.3640759185940878e-01 -6.8063902108141383e-01 0.0
    1.8366000000000000e+00 2.0048200000000000e+00 6.0403141739951072e-01 -6.9341618990795628e-01 0.0
    2.0048200000000000e+00 2.0048200000000000e+00 7.0002978427262019e-01 -7.0002978427262008e-01 0.0
    2.1998799999999998e+00 2.0048200000000000e+00 8.3027433476234935e-01 -6.8780669954319262e-01 0.0
    2.4172099999999999e+00 2.0048200000000000e+00 9.9573335145388309e-01 -6.3450854937112322e-01 0.0
    2.6517200000000001e+00 2.0048200000000000e+00 1.1807842676805949e+00 -5.0883870288324384e-01 0.0
    2.8978999999999999e+00 2.0048200000000000e+00 1.3385459976512430e+00 -2.8694728456877205e-01 0.0
    3.1499999999999999e+00 2.0048200000000000e+00 1.3999829924161744e+00 1.0353998179382795e-02 0.0
    3.4020999999999999e+00 2.0048200000000000e+00 1.3302024820259908e+00 3.0483449587441158e-01 0.0
    3.6482800000000002e+00 2.0048200000000000e+00 1.1680105892664330e+00 5.2061085757609127e-01 0.0
    3.8827900000000000e+00 2.0048200000000000e+00 9.8240918085752527e-01 6.4054943232596495e-01 0.0
    4.1001200000000004e+00 2.0048200000000000e+00 8.1827588846651667e-01 6.8997069337163686e-01 0.0
    4.2951800000000002e+00 2.0048200000000000e+00 6.8975179181432733e-01 6.9995432832421156e-01 0.0
    4.4634000000000000e+00 2.0048200000000000e+00 5.9525365551633347e-01 6.9214424920793571e-01 0.0
    4.6008399999999998e+00 2.0048200000000000e+00 5.2875872385292222e-01 6.7875468523722415e-01 0.0
    4.7042599999999997e+00 2.0048200000000000e+00 4.8450509598581770e-01 6.6602613132492605e-01 0.0
    4.7712399999999997e+00 2.0048200000000000e+00 4.5826461653774458e-01 6.5695608874482514e-01 0.0
    4.7999999999999998e+00 2.0048200000000000e+00 4.4754480834262567e-01 6.5291120054598617e-01 0.0
    1.5000000000000000e+00 2.1998799999999998e+00 4.1846148799454458e-01 -7.2946169076467338e-01 0.0
    1.5287599999999999e+00 2.1998799999999998e+00 4.2969035008564432e-01 -7.3591304620234355e-01 0.0
    1.5957399999999999e+00 2.1998799999999998e+00 4.5743627235716933e-01 -7.5089686092247909e-01 0.0
    1.6991600000000000e+00 2.1998799999999998e+00 5.0507674085108323e-01 -7.7363214861256502e-01 0.0
    1.8366000000000000e+00 2.1998799999999998e+00 5.7871871060795776e-01 -8.0196826809052879e-01 0.0
    2.0048200000000000e+00 2.1998799999999998e+00 6.8780669954319240e-01 -8.3027433476234969e-01 0.0
    2.1998799999999998e+00 2.1998799999999998e+00 8.4502922672430547e-01 -8.4502922672430536e-01 0.0
    2.4172099999999999e+00 2.1998799999999998e+00 1.0617966808192099e+00 -8.1675349087928029e-01 0.0
    2.6517200000000001e+00 2.1998799999999998e+00 1.3301251151410629e+00 -6.9192223049857471e-01 0.0
    2.8978999999999999e+00 2.1998799999999998e+00 1.5839867354652029e+00 -4.0989778500384455e-01 0.0
    3.1499999999999999e+00 2.1998799999999998e+00 1.6899237590723202e+00 1.5087165278283143e-02 0.0
    3.4020999999999999e+00 2.1998799999999998e+00 1.5699203536548199e+00 4.3428935976062510e-01 0.0
    3.6482800000000002e+00 2.1998799999999998e+00 1.3106343940847152e+00 7.0518523959645718e-01 0.0
    3.8827900000000000e+00 2.1998799999999998e+00 1.0435776173352866e+00 8.2137258939172453e-01 0.0
    4.1001200000000004e+00 2.1998799999999998e+00 8.3007554255453386e-01 8.4489690575124521e-01 0.0
    4.2951800000000002e+00 2.1998799999999998e+00 6.7586190942432256e-01 8.2792319255822555e-01 0.0
    4.4634000000000000e+00 2.1998799999999998e+00 5.6901432310024003e-01 7.9868026581084095e-01 0.0
    4.6008399999999998e+00 2.1998799999999998e+00 4.9690655359334845e-01 7.6999025868541648e-01 0.0
    4.7042599999999997e+00 2.1998799999999998e+00 4.5025350553608817e-01 7.4714558419266619e-01 0.0
    4.7712399999999997e+00 2.1998799999999998e+00 4.2307728172689063e-01 7.3214134573262302e-01 0.0
    4.7999999999999998e+00 2.1998799999999998e+00 4.1207740336801213e-01 7.2569078309617407e-01 0.0
    1.5000000000000000e+00 2.4172099999999999e+00 3.5808992310600352e-01 -8.1150174452994672e-01 0.0
    1.5287599999999999e+00 2.4172099999999999e+00 3.6881182816433983e-01 -8.2115682442948001e-01 0.0
    1.5957399999999999e+00 2.4172099999999999e+00 3.9558553961852011e-01 -8.4419050223051351e-01 0.0
    1.6991600000000000e+00 2.4172099999999999e+00 4.4251031782772843e-01 -8.8115214910511541e-01 0.0
    1.8366000000000000e+00 2.4172099999999999e+00 5.1751678464453510e-01 -9.3231884933149289e-01 0.0
    2.0048200000000000e+00 2.4172099999999999e+00 6.3450854937112355e-01 -9.9573335145388298e-01 0.0
    2.1998799999999998e+00 2.4172099999999999e+00 8.1675349087927995e-01 -1.0617966808192099e+00 0.0
    2.4172099999999999e+00 2.4172099999999999e+00 1.0985557308870932e+00 -1.0985557308870930e+00 0.0
    2.6517200000000001e+00 2.4172099999999999e+00 1.5076272845242553e+00 -1.0195514412642153e+00 0.0
    2.8978999999999999e+00 2.4172099999999999e+00 1.9737339978786221e+00 -6.6399226022301594e-01 0.0
    3.1499999999999999e+00 2.4172099999999999e+00 2.1968111371242833e+00 2.5496679325597231e-02 0.0
    3.4020999999999999e+00 2.4172099999999999e+00 1.9454968826429988e+00 6.9965263225872210e-01 0.0
    3.6482800000000002e+00 2.4172099999999999e+00 1.4752993234059919e+00 1.0319345661204395e+00 0.0
    3.8827900000000000e+00 2.4172099999999999e+00 1.0733514486175366e+00 1.0982665605510014e+00 0.0
    4.1001200000000004e+00 2.4172099999999999e+00 7.9867466884352500e-01 1.0568330248906748e+00 0.0
    4.2951800000000002e+00 2.4172099999999999e+00 6.2133900914338214e-01 9.8948920881360114e-01 0.0
    4.4634000000000000e+00 2.4172099999999999e+00 5.0745557406087316e-01 9.2597262295890259e-01 0.0
    4.6008399999999998e+00 2.4172099999999999e+00 4.3437566231529429e-01 8.7503687372629335e-01 0.0
    4.7042599999999997e+00 2.4172099999999999e+00 3.8861581989414185e-01 8.3833765073962851e-01 0.0
    4.7712399999999997e+00 2.4172099999999999e+00 3.6248948128756492e-01 8.1549443288631485e-01 0.0
    4.7999999999999998e+00 2.4172099999999999e+00 3.5202287155344320e-01 8.0592393177217392e-01 0.0
    1.5000000000000000e+00 2.6517200000000001e+00 2.6565902372630390e-01 -8.9023932753372181e-01 0.0
    1.5287599999999999e+00 2.6517200000000001e+00 2.7441057992843332e-01 -9.0345590952234134e-01 0.0
    1.5957399999999999e+00 2.6517200000000001e+00 2.9648842987678259e-01 -9.3560524908885279e-01 0.0
    1.6991600000000000e+00 2.6517200000000001e+00 3.3597382197585574e-01 -9.8927671920046845e-01 0.0
    1.8366000000000000e+00 2.6517200000000001e+00 4.0126821926005352e-01 -1.0689555222486891e+00 0.0
    2.0048200000000000e+00 2.6517200000000001e+00 5.0883870288324384e-01 -1.1807842676805949e+00 0.0
    2.1998799999999998e+00 2.6517200000000001e+00 6.9192223049857493e-01 -1.3301251151410629e+00 0.0
    2.4172099999999999e+00 2.6517200000000001e+00 1.0195514412642155e+00 -1.5076272845242551e+00 0.0
    2.6517200000000001e+00 2.6517200000000001e+00 1.6244422181085165e+00 -1.6244422181085163e+00 0.0
    2.8978999999999999e+00 2.6517200000000001e+00 2.6029360465566129e+00 -1.2948597715378229e+00 0.0
    3.1499999999999999e+00 2.6517200000000001e+00 3.2399061320459994e+00 5.5604273863943857e-02 0.0
    3.4020999999999999e+00 2.6517200000000001e+00 2.5315224098918501e+00 1.3462278013402433e+00 0.0
    3.6482800000000002e+00 2.6517200000000001e+00 1.5696435581871480e+00 1.6235209772981143e+00 0.0
    3.8827900000000000e+00 2.6517200000000001e+00 9.8772129246405294e-01 1.4944626845413891e+00 0.0
    4.1001200000000004e+00 2.6517200000000001e+00 6.7284281914576960e-01 1.3165426509539613e+00 0.0
    4.2951800000000002e+00 2.6517200000000001e+00 4.9636289142476153e-01 1.1688710251106760e+00 0.0
    4.4634000000000000e+00 2.6517200000000001e+00 3.9234913871861982e-01 1.0586628384246570e+00 0.0
    4.6008399999999998e+00 2.6517200000000001e+00 3.2905536035706384e-01 9.8019997218539279e-01 0.0
    4.7042599999999997e+00 2.6517200000000001e+00 2.9071003718389421e-01 9.2734934079699327e-01 0.0
    4.7712399999999997e+00 2.6517200000000001e+00 2.6924392238849149e-01 8.9568715551306910e-01 0.0
    4.7999999999999998e+00 2.6517200000000001e+00 2.6072939603342415e-01 8.8266928688165547e-01 0.0
    1.5000000000000000e+00 2.8978999999999999e+00 1.4082025157334990e-01 -9.4861083029857918e-01 0.0
    1.5287599999999999e+00 2.8978999999999999e+00 1.4577414005012301e-01 -9.6477792686179542e-01 0.0
    1.5957399999999999e+00 2.8978999999999999e+00 1.5836730680079106e-01 -1.0045954108734165e+00 0.0
    1.6991600000000000e+00 2.8978999999999999e+00 1.8123796916344154e-01 -1.0727593176924450e+00 0.0
    1.8366000000000000e+00 2.8978999999999999e+00 2.2006960901452927e-01 -1.1784894571576332e+00 0.0
    2.0048200000000000e+00 2.8978999999999999e+00 2.8694728456877233e-01 -1.3385459976512430e+00 0.0
    2.1998799999999998e+00 2.8978999999999999e+00 4.0989778500384455e-01 -1.5839867354652029e+00 0.0
    2.4172099999999999e+00 2.8978999999999999e+00 6.6399226022301527e-01 -1.9737339978786224e+00 0.0
    2.6517200000000001e+00 2.8978999999999999e+00 1.2948597715378234e+00 -2.6029360465566125e+00 0.0
    2.8978999999999999e+00 2.8978999999999999e+00 3.0978384556933918e+00 -3.0978384556933913e+00 0.0
    3.1499999999999999e+00 2.8978999999999999e+00 5.0477808498434502e+00 1.7414740076193824e-01 0.0
    3.4020999999999999e+00 2.8978999999999999e+00 2.9213330539733375e+00 3.1229038325958562e+00 0.0
    3.6482800000000002e+00 2.8978999999999999e+00 1.2264575869781091e+00 2.5500585720431905e+00 0.0
    3.8827900000000000e+00 2.8978999999999999e+00 6.3711323616450966e-01 1.9377959616413019e+00 0.0
    4.1001200000000004e+00 2.8978999999999999e+00 3.9650833562352861e-01 1.5596041865689927e+00 0.0
    4.2951800000000002e+00 2.8978999999999999e+00 2.7899790594952262e-01 1.3207146347549750e+00 0.0
    4.4634000000000000e+00 2.8978999999999999e+00 2.1468909902544331e-01 1.1644898773341812e+00 0.0
    4.6008399999999998e+00 2.8978999999999999e+00 1.7719794690177681e-01 1.0610727487953484e+00 0.0
    4.7042599999999997e+00 2.8978999999999999e+00 1.5505797976370841e-01 9.9430179042225519e-01 0.0
    4.7712399999999997e+00 2.8978999999999999e+00 1.4284692216133182e-01 9.5526108076665406e-01 0.0
    4.7999999999999998e+00 2.8978999999999999e+00 1.3803920743342329e-01 9.3940146462346996e-01 0.0
    1.5000000000000000e+00 3.1499999999999999e+00 -4.9652015568842165e-03 -9.6949001524172229e-01 0.0
    1.5287599999999999e+00 3.1499999999999999e+00 -5.1438542867811351e-03 -9.8677701075294799e-01 0.0
    1.5957399999999999e+00 3.1499999999999999e+00 -5.5992522917071644e-03 -1.0295304357562782e+00 0.0
    1.6991600000000000e+00 3.1499999999999999e+00 -6.4309218110508706e-03 -1.1033411923744127e+00 0.0
    1.8366000000000000e+00 3.1499999999999999e+00 -7.8567858348541075e-03 -1.2195343566271371e+00 0.0
    2.0048200000000000e+00 3.1499999999999999e+00 -1.0353998179382571e-02 -1.3999829924161744e+00 0.0
    2.1998799999999998e+00 3.1499999999999999e+00 -1.5087165278282874e-02 -1.6899237590723202e+00 0.0
    2.4172099999999999e+00 3.1499999999999999e+00 -2.5496679325597366e-02 -2.1968111371242833e+00 0.0
    2.6517200000000001e+00 3.1499999999999999e+00 -5.5604273863944779e-02 -3.2399061320459994e+00 0.0
    2.8978999999999999e+00 3.1499999999999999e+00 -1.7414740076193744e-01 -5.0477808498434511e+00 0.0
    3.1499999999999999e+00 3.1499999999999999e+00 -3.3392725882924884e-01 3.3392725882924890e-01 0.0
    3.4020999999999999e+00 3.1499999999999999e+00 -1.6092325029018140e-01 4.9863163551708052e+00 0.0
    3.6482800000000002e+00 3.1499999999999999e+00 -5.2020145015409532e-02 3.1351092189721834e+00 0.0
    3.8827900000000000e+00 3.1499999999999999e+00 -2.4353142969910001e-02 2.1469895571487094e+00 0.0
    4.1001200000000004e+00 3.1499999999999999e+00 -1.4562523810052607e-02 1.6602833550118758e+00 0.0
    4.2951800000000002e+00 3.1499999999999999e+00 -1.0054374082387676e-02 1.3795790195389213e+00 0.0
    4.4634000000000000e+00 3.1499999999999999e+00 -7.6581731563006026e-03 1.2040219403580625e+00 0.0
    4.6008399999999998e+00 3.1499999999999999e+00 -6.2835754403191236e-03 1.0906284028123556e+00 0.0
    4.7042599999999997e+00 3.1499999999999999e+00 -5.4794053392621207e-03 1.0184530746842444e+00 0.0
    4.7712399999999997e+00 3.1499999999999999e+00 -5.0382561938527781e-03 9.7659599548307552e-01 0.0
    4.7999999999999998e+00 3.1499999999999999e+00 -4.8650295964178421e-03 9.5966080491311401e-01 0.0
    1.5000000000000000e+00 3.4020999999999999e+00 -1.5007483330108282e-01 -9.4569979400058080e-01 0.0
    1.5287599999999999e+00 3.4020999999999999e+00 -1.5533751754373595e-01 -9.6171345673919317e-01 0.0
    1.5957399999999999e+00 3.4020999999999999e+00 -1.6871055333535245e-01 -1.0011297575899709e+00 0.0
    1.6991600000000000e+00 3.4020999999999999e+00 -1.9297879597386444e-01 -1.0685261686433523e+00 0.0
    1.8366000000000000e+00 3.4020999999999999e+00 -2.3412805092005129e-01 -1.1728474864922012e+00 0.0
    2.0048200000000000e+00 3.4020999999999999e+00 -3.0483449587441136e-01 -1.3302024820259910e+00 0.0
    2.1998799999999998e+00 3.4020999999999999e+00 -4.3428935976062516e-01 -1.5699203536548199e+00 0.0
    2.4172099999999999e+00 3.4020999999999999e+00 -6.9965263225872221e-01 -1.9454968826429988e+00 0.0
    2.6517200000000001e+00 3.4020999999999999e+00 -1.3462278013402427e+00 -2.5315224098918505e+00 0.0
    2.8978999999999999e+00 3.4020999999999999e+00 -3.1229038325958571e+00 -2.9213330539733366e+00 0.0
    3.1499999999999999e+00 3.4020999999999999e+00 -4.9863163551708052e+00 1.6092325029018087e-01 0.0
    3.4020999999999999e+00 3.4020999999999999e+00 -2.9520703281193090e+00 2.9520703281193095e+00 0.0
    3.6482800000000002e+00 3.4020999999999999e+00 -1.2769293078614914e+00 2.4836302371870906e+00 0.0
    3.8827900000000000e+00 3.4020999999999999e+00 -6.7171903873757577e-01 1.9111797648175617e+00 0.0
    4.1001200000000004e+00 3.4020999999999999e+00 -4.2022505030749674e-01 1.5462028534584122e+00 0.0
    4.2951800000000002e+00 3.4020999999999999e+00 -2.9644077293770954e-01 1.3127089478794236e+00 0.0
    4.4634000000000000e+00 3.4020999999999999e+00 -2.2843056190571515e-01 1.1590505950497665e+00 0.0
    4.6008399999999998e+00 3.4020999999999999e+00 -1.8869365381654327e-01 1.0569786895094202e+00 0.0
    4.7042599999999997e+00 3.4020999999999999e+00 -1.6519699720697306e-01 9.9094308401523290e-01 0.0
    4.7712399999999997e+00 3.4020999999999999e+00 -1.5222797173975311e-01 9.5228757888640014e-01 0.0
    4.7999999999999998e+00 3.4020999999999999e+00 -1.4711993749055707e-01 9.3657544979004415e-01 0.0
    1.5000000000000000e+00 3.6482800000000002e+00 -2.7321767663751667e-01 -8.8518518170357097e-01 0.0
    1.5287599999999999e+00 3.6482800000000002e+00 -2.8216546390369890e-01 -8.9815875040772453e-01 0.0
    1.5957399999999999e+00 3.6482800000000002e+00 -3.0472349047855751e-01 -9.2968103447773920e-01 0.0
    1.6991600000000000e+00 3.6482800000000002e+00 -3.4501466128407487e-01 -9.8218441200320183e-01 0.0
    1.8366000000000000e+00 3.6482800000000002e+00 -4.1149276173103116e-01 -1.0598153572787798e+00 0.0
    2.0048200000000000e+00 3.6482800000000002e+00 -5.2061085757609171e-01 -1.1680105892664332e+00 0.0
    2.1998799999999998e+00 3.6482800000000002e+00 -7.0518523959645696e-01 -1.3106343940847152e+00 0.0
    2.4172099999999999e+00 3.6482800000000002e+00 -1.0319345661204393e+00 -1.4752993234059921e+00 0.0
    2.6517200000000001e+00 3.6482800000000002e+00 -1.6235209772981143e+00 -1.5696435581871480e+00 0.0
    2.8978999999999999e+00 3.6482800000000002e+00 -2.5500585720431905e+00 -1.2264575869781091e+00 0.0
    3.1499999999999999e+00 3.6482800000000002e+00 -3.1351092189721834e+00 5.2020145015409879e-02 0.0
    3.4020999999999999e+00 3.6482800000000002e+00 -2.4836302371870906e+00 1.2769293078614914e+00 0.0
    3.6482800000000002e+00 3.6482800000000002e+00 -1.5705397087696611e+00 1.5705397087696613e+00 0.0
    3.8827900000000000e+00 3.6482800000000002e+00 -1.0003875212859539e+00 1.4633966713641544e+00 0.0
    4.1001200000000004e+00 3.6482800000000002e+00 -6.8601729775241971e-01 1.2977753335757694e+00 0.0
    4.2951800000000002e+00 3.6482800000000002e+00 -5.0798114940912498e-01 1.1565329790155474e+00 0.0
    4.4634000000000000e+00 3.6482800000000002e+00 -4.0242290050259666e-01 1.0498102035044634e+00 0.0
    4.6008399999999998e+00 3.6482800000000002e+00 -3.3795992125026209e-01 9.7331642830919662e-01 0.0
    4.7042599999999997e+00 3.6482800000000002e+00 -2.9882147754937743e-01 9.2159113244248958e-01 0.0
    4.7712399999999997e+00 3.6482800000000002e+00 -2.7688336207034148e-01 8.9053385575917887e-01 0.0
    4.7999999999999998e+00 3.6482800000000002e+00 -2.6817604099261411e-01 8.7775058853215659e-01 0.0
    1.5000000000000000e+00 3.8827900000000000e+00 -3.6361883801199085e-01 -8.0533749355463291e-01 0.0
    1.5287599999999999e+00 3.8827900000000000e+00 -3.7442113037898672e-01 -8.1473392773727138e-01 0.0
    1.5957399999999999e+00 3.8827900000000000e+00 -4.0137413918842169e-01 -8.3711211481233661e-01 0.0
    1.6991600000000000e+00 3.8827900000000000e+00 -4.4853944248681077e-01 -8.7289564837145128e-01 0.0
    1.8366000000000000e+00 3.8827900000000000e+00 -5.2373603237603528e-01 -9.2211835077554771e-01 0.0
    2.0048200000000000e+00 3.8827900000000000e+00 -6.4054943232596495e-01 -9.8240918085752527e-01 0.0
    2.1998799999999998e+00 3.8827900000000000e+00 -8.2137258939172453e-01 -1.0435776173352866e+00 0.0
    2.4172099999999999e+00 3.8827900000000000e+00 -1.0982665605510014e+00 -1.0733514486175366e+00 0.0
    2.6517200000000001e+00 3.8827900000000000e+00 -1.4944626845413893e+00 -9.8772129246405282e-01 0.0
    2.8978999999999999e+00 3.8827900000000000e+00 -1.9377959616413021e+00 -6.3711323616450954e-01 0.0
    3.1499999999999999e+00 3.8827900000000000e+00 -2.1469895571487094e+00 2.4353142969910088e-02 0.0
    3.4020999999999999e+00 3.8827900000000000e+00 -1.9111797648175619e+00 6.7171903873757555e-01 0.0
    3.6482800000000002e+00 3.8827900000000000e+00 -1.4633966713641544e+00 1.0003875212859537e+00 0.0
    3.8827900000000000e+00 3.8827900000000000e+00 -1.0736340588814368e+00 1.0736340588814368e+00 0.0
    4.1001200000000004e+00 3.8827900000000000e+00 -8.0349669797222134e-01 1.0390937872171411e+00 0.0
    4.2951800000000002e+00 3.8827900000000000e+00 -6.2742876936086645e-01 9.7651980624853540e-01 0.0
    4.4634000000000000e+00 3.8827900000000000e+00 -5.1366317138440620e-01 9.1603640623466154e-01 0.0
    4.6008399999999998e+00 3.8827900000000000e+00 -4.4036980772275386e-01 8.6698701293374225e-01 0.0
    4.7042599999999997e+00 3.8827900000000000e+00 -3.9436069053425382e-01 8.3143116578914500e-01 0.0
    4.7712399999999997e+00 3.8827900000000000e+00 -3.6805197622416319e-01 8.0922433046972975e-01 0.0
    4.7999999999999998e+00 3.8827900000000000e+00 -3.5750412163070139e-01 7.9990499771184653e-01 0.0
    1.5000000000000000e+00 4.1001200000000004e+00 -4.2216714145111151e-01 -7.2301169141246746e-01 0.0
    1.5287599999999999e+00 4.1001200000000004e+00 -4.3339261007791552e-01 -7.2923298012932702e-01 0.0
    1.5957399999999999e+00 4.1001200000000004e+00 -4.6110732306721686e-01 -7.4364490655657789e-01 0.0
    1.6991600000000000e+00 4.1001200000000004e+00 -5.0861854068015311e-01 -7.6539077789051690e-01 0.0
    1.8366000000000000e+00 4.1001200000000004e+00 -5.8187314035289528e-01 -7.9219458508467777e-01 0.0
    2.0048200000000000e+00 4.1001200000000004e+00 -6.8997069337163686e-01 -8.1827588846651655e-01 0.0
    2.1998799999999998e+00 4.1001200000000004e+00 -8.4489690575124499e-01 -8.3007554255453397e-01 0.0
    2.4172099999999999e+00 4.1001200000000004e+00 -1.0568330248906750e+00 -7.9867466884352500e-01 0.0
    2.6517200000000001e+00 4.1001200000000004e+00 -1.3165426509539613e+00 -6.7284281914576982e-01 0.0
    2.8978999999999999e+00 4.1001200000000004e+00 -1.5596041865689927e+00 -3.9650833562352861e-01 0.0
    3.1499999999999999e+00 4.1001200000000004e+00 -1.6602833550118758e+00 1.4562523810052529e-02 0.0
    3.4020999999999999e+00 4.1001200000000004e+00 -1.5462028534584122e+00 4.2022505030749668e-01 0.0
    3.6482800000000002e+00 4.1001200000000004e+00 -1.2977753335757696e+00 6.8601729775241993e-01 0.0
    3.8827900000000000e+00 4.1001200000000004e+00 -1.0390937872171411e+00 8.0349669797222134e-01 0.0
    4.1001200000000004e+00 4.1001200000000004e+00 -8.3020554232463195e-01 8.3020554232463217e-01 0.0
    4.2951800000000002e+00 4.1001200000000004e+00 -6.7815851724731235e-01 8.1616355264840978e-01 0.0
    4.4634000000000000e+00 4.1001200000000004e+00 -5.7223280006214772e-01 7.8910791832049831e-01 0.0
    4.6008399999999998e+00 4.1001200000000004e+00 -5.0047730382912814e-01 7.6191897944938258e-01 0.0
    4.7042599999999997e+00 4.1001200000000004e+00 -4.5393575091628857e-01 7.4004208433038321e-01 0.0
    4.7712399999999997e+00 4.1001200000000004e+00 -4.2678218497798392e-01 7.2559688343714324e-01 0.0
    4.7999999999999998e+00 4.1001200000000004e+00 -4.1578261062771676e-01 7.1937116719414762e-01 0.0
    1.5000000000000000e+00 4.2951800000000002e+00 -4.5608002570760925e-01 -6.4901684469796872e-01 0.0
    1.5287599999999999e+00 4.2951800000000002e+00 -4.6693656763377511e-01 -6.5282489945680977e-01 0.0
    1.5957399999999999e+00 4.2951800000000002e+00 -4.9348977152682555e-01 -6.6129580495840157e-01 0.0
    1.6991600000000000e+00 4.2951800000000002e+00 -5.3819673709164795e-01 -6.7295515164260711e-01 0.0
    1.8366000000000000e+00 4.2951800000000002e+00 -6.0518481354179010e-01 -6.8461372967878564e-01 0.0
    2.0048200000000000e+00 4.2951800000000002e+00 -6.9995432832421167e-01 -6.8975179181432722e-01 0.0
    2.1998799999999998e+00 4.2951800000000002e+00 -8.2792319255822544e-01 -6.7586190942432267e-01 0.0
    2.4172099999999999e+00 4.2951800000000002e+00 -9.8948920881360114e-01 -6.2133900914338214e-01 0.0
    2.6517200000000001e+00 4.2951800000000002e+00 -1.1688710251106760e+00 -4.9636289142476153e-01 0.0
    2.8978999999999999e+00 4.2951800000000002e+00 -1.3207146347549747e+00 -2.7899790594952273e-01 0.0
    3.1499999999999999e+00 4.2951800000000002e+00 -1.3795790195389213e+00 1.0054374082387579e-02 0.0
    3.4020999999999999e+00 4.2951800000000002e+00 -1.3127089478794236e+00 2.9644077293770960e-01 0.0
    3.6482800000000002e+00 4.2951800000000002e+00 -1.1565329790155474e+00 5.0798114940912509e-01 0.0
    3.8827900000000000e+00 4.2951800000000002e+00 -9.7651980624853540e-01 6.2742876936086633e-01 0.0
    4.1001200000000004e+00 4.2951800000000002e+00 -8.1616355264840967e-01 6.7815851724731246e-01 0.0
    4.2951800000000002e+00 4.2951800000000002e+00 -6.8982614791659225e-01 6.8982614791659236e-01 0.0
    4.4634000000000000e+00 4.2951800000000002e+00 -5.9650032914735929e-01 6.8348402022322119e-01 0.0
    4.6008399999999998e+00 4.2951800000000002e+00 -5.3060777284213412e-01 6.7120013661209388e-01 0.0
    4.7042599999999997e+00 4.2951800000000002e+00 -4.8665271307393743e-01 6.5922732780406024e-01 0.0
    4.7712399999999997e+00 4.2951800000000002e+00 -4.6055053974756793e-01 6.5060956790395286e-01 0.0
    4.7999999999999998e+00 4.2951800000000002e+00 -4.4987892247759514e-01 6.4674990788833620e-01 0.0
    1.5000000000000000e+00 4.4634000000000000e+00 -4.7359775064602183e-01 -5.8817541779336324e-01 0.0
    1.5287599999999999e+00 4.4634000000000000e+00 -4.8379171126821580e-01 -5.9030922440289901e-01 0.0
    1.5957399999999999e+00 4.4634000000000000e+00 -5.0853410527576637e-01 -5.9473023675985237e-01 0.0
    1.6991600000000000e+00 4.4634000000000000e+00 -5.4959221559815830e-01 -5.9974682399103940e-01 0.0
    1.8366000000000000e+00 4.4634000000000000e+00 -6.0974251576763272e-01 -6.0198598972771977e-01 0.0
    2.0048200000000000e+00 4.4634000000000000e+00 -6.9214424920793582e-01 -5.9525365551633336e-01 0.0
    2.1998799999999998e+00 4.4634000000000000e+00 -7.9868026581084106e-01 -5.6901432310023992e-01 0.0
    2.4172099999999999e+00 4.4634000000000000e+00 -9.2597262295890248e-01 -5.0745557406087327e-01 0.0
    2.6517200000000001e+00 4.4634000000000000e+00 -1.0586628384246570e+00 -3.9234913871861987e-01 0.0
    2.8978999999999999e+00 4.4634000000000000e+00 -1.1644898773341812e+00 -2.1468909902544345e-01 0.0
    3.1499999999999999e+00 4.4634000000000000e+00 -1.2040219403580625e+00 7.6581731563004742e-03 0.0
    3.4020999999999999e+00 4.4634000000000000e+00 -1.1590505950497665e+00 2.2843056190571528e-01 0.0
    3.6482800000000002e+00 4.4634000000000000e+00 -1.0498102035044634e+00 4.0242290050259666e-01 0.0
    3.8827900000000000e+00 4.4634000000000000e+00 -9.1603640623466154e-01 5.1366317138440620e-01 0.0
    4.1001200000000004e+00 4.4634000000000000e+00 -7.8910791832049831e-01 5.7223280006214761e-01 0.0
    4.2951800000000002e+00 4.4634000000000000e+00 -6.8348402022322119e-01 5.9650032914735929e-01 0.0
    4.4634000000000000e+00 4.4634000000000000e+00 -6.0203532505751223e-01 6.0203532505751234e-01 0.0
    4.6008399999999998e+00 4.4634000000000000e+00 -5.4267501200323576e-01 5.9910173247220944e-01 0.0
    4.7042599999999997e+00 4.4634000000000000e+00 -5.0218896019524140e-01 5.9369793333048992e-01 0.0
    4.7712399999999997e+00 4.4634000000000000e+00 -4.7780093133783708e-01 5.8907753991661338e-01 0.0
    4.7999999999999998e+00 4.4634000000000000e+00 -4.6775466378839470e-01 5.8686901147209414e-01 0.0
    1.5000000000000000e+00 4.6008399999999998e+00 -4.8141664904114251e-01 -5.4157373410744425e-01 0.0
    1.5287599999999999e+00 4.6008399999999998e+00 -4.9094165227424669e-01 -5.4261310102300309e-01 0.0
    1.5957399999999999e+00 4.6008399999999998e+00 -5.1392604131314612e-01 -5.4442719163903608e-01 0.0
    1.6991600000000000e+00 4.6008399999999998e+00 -5.5165228773168140e-01 -5.4529567945364987e-01 0.0
    1.8366000000000000e+00 4.6008399999999998e+00 -6.0600643081955508e-01 -5.4194646452033390e-01 0.0
    2.0048200000000000e+00 4.6008399999999998e+00 -6.7875468523722404e-01 -5.2875872385292222e-01 0.0
    2.1998799999999998e+00 4.6008399999999998e+00 -7.6999025868541648e-01 -4.9690655359334857e-01 0.0
    2.4172099999999999e+00 4.6008399999999998e+00 -8.7503687372629335e-01 -4.3437566231529434e-01 0.0
    2.6517200000000001e+00 4.6008399999999998e+00 -9.8019997218539279e-01 -3.2905536035706384e-01 0.0
    2.8978999999999999e+00 4.6008399999999998e+00 -1.0610727487953484e+00 -1.7719794690177679e-01 0.0
    3.1499999999999999e+00 4.6008399999999998e+00 -1.0906284028123556e+00 6.2835754403191106e-03 0.0
    3.4020999999999999e+00 4.6008399999999998e+00 -1.0569786895094202e+00 1.8869365381654316e-01 0.0
    3.6482800000000002e+00 4.6008399999999998e+00 -9.7331642830919662e-01 3.3795992125026209e-01 0.0
    3.8827900000000000e+00 4.6008399999999998e+00 -8.6698701293374225e-01 4.4036980772275391e-01 0.0
    4.1001200000000004e+00 4.6008399999999998e+00 -7.6191897944938258e-01 5.0047730382912814e-01 0.0
    4.2951800000000002e+00 4.6008399999999998e+00 -6.7120013661209388e-01 5.3060777284213412e-01 0.0
    4.4634000000000000e+00 4.6008399999999998e+00 -5.9910173247220944e-01 5.4267501200323587e-01 0.0
    4.6008399999999998e+00 4.6008399999999998e+00 -5.4533230258537524e-01 5.4533230258537535e-01 0.0
    4.7042599999999997e+00 4.6008399999999998e+00 -5.0804978867148198e-01 5.4405637060816381e-01 0.0
    4.7712399999999997e+00 4.6008399999999998e+00 -4.8534793813053667e-01 5.4202324328760698e-01 0.0
    4.7999999999999998e+00 4.6008399999999998e+00 -4.7594234037485939e-01 5.4089957791395105e-01 0.0
    1.5000000000000000e+00 4.7042599999999997e+00 -4.8416986962885067e-01 -5.0862373421835660e-01 0.0
    1.5287599999999999e+00 4.7042599999999997e+00 -4.9315570256750585e-01 -5.0898716366733343e-01 0.0
    1.5957399999999999e+00 4.7042599999999997e+00 -5.1475032024748990e-01 -5.0921147761789631e-01 0.0
    1.6991600000000000e+00 4.7042599999999997e+00 -5.4992585325063048e-01 -5.0761347871264184e-01 0.0
    1.8366000000000000e+00 4.7042599999999997e+00 -6.0002443681680551e-01 -5.0108392155187209e-01 0.0
    2.0048200000000000e+00 4.7042599999999997e+00 -6.6602613132492605e-01 -4.8450509598581781e-01 0.0
    2.1998799999999998e+00 4.7042599999999997e+00 -7.4714558419266608e-01 -4.5025350553608823e-01 0.0
    2.4172099999999999e+00 4.7042599999999997e+00 -8.3833765073962840e-01 -3.8861581989414201e-01 0.0
    2.6517200000000001e+00 4.7042599999999997e+00 -9.2734934079699327e-01 -2.9071003718389427e-01 0.0
    2.8978999999999999e+00 4.7042599999999997e+00 -9.9430179042225530e-01 -1.5505797976370839e-01 0.0
    3.1499999999999999e+00 4.7042599999999997e+00 -1.0184530746842446e+00 5.4794053392620123e-03 0.0
    3.4020999999999999e+00 4.7042599999999997e+00 -9.9094308401523290e-01 1.6519699720697298e-01 0.0
    3.6482800000000002e+00 4.7042599999999997e+00 -9.2159113244248958e-01 2.9882147754937738e-01 0.0
    3.8827900000000000e+00 4.7042599999999997e+00 -8.3143116578914500e-01 3.9436069053425371e-01 0.0
    4.1001200000000004e+00 4.7042599999999997e+00 -7.4004208433038321e-01 4.5393575091628863e-01 0.0
    4.2951800000000002e+00 4.7042599999999997e+00 -6.5922732780406024e-01 4.8665271307393754e-01 0.0
    4.4634000000000000e+00 4.7042599999999997e+00 -5.9369793333048970e-01 5.0218896019524129e-01 0.0
    4.6008399999999998e+00 4.7042599999999997e+00 -5.4405637060816381e-01 5.0804978867148198e-01 0.0
    4.7042599999999997e+00 4.7042599999999997e+00 -5.0924127728626800e-01 5.0924127728626811e-01 0.0
    4.7712399999999997e+00 4.7042599999999997e+00 -4.8788124554137791e-01 5.0879310877409401e-01 0.0
    4.7999999999999998e+00 4.7042599999999997e+00 -4.7899564200351857e-01 5.0834228629781786e-01 0.0
    1.5000000000000000e+00 4.7712399999999997e+00 -4.8474479452863084e-01 -4.8829797153168336e-01 0.0
    1.5287599999999999e+00 4.7712399999999997e+00 -4.9337537584952690e-01 -4.8828473129483846e-01 0.0
    1.5957399999999999e+00 4.7712399999999997e+00 -5.1406403919207033e-01 -4.8763142581163060e-01 0.0
    1.6991600000000000e+00 4.7712399999999997e+00 -5.4760680649489357e-01 -4.8469746583898998e-01 0.0
    1.8366000000000000e+00 4.7712399999999997e+00 -5.9504687312401405e-01 -4.7650296837469991e-01 0.0
    2.0048200000000000e+00 4.7712399999999997e+00 -6.5695608874482514e-01 -4.5826461653774458e-01 0.0
    2.1998799999999998e+00 4.7712399999999997e+00 -7.3214134573262291e-01 -4.2307728172689069e-01 0.0
    2.4172099999999999e+00 4.7712399999999997e+00 -8.1549443288631485e-01 -3.6248948128756492e-01 0.0
    2.6517200000000001e+00 4.7712399999999997e+00 -8.9568715551306910e-01 -2.6924392238849137e-01 0.0
    2.8978999999999999e+00 4.7712399999999997e+00 -9.5526108076665406e-01 -1.4284692216133185e-01 0.0
    3.1499999999999999e+00 4.7712399999999997e+00 -9.7659599548307552e-01 5.0382561938528735e-03 0.0
    3.4020999999999999e+00 4.7712399999999997e+00 -9.5228757888640014e-01 1.5222797173975319e-01 0.0
    3.6482800000000002e+00 4.7712399999999997e+00 -8.9053385575917887e-01 2.7688336207034153e-01 0.0
    3.8827900000000000e+00 4.7712399999999997e+00 -8.0922433046972975e-01 3.6805197622416319e-01 0.0
    4.1001200000000004e+00 4.7712399999999997e+00 -7.2559688343714324e-01 4.2678218497798392e-01 0.0
    4.2951800000000002e+00 4.7712399999999997e+00 -6.5060956790395286e-01 4.6055053974756788e-01 0.0
    4.4634000000000000e+00 4.7712399999999997e+00 -5.8907753991661338e-01 4.7780093133783702e-01 0.0
    4.6008399999999998e+00 4.7712399999999997e+00 -5.4202324328760687e-01 4.8534793813053667e-01 0.0
    4.7042599999999997e+00 4.7712399999999997e+00 -5.0879310877409389e-01 4.8788124554137791e-01 0.0
    4.7712399999999997e+00 4.7712399999999997e+00 -4.8831099391682020e-01 4.8831099391682031e-01 0.0
    4.7999999999999998e+00 4.7712399999999997e+00 -4.7976931737433498e-01 4.8823628146818060e-01 0.0
    1.5000000000000000e+00 4.7999999999999998e+00 -4.8473255156104578e-01 -4.7981781877709068e-01 0.0
    1.5287599999999999e+00 4.7999999999999998e+00 -4.9321041207926802e-01 -4.7965649658619103e-01 0.0
    1.5957399999999999e+00 4.7999999999999998e+00 -5.1351165852346981e-01 -4.7866006002451206e-01 0.0
    1.6991600000000000e+00 4.7999999999999998e+00 -5.4636249528835978e-01 -4.7520960734202849e-01 0.0
    1.8366000000000000e+00 4.7999999999999998e+00 -5.9268968373751618e-01 -4.6638462185429963e-01 0.0
    2.0048200000000000e+00 4.7999999999999998e+00 -6.5291120054598617e-01 -4.4754480834262567e-01 0.0
    2.1998799999999998e+00 4.7999999999999998e+00 -7.2569078309617407e-01 -4.1207740336801224e-01 0.0
    2.4172099999999999e+00 4.7999999999999998e+00 -8.0592393177217392e-01 -3.5202287155344320e-01 0.0
    2.6517200000000001e+00 4.7999999999999998e+00 -8.8266928688165547e-01 -2.6072939603342421e-01 0.0
    2.8978999999999999e+00 4.7999999999999998e+00 -9.3940146462346985e-01 -1.3803920743342335e-01 0.0
    3.1499999999999999e+00 4.7999999999999998e+00 -9.5966080491311401e-01 4.8650295964177354e-03 0.0
    3.4020999999999999e+00 4.7999999999999998e+00 -9.3657544979004415e-01 1.4711993749055702e-01 0.0
    3.6482800000000002e+00 4.7999999999999998e+00 -8.7775058853215659e-01 2.6817604099261416e-01 0.0
    3.8827900000000000e+00 4.7999999999999998e+00 -7.9990499771184653e-01 3.5750412163070128e-01 0.0
    4.1001200000000004e+00 4.7999999999999998e+00 -7.1937116719414762e-01 4.1578261062771676e-01 0.0
    4.2951800000000002e+00 4.7999999999999998e+00 -6.4674990788833631e-01 4.4987892247759514e-01 0.0
    4.4634000000000000e+00 4.7999999999999998e+00 -5.8686901147209414e-01 4.6775466378839475e-01 0.0
    4.6008399999999998e+00 4.7999999999999998e+00 -5.4089957791395105e-01 4.7594234037485939e-01 0.0
    4.7042599999999997e+00 4.7999999999999998e+00 -5.0834228629781786e-01 4.7899564200351857e-01 0.0
    4.7712399999999997e+00 4.7999999999999998e+00 -4.8823628146818060e-01 4.7976931737433504e-01 0.0
    4.7999999999999998e+00 4.7999999999999998e+00 -4.7984273416420448e-01 4.7984273416420453e-01 0.0
    4.7999999999999998e+00 1.5000000000000000e+00 4.7981781877709068e-01 4.8473255156104578e-01 0.0
    4.8129200000000001e+00 1.5000000000000000e+00 4.7605666031700306e-01 4.8467962687858185e-01 0.0
    4.8430299999999997e+00 1.5000000000000000e+00 4.6740766342454954e-01 4.8444713297771863e-01 0.0
    4.8895099999999996e+00 1.5000000000000000e+00 4.5437513069665403e-01 4.8380465822951124e-01 0.0
    4.9512799999999997e+00 1.5000000000000000e+00 4.3764919413108316e-01 4.8246329992626491e-01 0.0
    5.0268899999999999e+00 1.5000000000000000e+00 4.1808348918106275e-01 4.8015059704813906e-01 0.0
    5.1145600000000000e+00 1.5000000000000000e+00 3.9661555507281804e-01 4.7667704745501704e-01 0.0
    5.2122400000000004e+00 1.5000000000000000e+00 3.7417983525587628e-01 4.7197730890089434e-01 0.0
    5.3176399999999999e+00 1.5000000000000000e+00 3.5163834007492240e-01 4.6612152846983373e-01 0.0
    5.4282899999999996e+00 1.5000000000000000e+00 3.2972464758728809e-01 4.5929815477372343e-01 0.0
    5.5415900000000002e+00 1.5000000000000000e+00 3.0901637166349993e-01 4.5177984341481658e-01 0.0
    5.6548999999999996e+00 1.5000000000000000e+00 2.8992555976751050e-01 4.4388115266130967e-01 0.0
    5.7655500000000002e+00 1.5000000000000000e+00 2.7272251471262865e-01 4.3592558997311842e-01 0.0
    5.8709499999999997e+00 1.5000000000000000e+00 2.5755320545232618e-01 4.2821508238088196e-01 0.0
    5.9686300000000001e+00 1.5000000000000000e+00 2.4447309997513822e-01 4.2101466664768294e-01 0.0
    6.0563000000000002e+00 1.5000000000000000e+00 2.3347589110184802e-01 4.1454491984725655e-01 0.0
    6.1318999999999999e+00 1.5000000000000000e+00 2.2451909731304898e-01 4.0898154888573562e-01 0.0
    6.1936700000000000e+00 1.5000000000000000e+00 2.1754165651978871e-01 4.0445719607277714e-01 0.0
    6.2401600000000004e+00 1.5000000000000000e+00 1.4429112304997935e-01 2.7235487517675327e-01 0.0
    6.2702600000000004e+00 1.5000000000000000e+00 7.4309167530704620e-03 1.4162384650287078e-02 0.0
    6.2831900000000003e+00 1.5000000000000000e+00 0.0000000000000000e+00 0.0000000000000000e+00 0.0
    4.7999999999999998e+00 1.5287599999999999e+00 4.7965649658619092e-01 4.9321041207926813e-01 0.0
    4.8129200000000001e+00 1.5287599999999999e+00 4.7583136742425192e-01 4.9308896052285889e-01 0.0
    4.8430299999999997e+00 1.5287599999999999e+00 4.6703924349179610e-01 4.9269712474349470e-01 0.0
    4.8895099999999996e+00 1.5287599999999999e+00 4.5380150371734979e-01 4.9181018155175282e-01 0.0
    4.9512799999999997e+00 1.5287599999999999e+00 4.3683060505633831e-01 4.9014807378536118e-01 0.0
    5.0268899999999999e+00 1.5287599999999999e+00 4.1700455059709435e-01 4.8745142338966974e-01 0.0
    5.1145600000000000e+00 1.5287599999999999e+00 3.9528339383373751e-01 4.8354751925212702e-01 0.0
    5.2122400000000004e+00 1.5287599999999999e+00 3.7261922456993446e-01 4.7838999716420838e-01 0.0
    5.3176399999999999e+00 1.5287599999999999e+00 3.4988536141272442e-01 4.7206826483535513e-01 0.0
    5.4282899999999996e+00 1.5287599999999999e+00 3.2782027635172073e-01 4.6478830544783828e-01 0.0
    5.5415900000000002e+00 1.5287599999999999e+00 3.0700112993021161e-01 4.5683716505707656e-01 0.0
    5.6548999999999996e+00 1.5287599999999999e+00 2.8783575943652029e-01 4.4853985758609366e-01 0.0
    5.7655500000000002e+00 1.5287599999999999e+00 2.7058820473749662e-01 4.4022664477469542e-01 0.0
    5.8709499999999997e+00 1.5287599999999999e+00 2.5539744961268990e-01 4.3220287225913162e-01 0.0
    5.9686300000000001e+00 1.5287599999999999e+00 2.4231222502278393e-01 4.2473452413457463e-01 0.0
    6.0563000000000002e+00 1.5287599999999999e+00 2.3132028163801777e-01 4.1804146435361789e-01 0.0
    6.1318999999999999e+00 1.5287599999999999e+00 2.2237422786492858e-01 4.1229775808217273e-01 0.0
    6.1936700000000000e+00 1.5287599999999999e+00 2.1540916308411193e-01 4.0763400058578803e-01 0.0
    6.2401600000000004e+00 1.5287599999999999e+00 1.4285058924067193e-01 2.7444395439998454e-01 0.0
    6.2702600000000004e+00 1.5287599999999999e+00 7.3558828254798531e-03 1.4269372801247774e-02 0.0
    6.2831900000000003e+00 1.5287599999999999e+00 0.0000000000000000e+00 0.0000000000000000e+00 0.0
    4.7999999999999998e+00 1.5957399999999999e+00 4.7866006002451217e-01 5.1351165852346981e-01 0.0
    4.8129200000000001e+00 1.5957399999999999e+00 4.7468706060337013e-01 5.1321674386698479e-01 0.0
    4.8430299999999997e+00 1.5957399999999999e+00 4.6556493129642812e-01 5.1242242230988455e-01 0.0
    4.8895099999999996e+00 1.5957399999999999e+00 4.5185623100610628e-01 5.1092019826405366e-01 0.0
    4.9512799999999997e+00 1.5957399999999999e+00 4.3432694946585815e-01 5.0845465952273128e-01 0.0
    5.0268899999999999e+00 1.5957399999999999e+00 4.1391288965711442e-01 5.0480158681579723e-01 0.0
    5.1145600000000000e+00 1.5957399999999999e+00 3.9162668932659933e-01 4.9983203006432825e-01 0.0
    5.2122400000000004e+00 1.5957399999999999e+00 3.6846071045829892e-01 4.9354781039134737e-01 0.0
    5.3176399999999999e+00 1.5957399999999999e+00 3.4531302521611329e-01 4.8608610300435529e-01 0.0
    5.4282899999999996e+00 1.5957399999999999e+00 3.2293155183826777e-01 4.7769541356083922e-01 0.0
    5.5415900000000002e+00 1.5957399999999999e+00 3.0189046261588226e-01 4.6869687579999458e-01 0.0
    5.6548999999999996e+00 1.5957399999999999e+00 2.8258616527587671e-01 4.5943957435558719e-01 0.0
    5.7655500000000002e+00 1.5957399999999999e+00 2.6526691394029389e-01 4.5026870185643308e-01 0.0
    5.8709499999999997e+00 1.5957399999999999e+00 2.5005467227478578e-01 4.4149651339181772e-01 0.0
    5.9686300000000001e+00 1.5957399999999999e+00 2.3698210065341260e-01 4.3339010831476033e-01 0.0
    6.0563000000000002e+00 1.5957399999999999e+00 2.2602300190418045e-01 4.2616668708880678e-01 0.0
    6.1318999999999999e+00 1.5957399999999999e+00 2.1711861052927584e-01 4.1999564098193481e-01 0.0
    6.1936700000000000e+00 1.5957399999999999e+00 2.1019523848347910e-01 4.1500211822190530e-01 0.0
    6.2401600000000004e+00 1.5957399999999999e+00 1.3933390931329415e-01 2.7928632178705665e-01 0.0
    6.2702600000000004e+00 1.5957399999999999e+00 7.1728818424625761e-03 1.4517270548429922e-02 0.0
    6.2831900000000003e+00 1.5957399999999999e+00 0.0000000000000000e+00 0.0000000000000000e+00 0.0
    4.7999999999999998e+00 1.6991600000000000e+00 4.7520960734202849e-01 5.4636249528835978e-01 0.0
    4.8129200000000001e+00 1.6991600000000000e+00 4.7101514258762756e-01 5.4575892082090849e-01 0.0
    4.8430299999999997e+00 1.6991600000000000e+00 4.6140134775565222e-01 5.4425104894964849e-01 0.0
    4.8895099999999996e+00 1.6991600000000000e+00 4.4699770153456092e-01 5.4166482876915367e-01 0.0
    4.9512799999999997e+00 1.6991600000000000e+00 4.2865623536228437e-01 5.3779548262748123e-01 0.0
    5.0268899999999999e+00 1.6991600000000000e+00 4.0740371992492724e-01 5.3248735750718967e-01 0.0
    5.1145600000000000e+00 1.6991600000000000e+00 3.8433305675876656e-01 5.2569287671347309e-01 0.0
    5.2122400000000004e+00 1.6991600000000000e+00 3.6049521232453174e-01 5.1749969257535811e-01 0.0
    5.3176399999999999e+00 1.6991600000000000e+00 3.3682104597900026e-01 5.0812669936003185e-01 0.0
    5.4282899999999996e+00 1.6991600000000000e+00 3.1406696685375607e-01 4.9789229182537986e-01 0.0
    5.5415900000000002e+00 1.6991600000000000e+00 2.9279686458777227e-01 4.8717123555060832e-01 0.0
    5.6548999999999996e+00 1.6991600000000000e+00 2.7338499538349847e-01 4.7634842124911325e-01 0.0
    5.7655500000000002e+00 1.6991600000000000e+00 2.5605211550043361e-01 4.6578939256481056e-01 0.0
    5.8709499999999997e+00 1.6991600000000000e+00 2.4089213321722588e-01 4.5581380305873159e-01 0.0
    5.9686300000000001e+00 1.6991600000000000e+00 2.2791217752945478e-01 4.4668722381868370e-01 0.0
    6.0563000000000002e+00 1.6991600000000000e+00 2.1706452917562516e-01 4.3861983868620341e-01 0.0
    6.1318999999999999e+00 1.6991600000000000e+00 2.0827330081034384e-01 4.3177141055723056e-01 0.0
    6.1936700000000000e+00 1.6991600000000000e+00 2.0145187424587091e-01 4.2625678242067433e-01 0.0
    6.2401600000000004e+00 1.6991600000000000e+00 1.3345181524094540e-01 2.8667503886275542e-01 0.0
    6.2702600000000004e+00 1.6991600000000000e+00 6.8672765260551867e-03 1.4895269995702919e-02 0.0
    6.2831900000000003e+00 1.6991600000000000e+00 0.0000000000000000e+00 0.0000000000000000e+00 0.0
    4.7999999999999998e+00 1.8366000000000000e+00 4.6638462185429952e-01 5.9268968373751618e-01 0.0
    4.8129200000000001e+00 1.8366000000000000e+00 4.6192233861247733e-01 5.9159217051306390e-01 0.0
    4.8430299999999997e+00 1.8366000000000000e+00 4.5171983571637531e-01 5.8894814195920719e-01 0.0
    4.8895099999999996e+00 1.8366000000000000e+00 4.3649934910237975e-01 5.8465063530743966e-01 0.0
    4.9512799999999997e+00 1.8366000000000000e+00 4.1723003496490585e-01 5.7859016504135807e-01 0.0
    5.0268899999999999e+00 1.8366000000000000e+00 3.9505826328713028e-01 5.7073294121912355e-01 0.0
    5.1145600000000000e+00 1.8366000000000000e+00 3.7117701355503063e-01 5.6116800770307551e-01 0.0
    5.2122400000000004e+00 1.8366000000000000e+00 3.4670401615746188e-01 5.5011938118685599e-01 0.0
    5.3176399999999999e+00 1.8366000000000000e+00 3.2260014059381664e-01 5.3792883657979307e-01 0.0
    5.4282899999999996e+00 1.8366000000000000e+00 2.9961961015437621e-01 5.2501396508844789e-01 0.0
    5.5415900000000002e+00 1.8366000000000000e+00 2.7830125131955846e-01 5.1182070859345452e-01 0.0
    5.6548999999999996e+00 1.8366000000000000e+00 2.5898166114477994e-01 4.9877714617794000e-01 0.0
    5.7655500000000002e+00 1.8366000000000000e+00 2.4184002199296920e-01 4.8626932927082095e-01 0.0
    5.8709499999999997e+00 1.8366000000000000e+00 2.2693074127732371e-01 4.7461959584813840e-01 0.0
    5.9686300000000001e+00 1.8366000000000000e+00 2.1422682222822834e-01 4.6408477884991417e-01 0.0
    6.0563000000000002e+00 1.8366000000000000e+00 2.0365301530286722e-01 4.5485998575471231e-01 0.0
    6.1318999999999999e+00 1.8366000000000000e+00 1.9511237861531688e-01 4.4708755834295311e-01 0.0
    6.1936700000000000e+00 1.8366000000000000e+00 1.8850299657159178e-01 4.4086510677587470e-01 0.0
    6.2401600000000004e+00 1.8366000000000000e+00 1.2476916297490932e-01 2.9625121119993042e-01 0.0
    6.2702600000000004e+00 1.8366000000000000e+00 6.4170920733193941e-03 1.5384719885950471e-02 0.0
    6.2831900000000003e+00 1.8366000000000000e+00 0.0000000000000000e+00 0.0000000000000000e+00 0.0
    4.7999999999999998e+00 2.0048200000000000e+00 4.4754480834262567e-01 6.5291120054598617e-01 0.0
    4.8129200000000001e+00 2.0048200000000000e+00 4.4283227769294581e-01 6.5106922940496070e-01 0.0
    4.8430299999999997e+00 2.0048200000000000e+00 4.3209192680654818e-01 6.4672328194155959e-01 0.0
    4.8895099999999996e+00 2.0048200000000000e+00 4.1615722941681688e-01 6.3988910872776228e-01 0.0
    4.9512799999999997e+00 2.0048200000000000e+00 3.9613369362661532e-01 6.3062577251397389e-01 0.0
    5.0268899999999999e+00 2.0048200000000000e+00 3.7329892303563927e-01 6.1910309576363109e-01 0.0
    5.1145600000000000e+00 2.0048200000000000e+00 3.4894531117766620e-01 6.0562479442341988e-01 0.0
    5.2122400000000004e+00 2.0048200000000000e+00 3.2424447690539521e-01 5.9061586639345487e-01 0.0
    5.3176399999999999e+00 2.0048200000000000e+00 3.0016584734974383e-01 5.7458726997498744e-01 0.0
    5.4282899999999996e+00 2.0048200000000000e+00 2.7743661514457951e-01 5.5808306933205765e-01 0.0
    5.5415900000000002e+00 2.0048200000000000e+00 2.5654686200673837e-01 5.4163142128876240e-01 0.0
    5.6548999999999996e+00 2.0048200000000000e+00 2.3777605230636106e-01 5.2570256433846418e-01 0.0
    5.7655500000000002e+00 2.0048200000000000e+00 2.2124745467484999e-01 5.1069480096600084e-01 0.0
    5.8709499999999997e+00 2.0048200000000000e+00 2.0696678504505533e-01 4.9692109802411233e-01 0.0
    5.9686300000000001e+00 2.0048200000000000e+00 1.9486788432294327e-01 4.8461650168767850e-01 0.0
    6.0563000000000002e+00 2.0048200000000000e+00 1.8484595454738659e-01 4.7394864749085697e-01 0.0
    6.1318999999999999e+00 2.0048200000000000e+00 1.7678290647827130e-01 4.6503161585771435e-01 0.0
    6.1936700000000000e+00 2.0048200000000000e+00 1.7056253756747669e-01 4.5793682264614388e-01 0.0
    6.2401600000000004e+00 2.0048200000000000e+00 1.1278399100146540e-01 3.0742188476418952e-01 0.0
    6.2702600000000004e+00 2.0048200000000000e+00 5.7971086794229342e-03 1.5955014902607423e-02 0.0
    6.2831900000000003e+00 2.0048200000000000e+00 0.0000000000000000e+00 0.0000000000000000e+00 0.0
    4.7999999999999998e+00 2.1998799999999998e+00 4.1207740336801213e-01 7.2569078309617407e-01 0.0
    4.8129200000000001e+00 2.1998799999999998e+00 4.0726031624056652e-01 7.2279511276167185e-01 0.0
    4.8430299999999997e+00 2.1998799999999998e+00 3.9632376309259454e-01 7.1605712127268795e-01 0.0
    4.8895099999999996e+00 2.1998799999999998e+00 3.8020494086254453e-01 7.0570020355061647e-01 0.0
    4.9512799999999997e+00 2.1998799999999998e+00 3.6012914463519213e-01 6.9205946594801271e-01 0.0
    5.0268899999999999e+00 2.1998799999999998e+00 3.3747472867496159e-01 6.7562032646165715e-01 0.0
    5.1145600000000000e+00 2.1998799999999998e+00 3.1359063177101465e-01 6.5699879285456042e-01 0.0
    5.2122400000000004e+00 2.1998799999999998e+00 2.8965316249566486e-01 6.3689231530941115e-01 0.0
    5.3176399999999999e+00 2.1998799999999998e+00 2.6659213175607099e-01 6.1602347453890693e-01 0.0
    5.4282899999999996e+00 2.1998799999999998e+00 2.4506694231121881e-01 5.9507953359203014e-01 0.0
    5.5415900000000002e+00 2.1998799999999998e+00 2.2548895505639216e-01 5.7466881401371150e-01 0.0
    5.6548999999999996e+00 2.1998799999999998e+00 2.0806200255969171e-01 5.5529014880358207e-01 0.0
    5.7655500000000002e+00 2.1998799999999998e+00 1.9284445221359117e-01 5.3733547613635779e-01 0.0
    5.8709499999999997e+00 2.1998799999999998e+00 1.7979171283524062e-01 5.2108871042556071e-01 0.0
    5.9686300000000001e+00 2.1998799999999998e+00 1.6880149834819055e-01 5.0674495892268823e-01 0.0
    6.0563000000000002e+00 2.1998799999999998e+00 1.5974500778949294e-01 4.9442889609850027e-01 0.0
    6.1318999999999999e+00 2.1998799999999998e+00 1.5248944158359726e-01 4.8421383707566573e-01 0.0
    6.1936700000000000e+00 2.1998799999999998e+00 1.4691064563794068e-01 4.7613531769890621e-01 0.0
    6.2401600000000004e+00 2.1998799999999998e+00 9.7043014334514288e-02 3.1930580338694803e-01 0.0
    6.2702600000000004e+00 2.1998799999999998e+00 4.9847613045530641e-03 1.6560953985012221e-02 0.0
    6.2831900000000003e+00 2.1998799999999998e+00 0.0000000000000000e+00 0.0000000000000000e+00 0.0
    4.7999999999999998e+00 2.4172099999999999e+00 3.5202287155344320e-01 8.0592393177217392e-01 0.0
    4.8129200000000001e+00 2.4172099999999999e+00 3.4745874063135790e-01 8.0167200593305632e-01 0.0
    4.8430299999999997e+00 2.4172099999999999e+00 3.3714010484511397e-01 7.9187810822560545e-01 0.0
    4.8895099999999996e+00 2.4172099999999999e+00 3.2204145883088114e-01 7.7707803929897556e-01 0.0
    4.9512799999999997e+00 2.4172099999999999e+00 3.0341638786456065e-01 7.5800931329717802e-01 0.0
    5.0268899999999999e+00 2.4172099999999999e+00 2.8263526140874562e-01 7.3559396500624774e-01 0.0
    5.1145600000000000e+00 2.4172099999999999e+00 2.6099265873693994e-01 7.1085356722575799e-01 0.0
    5.2122400000000004e+00 2.4172099999999999e+00 2.3957115013125110e-01 6.8481397758129070e-01 0.0
    5.3176399999999999e+00 2.4172099999999999e+00 2.1918441565903801e-01 6.5843054593548300e-01 0.0
    5.4282899999999996e+00 2.4172099999999999e+00 2.0037328986828953e-01 6.3252904795918607e-01 0.0
    5.5415900000000002e+00 2.4172099999999999e+00 1.8344353610639161e-01 6.0777822010182980e-01 0.0
    5.6548999999999996e+00 2.4172099999999999e+00 1.6851570988217676e-01 5.8467961585430983e-01 0.0
    5.7655500000000002e+00 2.4172099999999999e+00 1.5558827255938132e-01 5.6359299711869126e-01 0.0
    5.8709499999999997e+00 2.4172099999999999e+00 1.4457903149298001e-01 5.4475054004495527e-01 0.0
    5.9686300000000001e+00 2.4172099999999999e+00 1.3536554482178501e-01 5.2828908689613496e-01 0.0
    6.0563000000000002e+00 2.4172099999999999e+00 1.2781141426123765e-01 5.1427635139544270e-01 0.0
    6.1318999999999999e+00 2.4172099999999999e+00 1.2178421901515413e-01 5.0273462926414880e-01 0.0
    6.1936700000000000e+00 2.4172099999999999e+00 1.1716481419907135e-01 4.9365632023519951e-01 0.0
    6.2401600000000004e+00 2.4172099999999999e+00 7.7316595434027038e-02 3.3072392990121197e-01 0.0
    6.2702600000000004e+00 2.4172099999999999e+00 3.9689919505574572e-03 1.7142397671087800e-02 0.0
    6.2831900000000003e+00 2.4172099999999999e+00 0.0000000000000000e+00 0.0000000000000000e+00 0.0
    4.7999999999999998e+00 2.6517200000000001e+00 2.6072939603342415e-01 8.8266928688165547e-01 0.0
    4.8129200000000001e+00 2.6517200000000001e+00 2.5703157999876308e-01 8.7692975999978606e-01 0.0
    4.8430299999999997e+00 2.6517200000000001e+00 2.4870504055592041e-01 8.6380825943521278e-01 0.0
    4.8895099999999996e+00 2.6517200000000001e+00 2.3660440823165943e-01 8.4422950812753084e-01 0.0
    4.9512799999999997e+00 2.6517200000000001e+00 2.2181196971157413e-01 8.1941768320362418e-01 0.0
    5.0268899999999999e+00 2.6517200000000001e+00 2.0547984241982359e-01 7.9079858574688255e-01 0.0
    5.1145600000000000e+00 2.6517200000000001e+00 1.8866117949577180e-01 7.5983491618228227e-01 0.0
    5.2122400000000004e+00 2.6517200000000001e+00 1.7220253119484458e-01 7.2788450559705908e-01 0.0
    5.3176399999999999e+00 2.6517200000000001e+00 1.5670992908265874e-01 6.9611606779341251e-01 0.0
    5.4282899999999996e+00 2.6517200000000001e+00 1.4256029431633693e-01 6.6546324708625870e-01 0.0
    5.5415900000000002e+00 2.6517200000000001e+00 1.2994356976497573e-01 6.3662304954903359e-01 0.0
    5.6548999999999996e+00 2.6517200000000001e+00 1.1891009913240853e-01 6.1007207387841667e-01 0.0
    5.7655500000000002e+00 2.6517200000000001e+00 1.0942352357812947e-01 5.8611693561354117e-01 0.0
    5.8709499999999997e+00 2.6517200000000001e+00 1.0139411596437375e-01 5.6492391086167393e-01 0.0
    5.9686300000000001e+00 2.6517200000000001e+00 9.4709137026503826e-02 5.4656300052301343e-01 0.0
    6.0563000000000002e+00 2.6517200000000001e+00 8.9251567371759877e-02 5.3104045957815516e-01 0.0
    6.1318999999999999e+00 2.6517200000000001e+00 8.4912209735907476e-02 5.1832573774536361e-01 0.0
    6.1936700000000000e+00 2.6517200000000001e+00 8.1595415381338146e-02 5.0836787281628737e-01 0.0
    6.2401600000000004e+00 2.6517200000000001e+00 5.3799215459973355e-02 3.4029352539925906e-01 0.0
    6.2702600000000004e+00 2.6517200000000001e+00 2.7602925216378342e-03 1.7629147117528592e-02 0.0
    6.2831900000000003e+00 2.6517200000000001e+00 0.0000000000000000e+00 0.0000000000000000e+00 0.0
    4.7999999999999998e+00 2.8978999999999999e+00 1.3803920743342329e-01 9.3940146462346996e-01 0.0
    4.8129200000000001e+00 2.8978999999999999e+00 1.3595752119600563e-01 9.3244305799847416e-01 0.0
    4.8430299999999997e+00 2.8978999999999999e+00 1.3128394751023639e-01 9.1661118210840120e-01 0.0
    4.8895099999999996e+00 2.8978999999999999e+00 1.2452602574247884e-01 8.9317916346050719e-01 0.0
    4.9512799999999997e+00 2.8978999999999999e+00 1.1631904035269100e-01 8.6379746115440426e-01 0.0
    5.0268899999999999e+00 2.8978999999999999e+00 1.0732641029845134e-01 8.3031717844069752e-01 0.0
    5.1145600000000000e+00 2.8978999999999999e+00 9.8140246114473945e-02 7.9455616778030003e-01 0.0
    5.2122400000000004e+00 2.8978999999999999e+00 8.9222886888648240e-02 7.5812352671913119e-01 0.0
    5.3176399999999999e+00 2.8978999999999999e+00 8.0893396638765089e-02 7.2233552593751993e-01 0.0
    5.4282899999999996e+00 2.8978999999999999e+00 7.3339959346909359e-02 6.8818771495142950e-01 0.0
    5.5415900000000002e+00 2.8978999999999999e+00 6.6647881023318520e-02 6.5637898904034575e-01 0.0
    5.6548999999999996e+00 2.8978999999999999e+00 6.0828548577424368e-02 6.2735103319304164e-01 0.0
    5.7655500000000002e+00 2.8978999999999999e+00 5.5849487659082729e-02 6.0135860181890299e-01 0.0
    5.8709499999999997e+00 2.8978999999999999e+00 5.1652735379088148e-02 5.7851055701664922e-01 0.0
    5.9686300000000001e+00 2.8978999999999999e+00 4.8170854973146070e-02 5.5882195877281693e-01 0.0
    6.0563000000000002e+00 2.8978999999999999e+00 4.5336436000548368e-02 5.4225041717215372e-01 0.0
    6.1318999999999999e+00 2.8978999999999999e+00 4.3087983312842235e-02 5.2872465026901871e-01 0.0
    6.1936700000000000e+00 2.8978999999999999e+00 4.1372481647474667e-02 5.1816093813637321e-01 0.0
    6.2401600000000004e+00 2.8978999999999999e+00 2.7263319801103941e-02 3.4665481805060755e-01 0.0
    6.2702600000000004e+00 2.8978999999999999e+00 1.3983187806426078e-03 1.7952425911996802e-02 0.0
    6.2831900000000003e+00 2.8978999999999999e+00 0.0000000000000000e+00 0.0000000000000000e+00 0.0
    4.7999999999999998e+00 3.1499999999999999e+00 -4.8650295964178421e-03 9.5966080491311401e-01 0.0
    4.8129200000000001e+00 3.1499999999999999e+00 -4.7901051395159034e-03 9.5224263652722396e-01 0.0
    4.8430299999999997e+00 3.1499999999999999e+00 -4.6220703068267166e-03 9.3539181735408294e-01 0.0
    4.8895099999999996e+00 3.1499999999999999e+00 -4.3795273380235521e-03 9.1051937552086559e-01 0.0
    4.9512799999999997e+00 3.1499999999999999e+00 -4.0856635587855393e-03 8.7944201217249707e-01 0.0
    5.0268899999999999e+00 3.1499999999999999e+00 -3.7645296735357072e-03 8.4417335241272384e-01 0.0
    5.1145600000000000e+00 3.1499999999999999e+00 -3.4374104482807052e-03 8.0666339172531942e-01 0.0
    5.2122400000000004e+00 3.1499999999999999e+00 -3.1207547047571922e-03 7.6861141826600499e-01 0.0
    5.3176399999999999e+00 3.1499999999999999e+00 -2.8257641433419470e-03 7.3138375245669318e-01 0.0
    5.4282899999999996e+00 3.1499999999999999e+00 -2.5589148087067199e-03 6.9599412433577945e-01 0.0
    5.5415900000000002e+00 3.1499999999999999e+00 -2.3230161084429970e-03 6.6313819175606270e-01 0.0
    5.6548999999999996e+00 3.1499999999999999e+00 -2.1182782779116988e-03 6.3324194078089413e-01 0.0
    5.7655500000000002e+00 3.1499999999999999e+00 -1.9433949644182286e-03 6.0653923902445506e-01 0.0
    5.8709499999999997e+00 3.1499999999999999e+00 -1.7961977685522635e-03 5.8311687612300422e-01 0.0
    5.9686300000000001e+00 3.1499999999999999e+00 -1.6742185185193565e-03 5.6296934216480921e-01 0.0
    6.0563000000000002e+00 3.1499999999999999e+00 -1.5750181007760035e-03 5.4603635975883991e-01 0.0
    6.1318999999999999e+00 3.1499999999999999e+00 -1.4963872021880910e-03 5.3223186311734250e-01 0.0
    6.1936700000000000e+00 3.1499999999999999e+00 -1.4364307961809834e-03 5.2146036083246394e-01 0.0
    6.2401600000000004e+00 3.1499999999999999e+00 -9.4638974914464308e-04 3.4879642524505050e-01 0.0
    6.2702600000000004e+00 3.1499999999999999e+00 -4.8534036900930282e-05 1.8061210878269691e-02 0.0
    6.2831900000000003e+00 3.1499999999999999e+00 -0.0000000000000000e+00 0.0000000000000000e+00 0.0
    4.7999999999999998e+00 3.4020999999999999e+00 -1.4711993749055707e-01 9.3657544979004415e-01 0.0
    4.8129200000000001e+00 3.4020999999999999e+00 -1.4490788420125283e-01 9.2968015264581583e-01 0.0
    4.8430299999999997e+00 3.4020999999999999e+00 -1.3994089347154737e-01 9.1398828372225160e-01 0.0
    4.8895099999999996e+00 3.4020999999999999e+00 -1.3275690496913431e-01 8.9075452285283219e-01 0.0
    4.9512799999999997e+00 3.4020999999999999e+00 -1.2402964705565551e-01 8.6160672990352749e-01 0.0
    5.0268899999999999e+00 3.4020999999999999e+00 -1.1446335259303883e-01 8.2837377862299300e-01 0.0
    5.1145600000000000e+00 3.4020999999999999e+00 -1.0468730308099897e-01 7.9285530104523405e-01 0.0
    5.2122400000000004e+00 3.4020999999999999e+00 -9.5193571610890454e-02 7.5664782267221853e-01 0.0
    5.3176399999999999e+00 3.4020999999999999e+00 -8.6322368678273059e-02 7.2106051474807820e-01 0.0
    5.4282899999999996e+00 3.4020999999999999e+00 -7.8274901193111951e-02 6.8708622353767634e-01 0.0
    5.5415900000000002e+00 3.4020999999999999e+00 -7.1142912665191058e-02 6.5542413281310008e-01 0.0
    5.6548999999999996e+00 3.4020999999999999e+00 -6.4939346930141334e-02 6.2651798484639798e-01 0.0
    5.7655500000000002e+00 3.4020999999999999e+00 -5.9630282026793054e-02 6.0062535183301735e-01 0.0
    5.8709499999999997e+00 3.4020999999999999e+00 -5.5154479358468816e-02 5.7785811225233419e-01 0.0
    5.9686300000000001e+00 3.4020999999999999e+00 -5.1440459187552495e-02 5.5823415824408085e-01 0.0
    6.0563000000000002e+00 3.4020999999999999e+00 -4.8416650204752963e-02 5.4171357539434661e-01 0.0
    6.1318999999999999e+00 3.4020999999999999e+00 -4.6017694302852220e-02 5.2822713537604338e-01 0.0
    6.1936700000000000e+00 3.4020999999999999e+00 -4.4187204768031230e-02 5.1769275812028781e-01 0.0
    6.2401600000000004e+00 3.4020999999999999e+00 -2.9118923158187909e-02 3.4635086381983859e-01 0.0
    6.2702600000000004e+00 3.4020999999999999e+00 -1.4935164522311003e-03 1.7936984195693239e-02 0.0
    6.2831900000000003e+00 3.4020999999999999e+00 -0.0000000000000000e+00 0.0000000000000000e+00 0.0
    4.7999999999999998e+00 3.6482800000000002e+00 -2.6817604099261411e-01 8.7775058853215659e-01 0.0
    4.8129200000000001e+00 3.6482800000000002e+00 -2.6439350806976925e-01 8.7211197078639213e-01 0.0
    4.8430299999999997e+00 3.6482800000000002e+00 -2.5587401831927742e-01 8.5921547839880685e-01 0.0
    4.8895099999999996e+00 3.6482800000000002e+00 -2.4348757071619329e-01 8.3995811520732022e-01 0.0
    4.9512799999999997e+00 3.6482800000000002e+00 -2.2833702633651054e-01 8.1552979407459125e-01 0.0
    5.0268899999999999e+00 3.6482800000000002e+00 -2.1159837867353087e-01 7.8732153988890996e-01 0.0
    5.1145600000000000e+00 3.6482800000000002e+00 -1.9434885317847372e-01 7.5676636460340829e-01 0.0
    5.2122400000000004e+00 3.6482800000000002e+00 -1.7745653666998368e-01 7.2520047986626646e-01 0.0
    5.3176399999999999e+00 3.6482800000000002e+00 -1.6154483797464381e-01 6.9377934635927785e-01 0.0
    5.4282899999999996e+00 3.6482800000000002e+00 -1.4700320562163408e-01 6.6343050125558234e-01 0.0
    5.5415900000000002e+00 3.6482800000000002e+00 -1.3402951236905711e-01 6.3485002399481893e-01 0.0
    5.6548999999999996e+00 3.6482800000000002e+00 -1.2267811616592415e-01 6.0851689466498726e-01 0.0
    5.7655500000000002e+00 3.6482800000000002e+00 -1.1291389396364492e-01 5.8474174197716000e-01 0.0
    5.8709499999999997e+00 3.6482800000000002e+00 -1.0464638261594038e-01 5.6369549228260840e-01 0.0
    5.9686300000000001e+00 3.6482800000000002e+00 -9.7760995180404139e-02 5.4545270639832044e-01 0.0
    6.0563000000000002e+00 3.6482800000000002e+00 -9.2138349262413988e-02 5.3002374222277904e-01 0.0
    6.1318999999999999e+00 3.6482800000000002e+00 -8.7666798534936877e-02 5.1738152443035690e-01 0.0
    6.1936700000000000e+00 3.6482800000000002e+00 -8.4248400774840734e-02 5.0747790979569585e-01 0.0
    6.2401600000000004e+00 3.6482800000000002e+00 -5.5551263605217303e-02 3.3971507810182916e-01 0.0
    6.2702600000000004e+00 3.6482800000000002e+00 -2.8502759393985284e-03 1.7599739411363387e-02 0.0
    6.2831900000000003e+00 3.6482800000000002e+00 -0.0000000000000000e+00 0.0000000000000000e+00 0.0
    4.7999999999999998e+00 3.8827900000000000e+00 -3.5750412163070139e-01 7.9990499771184653e-01 0.0
    4.8129200000000001e+00 3.8827900000000000e+00 -3.5290309572551809e-01 7.9576188092887534e-01 0.0
    4.8430299999999997e+00 3.8827900000000000e+00 -3.4249776192256659e-01 7.8621231716398599e-01 0.0
    4.8895099999999996e+00 3.8827900000000000e+00 -3.2726404039828622e-01 7.7176543580320867e-01 0.0
    4.9512799999999997e+00 3.8827900000000000e+00 -3.0845888708723596e-01 7.5312485609009261e-01 0.0
    5.0268899999999999e+00 3.8827900000000000e+00 -2.8745926440714686e-01 7.3117664413208838e-01 0.0
    5.1145600000000000e+00 3.8827900000000000e+00 -2.6556938562606913e-01 7.0690987843401587e-01 0.0
    5.2122400000000004e+00 3.8827900000000000e+00 -2.4388328473406609e-01 6.8132499234409660e-01 0.0
    5.3176399999999999e+00 3.8827900000000000e+00 -2.2322638137719977e-01 6.5536011049852738e-01 0.0
    5.4282899999999996e+00 3.8827900000000000e+00 -2.0415006507317526e-01 6.2983146706240323e-01 0.0
    5.5415900000000002e+00 3.8827900000000000e+00 -1.8696857860067839e-01 6.0540434295534484e-01 0.0
    5.6548999999999996e+00 3.8827900000000000e+00 -1.7180850741309706e-01 5.8258112491694003e-01 0.0
    5.7655500000000002e+00 3.8827900000000000e+00 -1.5867215589699082e-01 5.6172485121962568e-01 0.0
    5.8709499999999997e+00 3.8827900000000000e+00 -1.4747929340916091e-01 5.4307222612060968e-01 0.0
    5.9686300000000001e+00 3.8827900000000000e+00 -1.3810809901352772e-01 5.2676491037635054e-01 0.0
    6.0563000000000002e+00 3.8827900000000000e+00 -1.3042191768562136e-01 5.1287517886066880e-01 0.0
    6.1318999999999999e+00 3.8827900000000000e+00 -1.2428758774388349e-01 5.0142932715310651e-01 0.0
    6.1936700000000000e+00 3.8827900000000000e+00 -1.1958500474433574e-01 4.9242308505048116e-01 0.0
    6.2401600000000004e+00 3.8827900000000000e+00 -7.8919236964884273e-02 3.2992100126551716e-01 0.0
    6.2702600000000004e+00 3.8827900000000000e+00 -4.0514411698083785e-03 1.7101534099214489e-02 0.0
    6.2831900000000003e+00 3.8827900000000000e+00 -0.0000000000000000e+00 0.0000000000000000e+00 0.0
    4.7999999999999998e+00 4.1001200000000004e+00 -4.1578261062771676e-01 7.1937116719414762e-01 0.0
    4.8129200000000001e+00 4.1001200000000004e+00 -4.1096404635690037e-01 7.1657366025083202e-01 0.0
    4.8430299999999997e+00 4.1001200000000004e+00 -4.0002049621439356e-01 7.1005779244345213e-01 0.0
    4.8895099999999996e+00 4.1001200000000004e+00 -3.8388213326326009e-01 7.0002618310344067e-01 0.0
    4.9512799999999997e+00 4.1001200000000004e+00 -3.6376660783044268e-01 6.8678669388279623e-01 0.0
    5.0268899999999999e+00 4.1001200000000004e+00 -3.4104682953252891e-01 6.7079430245501426e-01 0.0
    5.1145600000000000e+00 4.1001200000000004e+00 -3.1707021559570014e-01 6.5263571689674538e-01 0.0
    5.2122400000000004e+00 4.1001200000000004e+00 -2.9301567437166259e-01 6.3298363981639183e-01 0.0
    5.3176399999999999e+00 4.1001200000000004e+00 -2.6981877049800407e-01 6.1254216872658429e-01 0.0
    5.4282899999999996e+00 4.1001200000000004e+00 -2.4814628330725044e-01 5.9198670719761359e-01 0.0
    5.5415900000000002e+00 4.1001200000000004e+00 -2.2841713287325427e-01 5.7191953346298408e-01 0.0
    5.6548999999999996e+00 4.1001200000000004e+00 -2.1084183252122030e-01 5.5283798484283952e-01 0.0
    5.7655500000000002e+00 4.1001200000000004e+00 -1.9548410511920947e-01 5.3513544048064987e-01 0.0
    5.8709499999999997e+00 4.1001200000000004e+00 -1.8230322110763053e-01 5.1909905092203534e-01 0.0
    5.9686300000000001e+00 4.1001200000000004e+00 -1.7119944264901249e-01 5.0492791871401199e-01 0.0
    6.0563000000000002e+00 4.1001200000000004e+00 -1.6204547247989368e-01 4.9275081285738209e-01 0.0
    6.1318999999999999e+00 4.1001200000000004e+00 -1.5470926890798195e-01 4.8264482500774297e-01 0.0
    6.1936700000000000e+00 4.1001200000000004e+00 -1.4906693242638699e-01 4.7464875077516300e-01 0.0
    6.2401600000000004e+00 4.1001200000000004e+00 -9.8475749494273485e-02 3.1833597960349014e-01 0.0
    6.2702600000000004e+00 4.1001200000000004e+00 -5.0586256864546568e-03 1.6511534138483986e-02 0.0
    6.2831900000000003e+00 4.1001200000000004e+00 -0.0000000000000000e+00 0.0000000000000000e+00 0.0
    4.7999999999999998e+00 4.2951800000000002e+00 -4.4987892247759514e-01 6.4674990788833620e-01 0.0
    4.8129200000000001e+00 4.2951800000000002e+00 -4.4518605032216396e-01 6.4498940843895469e-01 0.0
    4.8430299999999997e+00 4.2951800000000002e+00 -4.3448701714017146e-01 6.4082918367048958e-01 0.0
    4.8895099999999996e+00 4.2951800000000002e+00 -4.1860468594398664e-01 6.3427047299624995e-01 0.0
    4.9512799999999997e+00 4.2951800000000002e+00 -3.9863180527030967e-01 6.2535267582400555e-01 0.0
    5.0268899999999999e+00 4.2951800000000002e+00 -3.7583418612933644e-01 6.1422240457543931e-01 0.0
    5.1145600000000000e+00 4.2951800000000002e+00 -3.5149595438703779e-01 6.0115954163241769e-01 0.0
    5.2122400000000004e+00 4.2951800000000002e+00 -3.2678512025365414e-01 5.8656741009272073e-01 0.0
    5.3176399999999999e+00 4.2951800000000002e+00 -3.0267188980769716e-01 5.7093930918933511e-01 0.0
    5.4282899999999996e+00 4.2951800000000002e+00 -2.7988744982084074e-01 5.5480661329241954e-01 0.0
    5.5415900000000002e+00 4.2951800000000002e+00 -2.5892761955622617e-01 5.3868968117675597e-01 0.0
    5.6548999999999996e+00 4.2951800000000002e+00 -2.4007802111112175e-01 5.2305519477815587e-01 0.0
    5.7655500000000002e+00 4.2951800000000002e+00 -2.2346763309401965e-01 5.0830094432523787e-01 0.0
    5.8709499999999997e+00 4.2951800000000002e+00 -2.0910692624576774e-01 4.9474149236307330e-01 0.0
    5.9686300000000001e+00 4.2951800000000002e+00 -1.9693341256132443e-01 4.8261461414201506e-01 0.0
    6.0563000000000002e+00 4.2951800000000002e+00 -1.8684494882705255e-01 4.7209112225490218e-01 0.0
    6.1318999999999999e+00 4.2951800000000002e+00 -1.7872525864240907e-01 4.6328824216958425e-01 0.0
    6.1936700000000000e+00 4.2951800000000002e+00 -1.7245929461643755e-01 4.5628023566196729e-01 0.0
    6.2401600000000004e+00 4.2951800000000002e+00 -1.1404904592896541e-01 3.0633887473230642e-01 0.0
    6.2702600000000004e+00 4.2951800000000002e+00 -5.8624819891063152e-03 1.5899754817276485e-02 0.0
    6.2831900000000003e+00 4.2951800000000002e+00 -0.0000000000000000e+00 0.0000000000000000e+00 0.0
    4.7999999999999998e+00 4.4634000000000000e+00 -4.6775466378839470e-01 5.8686901147209414e-01 0.0
    4.8129200000000001e+00 4.4634000000000000e+00 -4.6332280761754419e-01 5.8583732394118682e-01 0.0
    4.8430299999999997e+00 4.4634000000000000e+00 -4.5318674274027831e-01 5.8334435127054607e-01 0.0
    4.8895099999999996e+00 4.4634000000000000e+00 -4.3805727077632606e-01 5.7927345039390576e-01 0.0
    4.9512799999999997e+00 4.4634000000000000e+00 -4.1888925698513590e-01 5.7350156962883103e-01 0.0
    5.0268899999999999e+00 4.4634000000000000e+00 -3.9681476900507801e-01 5.6597796422708391e-01 0.0
    5.1145600000000000e+00 4.4634000000000000e+00 -3.7301520015501183e-01 5.5677312705153748e-01 0.0
    5.2122400000000004e+00 4.4634000000000000e+00 -3.4860101149402090e-01 5.4609301526910825e-01 0.0
    5.3176399999999999e+00 4.4634000000000000e+00 -3.2453038647914673e-01 5.3426355077033105e-01 0.0
    5.4282899999999996e+00 4.4634000000000000e+00 -3.0155872375982018e-01 5.2168989322172266e-01 0.0
    5.5415900000000002e+00 4.4634000000000000e+00 -2.8022863384552921e-01 5.0880938091617367e-01 0.0
    5.6548999999999996e+00 4.4634000000000000e+00 -2.6088179859645455e-01 4.9604516326670189e-01 0.0
    5.7655500000000002e+00 4.4634000000000000e+00 -2.4370274372240566e-01 4.8378124578245452e-01 0.0
    5.8709499999999997e+00 4.4634000000000000e+00 -2.2875078453707645e-01 4.7234011519830876e-01 0.0
    5.9686300000000001e+00 4.4634000000000000e+00 -2.1600305247909576e-01 4.6198010470695339e-01 0.0
    6.0563000000000002e+00 4.4634000000000000e+00 -2.0538754911533541e-01 4.5289852556309912e-01 0.0
    6.1318999999999999e+00 4.4634000000000000e+00 -1.9680976256508875e-01 4.4524013309651617e-01 0.0
    6.1936700000000000e+00 4.4634000000000000e+00 -1.9016950103964417e-01 4.3910485720746362e-01 0.0
    6.2401600000000004e+00 4.4634000000000000e+00 -1.2588492779837901e-01 2.9509816823200830e-01 0.0
    6.2702600000000004e+00 4.4634000000000000e+00 -6.4748888273732045e-03 1.5325813781301278e-02 0.0
    6.2831900000000003e+00 4.4634000000000000e+00 -0.0000000000000000e+00 0.0000000000000000e+00 0.0
    4.7999999999999998e+00 4.6008399999999998e+00 -4.7594234037485939e-01 5.4089957791395105e-01 0.0
    4.8129200000000001e+00 4.6008399999999998e+00 -4.7178304491756434e-01 5.4034972651013835e-01 0.0
    4.8430299999999997e+00 4.6008399999999998e+00 -4.6224708827593058e-01 5.3896583139028476e-01 0.0
    4.8895099999999996e+00 4.6008399999999998e+00 -4.4795283720605517e-01 5.3656738622982392e-01 0.0
    4.9512799999999997e+00 4.6008399999999998e+00 -4.2973812060275840e-01 5.3294024555745156e-01 0.0
    5.0268899999999999e+00 4.6008399999999998e+00 -4.0861486382235468e-01 5.2791634013463429e-01 0.0
    5.1145600000000000e+00 4.6008399999999998e+00 -3.8566309184635073e-01 5.2143366153811388e-01 0.0
    5.2122400000000004e+00 4.6008399999999998e+00 -3.6192462919620921e-01 5.1356493804098458e-01 0.0
    5.3176399999999999e+00 4.6008399999999998e+00 -3.3832552544900019e-01 5.0451512808108978e-01 0.0
    5.4282899999999996e+00 4.6008399999999998e+00 -3.1562135875525488e-01 4.9459094464794079e-01 0.0
    5.5415900000000002e+00 4.6008399999999998e+00 -2.9437817879061817e-01 4.8415839143143330e-01 0.0
    5.6548999999999996e+00 4.6008399999999998e+00 -2.7497421406433920e-01 4.7359668940388389e-01 0.0
    5.7655500000000002e+00 4.6008399999999998e+00 -2.5763493489173600e-01 4.6326832922747724e-01 0.0
    5.8709499999999997e+00 4.6008399999999998e+00 -2.4245893592963105e-01 4.5349205507228285e-01 0.0
    5.9686300000000001e+00 4.6008399999999998e+00 -2.2945753322940804e-01 4.4453396982388393e-01 0.0
    6.0563000000000002e+00 4.6008399999999998e+00 -2.1858648393494409e-01 4.3660564613564812e-01 0.0
    6.1318999999999999e+00 4.6008399999999998e+00 -2.0977262975403524e-01 4.2986861505859125e-01 0.0
    6.1936700000000000e+00 4.6008399999999998e+00 -2.0293138739406125e-01 4.2443955225593416e-01 0.0
    6.2401600000000004e+00 4.6008399999999998e+00 -1.3444594893451817e-01 2.8548266902828773e-01 0.0
    6.2702600000000004e+00 4.6008399999999998e+00 -6.9188879627762098e-03 1.4834290359246226e-02 0.0
    6.2831900000000003e+00 4.6008399999999998e+00 -0.0000000000000000e+00 0.0000000000000000e+00 0.0
    4.7999999999999998e+00 4.7042599999999997e+00 -4.7899564200351857e-01 5.0834228629781786e-01 0.0
    4.8129200000000001e+00 4.7042599999999997e+00 -4.7505955134967676e-01 5.0809279477684544e-01 0.0
    4.8430299999999997e+00 4.7042599999999997e+00 -4.6601967609487666e-01 5.0740375607853183e-01 0.0
    4.8895099999999996e+00 4.7042599999999997e+00 -4.5242806023700594e-01 5.0606218675244174e-01 0.0
    4.9512799999999997e+00 4.7042599999999997e+00 -4.3503706582476309e-01 5.0380592840252081e-01 0.0
    5.0268899999999999e+00 4.7042599999999997e+00 -4.1476786725142750e-01 5.0040129225306618e-01 0.0
    5.1145600000000000e+00 4.7042599999999997e+00 -3.9261990505135258e-01 4.9570771027914728e-01 0.0
    5.2122400000000004e+00 4.7042599999999997e+00 -3.6957556320196028e-01 4.8971437267193846e-01 0.0
    5.3176399999999999e+00 4.7042599999999997e+00 -3.4652692784398648e-01 4.8254607964185642e-01 0.0
    5.4282899999999996e+00 4.7042599999999997e+00 -3.2421981647316478e-01 4.7444044676938646e-01 0.0
    5.5415900000000002e+00 4.7042599999999997e+00 -3.0322941307759210e-01 4.6570998518113804e-01 0.0
    5.6548999999999996e+00 4.7042599999999997e+00 -2.8395520982293748e-01 4.5669778442538722e-01 0.0
    5.7655500000000002e+00 4.7042599999999997e+00 -2.6664957895726776e-01 4.4774540354313080e-01 0.0
    5.8709499999999997e+00 4.7042599999999997e+00 -2.5143885091335982e-01 4.3916350878504345e-01 0.0
    5.9686300000000001e+00 4.7042599999999997e+00 -2.3835976473722165e-01 4.3121906805160021e-01 0.0
    6.0563000000000002e+00 4.7042599999999997e+00 -2.2738963345149796e-01 4.2413008542166358e-01 0.0
    6.1318999999999999e+00 4.7042599999999997e+00 -2.1847253387248206e-01 4.1806723902467846e-01 0.0
    6.1936700000000000e+00 4.7042599999999997e+00 -2.1153695989734231e-01 4.1315713463541148e-01 0.0
    6.2401600000000004e+00 4.7042599999999997e+00 -1.4023817523414719e-01 2.7807417330304496e-01 0.0
    6.2702600000000004e+00 4.7042599999999997e+00 -7.2199155704070596e-03 1.4455228837322595e-02 0.0
    6.2831900000000003e+00 4.7042599999999997e+00 -0.0000000000000000e+00 0.0000000000000000e+00 0.0
    4.7999999999999998e+00 4.7712399999999997e+00 -4.7976931737433498e-01 4.8823628146818060e-01 0.0
    4.8129200000000001e+00 4.7712399999999997e+00 -4.7598157016610715e-01 4.8815531554005254e-01 0.0
    4.8430299999999997e+00 4.7712399999999997e+00 -4.6727305901189831e-01 4.8785759405278206e-01 0.0
    4.8895099999999996e+00 4.7712399999999997e+00 -4.5415513297801108e-01 4.8711498020853511e-01 0.0
    4.9512799999999997e+00 4.7712399999999997e+00 -4.3732714521904792e-01 4.8564212538863999e-01 0.0
    5.0268899999999999e+00 4.7712399999999997e+00 -4.1765281466010118e-01 4.8317186226451375e-01 0.0
    5.1145600000000000e+00 4.7712399999999997e+00 -3.9607902139592577e-01 4.7952152196219289e-01 0.0
    5.2122400000000004e+00 4.7712399999999997e+00 -3.7354755830752046e-01 4.7463352244356172e-01 0.0
    5.3176399999999999e+00 4.7712399999999997e+00 -3.5092517718624366e-01 4.6858591970022456e-01 0.0
    5.4282899999999996e+00 4.7712399999999997e+00 -3.2894754634909135e-01 4.6157439092670705e-01 0.0
    5.5415900000000002e+00 4.7712399999999997e+00 -3.0819214999391953e-01 4.5387754829238980e-01 0.0
    5.6548999999999996e+00 4.7712399999999997e+00 -2.8906933731984319e-01 4.4581429884709312e-01 0.0
    5.7655500000000002e+00 4.7712399999999997e+00 -2.7184684798837089e-01 4.3771097805229864e-01 0.0
    5.8709499999999997e+00 4.7712399999999997e+00 -2.5666777441369443e-01 4.2987096393948210e-01 0.0
    5.9686300000000001e+00 4.7712399999999997e+00 -2.4358479970350916e-01 4.2255971962067279e-01 0.0
    6.0563000000000002e+00 4.7712399999999997e+00 -2.3258915342537270e-01 4.1599755657419374e-01 0.0
    6.1318999999999999e+00 4.7712399999999997e+00 -2.2363631398226685e-01 4.1035952600320441e-01 0.0
    6.1936700000000000e+00 4.7712399999999997e+00 -2.1666362120337265e-01 4.0577744106580665e-01 0.0
    6.2401600000000004e+00 4.7712399999999997e+00 -1.4369783127676797e-01 2.7322316618069015e-01 0.0
    6.2702600000000004e+00 4.7712399999999997e+00 -7.4000083044085613e-03 1.4206855486966003e-02 0.0
    6.2831900000000003e+00 4.7712399999999997e+00 -0.0000000000000000e+00 0.0000000000000000e+00 0.0
    4.7999999999999998e+00 4.7999999999999998e+00 -4.7984273416420448e-01 4.7984273416420453e-01 0.0
    4.8129200000000001e+00 4.7999999999999998e+00 -4.7611902920939103e-01 4.7982828548511908e-01 0.0
    4.8430299999999997e+00 4.7999999999999998e+00 -4.6755392404893920e-01 4.7968534965759629e-01 0.0
    4.8895099999999996e+00 4.7999999999999998e+00 -4.5464191539634635e-01 4.7918051740821954e-01 0.0
    4.9512799999999997e+00 4.7999999999999998e+00 -4.3806028243741829e-01 4.7802016302440442e-01 0.0
    5.0268899999999999e+00 4.7999999999999998e+00 -4.1864856235762643e-01 4.7592470293848632e-01 0.0
    5.1145600000000000e+00 4.7999999999999998e+00 -3.9733117734671797e-01 4.7269534852982653e-01 0.0
    5.2122400000000004e+00 4.7999999999999998e+00 -3.7503218412121520e-01 4.6825612449797760e-01 0.0
    5.3176399999999999e+00 4.7999999999999998e+00 -3.5260681759751733e-01 4.6266626315910975e-01 0.0
    5.4282899999999996e+00 4.7999999999999998e+00 -3.3078557944037124e-01 4.5610417028987432e-01 0.0
    5.5415900000000002e+00 4.7999999999999998e+00 -3.1014612756025001e-01 4.4883416897255290e-01 0.0
    5.6548999999999996e+00 4.7999999999999998e+00 -2.9110277940994089e-01 4.4116468468083203e-01 0.0
    5.7655500000000002e+00 4.7999999999999998e+00 -2.7392935348511493e-01 4.3341519261268152e-01 0.0
    5.8709499999999997e+00 4.7999999999999998e+00 -2.5877580703749109e-01 4.2588550487300209e-01 0.0
    5.9686300000000001e+00 4.7999999999999998e+00 -2.4570149445526060e-01 4.1883998065817246e-01 0.0
    6.0563000000000002e+00 4.7999999999999998e+00 -2.3470356271758269e-01 4.1249949836653521e-01 0.0
    6.1318999999999999e+00 4.7999999999999998e+00 -2.2574240217913136e-01 4.0704062550961068e-01 0.0
    6.1936700000000000e+00 4.7999999999999998e+00 -2.1875920808841051e-01 4.0259712112980844e-01 0.0
    6.2401600000000004e+00 4.7999999999999998e+00 -1.4511422097438967e-01 2.7113132824954284e-01 0.0
    6.2702600000000004e+00 4.7999999999999998e+00 -7.4738100087905690e-03 1.4099711616926858e-02 0.0
    6.2831900000000003e+00 4.7999999999999998e+00 -0.0000000000000000e+00 0.0000000000000000e+00 0.0
    0.0000000000000000e+00 4.7999999999999998e+00 -0.0000000000000000e+00 -0.0000000000000000e+00 0.0
    1.3070800000000000e-02 4.7999999999999998e+00 -6.2195058218967939e-03 -1.1732859194365973e-02 0.0
    4.3517800000000002e-02 4.7999999999999998e+00 -1.4819501939763829e-01 -2.7684348119711705e-01 0.0
    9.0528899999999995e-02 4.7999999999999998e+00 -2.1887142569484794e-01 -4.0266987183792546e-01 0.0
    1.5299900000000000e-01 4.7999999999999998e+00 -2.2594039526356594e-01 -4.0716415833293190e-01 0.0
    2.2946200000000000e-01 4.7999999999999998e+00 -2.3501732722233365e-01 -4.1268580015058287e-01 0.0
    3.1812600000000002e-01 4.7999999999999998e+00 -2.4616383329273603e-01 -4.1909810404925696e-01 0.0
    4.1691299999999998e-01 4.7999999999999998e+00 -2.5942470054637790e-01 -4.2622170285689348e-01 0.0
    5.2350799999999997e-01 4.7999999999999998e+00 -2.7480735113858795e-01 -4.3383123589446410e-01 0.0
    6.3541099999999995e-01 4.7999999999999998e+00 -2.9225566057064806e-01 -4.4165613247274738e-01 0.0
    7.5000000000000000e-01 4.7999999999999998e+00 -3.1162075697194841e-01 -4.4938893613406578e-01 0.0
    8.6458900000000005e-01 4.7999999999999998e+00 -3.3262975710904380e-01 -4.5670273583233134e-01 0.0
    9.7649200000000003e-01 4.7999999999999998e+00 -3.5485962191373377e-01 -4.6327990586940604e-01 0.0
    1.0830900000000001e+00 4.7999999999999998e+00 -3.7772358563671671e-01 -4.6885043354379052e-01 0.0
    1.1818700000000000e+00 4.7999999999999998e+00 -4.0047128316115044e-01 -4.7323273586666542e-01 0.0
    1.2705400000000000e+00 4.7999999999999998e+00 -4.2223207233392629e-01 -4.7637176781759083e-01 0.0
    1.3470000000000000e+00 4.7999999999999998e+00 -4.4205180421564355e-01 -4.7835227097172062e-01 0.0
    1.4094700000000000e+00 4.7999999999999998e+00 -4.5898756259689882e-01 -4.7938931084148895e-01 0.0
    1.4564800000000000e+00 4.7999999999999998e+00 -4.7217803936749808e-01 -4.7978151484175863e-01 0.0
    1.4869300000000001e+00 4.7999999999999998e+00 -4.8092744492854567e-01 -4.7984150813861159e-01 0.0
    1.5000000000000000e+00 4.7999999999999998e+00 -4.8473255156104578e-01 -4.7981781877709068e-01 0.0
    0.0000000000000000e+00 4.8129200000000001e+00 -0.0000000000000000e+00 -0.0000000000000000e+00 0.0
    1.3070800000000000e-02 4.8129200000000001e+00 -6.2465265107854934e-03 -1.1692739151306844e-02 0.0
    4.3517800000000002e-02 4.8129200000000001e+00 -1.4883104042097423e-01 -2.7588234270933637e-01 0.0
    9.0528899999999995e-02 4.8129200000000001e+00 -2.1979248277274877e-01 -4.0123850001007044e-01 0.0
    1.5299900000000000e-01 4.8129200000000001e+00 -2.2686515422689463e-01 -4.0567023665318402e-01 0.0
    2.2946200000000000e-01 4.8129200000000001e+00 -2.3594445876878992e-01 -4.1111102047187192e-01 0.0
    3.1812600000000002e-01 4.8129200000000001e+00 -2.4709021797582523e-01 -4.1742330871414202e-01 0.0
    4.1691299999999998e-01 4.8129200000000001e+00 -2.6034494387889412e-01 -4.2442707170764893e-01 0.0
    5.2350799999999997e-01 4.8129200000000001e+00 -2.7571332426586498e-01 -4.3189673441358295e-01 0.0
    6.3541099999999995e-01 4.8129200000000001e+00 -2.9313616331062126e-01 -4.3956228926111812e-01 0.0
    7.5000000000000000e-01 4.8129200000000001e+00 -3.1246144739135367e-01 -4.4711797704755812e-01 0.0
    8.6458900000000005e-01 4.8129200000000001e+00 -3.3341353323431616e-01 -4.5424005953199259e-01 0.0
    9.7649200000000003e-01 4.8129200000000001e+00 -3.5556764216103731e-01 -4.6061577110657531e-01 0.0
    1.0830900000000001e+00 4.8129200000000001e+00 -3.7833704419055886e-01 -4.6598161101735192e-01 0.0
    1.1818700000000000e+00 4.8129200000000001e+00 -4.0097392884783906e-01 -4.7016384525138233e-01 0.0
    1.2705400000000000e+00 4.8129200000000001e+00 -4.2261311081571884e-01 -4.7311580471173137e-01 0.0
    1.3470000000000000e+00 4.8129200000000001e+00 -4.4230882119912984e-01 -4.7493039759495448e-01 0.0
    1.4094700000000000e+00 4.8129200000000001e+00 -4.5912859699884073e-01 -4.7582961260145751e-01 0.0
    1.4564800000000000e+00 4.8129200000000001e+00 -4.7222235691410241e-01 -4.7611730320401452e-01 0.0
    1.4869300000000001e+00 4.8129200000000001e+00 -4.8090452732206496e-01 -4.7610946055014741e-01 0.0
    1.5000000000000000e+00 4.8129200000000001e+00 -4.8467962687858190e-01 -4.7605666031700294e-01 0.0
    0.0000000000000000e+00 4.8430299999999997e+00 -0.0000000000000000e+00 -0.0000000000000000e+00 0.0
    1.3070800000000000e-02 4.8430299999999997e+00 -6.3081421206108296e-03 -1.1599110905564432e-02 0.0
    4.3517800000000002e-02 4.8430299999999997e+00 -1.5028069613416750e-01 -2.7363972388142493e-01 0.0
    9.0528899999999995e-02 4.8430299999999997e+00 -2.2189023870169011e-01 -3.9789961470311630e-01 0.0
    1.5299900000000000e-01 4.8430299999999997e+00 -2.2896910141546428e-01 -4.0218677743390402e-01 0.0
    2.2946200000000000e-01 4.8430299999999997e+00 -2.3805080012507013e-01 -4.0744082267761550e-01 0.0
    3.1812600000000002e-01 4.8430299999999997e+00 -2.4919097032878104e-01 -4.1352236483080407e-01 0.0
    4.1691299999999998e-01 4.8430299999999997e+00 -2.6242682969520775e-01 -4.2024999917582445e-01 0.0
    5.2350799999999997e-01 4.8430299999999997e+00 -2.7775673937537770e-01 -4.2739784590016572e-01 0.0
    6.3541099999999995e-01 4.8430299999999997e+00 -2.9511444850755159e-01 -4.3469741517039651e-01 0.0
    7.5000000000000000e-01 4.8430299999999997e+00 -3.1434079783857871e-01 -4.4184709147265328e-01 0.0
    8.6458900000000005e-01 4.8430299999999997e+00 -3.3515397006528419e-01 -4.4853065907123085e-01 0.0
    9.7649200000000003e-01 4.8430299999999997e+00 -3.5712546331688094e-01 -4.5444669218781786e-01 0.0
    1.0830900000000001e+00 4.8430299999999997e+00 -3.7966899944077631e-01 -4.5934670734927702e-01 0.0
    1.1818700000000000e+00 4.8430299999999997e+00 -4.0204306609765389e-01 -4.6307488548585940e-01 0.0
    1.2705400000000000e+00 4.8430299999999997e+00 -4.2339543387847001e-01 -4.6560348034415333e-01 0.0
    1.3470000000000000e+00 4.8430299999999997e+00 -4.4279992926248629e-01 -4.6704364503408147e-01 0.0
    1.4094700000000000e+00 4.8430299999999997e+00 -4.5934830909687019e-01 -4.6763262470614009e-01 0.0
    1.4564800000000000e+00 4.8430299999999997e+00 -4.7221634245984850e-01 -4.6768559276653743e-01 0.0
    1.4869300000000001e+00 4.8430299999999997e+00 -4.8074187306392913e-01 -4.6752566296608500e-01 0.0
    1.5000000000000000e+00 4.8430299999999997e+00 -4.8444713297771858e-01 -4.6740766342454970e-01 0.0
    0.0000000000000000e+00 4.8895099999999996e+00 -0.0000000000000000e+00 -0.0000000000000000e+00 0.0
    1.3070800000000000e-02 4.8895099999999996e+00 -6.3995684519793858e-03 -1.1454311496295824e-02 0.0
    4.3517800000000002e-02 4.8895099999999996e+00 -1.5242989575034124e-01 -2.7017251583967028e-01 0.0
    9.0528899999999995e-02 4.8895099999999996e+00 -2.2499601392437588e-01 -3.9274007103179304e-01 0.0
    1.5299900000000000e-01 4.8895099999999996e+00 -2.3207795307811530e-01 -3.9680749157379924e-01 0.0
    2.2946200000000000e-01 4.8895099999999996e+00 -2.4115502626189980e-01 -4.0177811936407093e-01 0.0
    3.1812600000000002e-01 4.8895099999999996e+00 -2.5227638542303521e-01 -4.0751009376557945e-01 0.0
    4.1691299999999998e-01 4.8895099999999996e+00 -2.6547111684821206e-01 -4.1382034006219531e-01 0.0
    5.2350799999999997e-01 4.8895099999999996e+00 -2.8072796338366612e-01 -4.2048302471380633e-01 0.0
    6.3541099999999995e-01 4.8895099999999996e+00 -2.9797008640363193e-01 -4.2723253785256182e-01 0.0
    7.5000000000000000e-01 4.8895099999999996e+00 -3.1702779495489680e-01 -4.3377414095412598e-01 0.0
    8.6458900000000005e-01 4.8895099999999996e+00 -3.3761045266976430e-01 -4.3980353865013200e-01 0.0
    9.7649200000000003e-01 4.8895099999999996e+00 -3.5928470215375985e-01 -4.4503680054180489e-01 0.0
    1.0830900000000001e+00 4.8895099999999996e+00 -3.8146593284775332e-01 -4.4924815045397526e-01 0.0
    1.1818700000000000e+00 4.8895099999999996e+00 -4.0342323343758935e-01 -4.5230837211827052e-01 0.0
    1.2705400000000000e+00 4.8895099999999996e+00 -4.2432494414148697e-01 -4.5421730858774090e-01 0.0
    1.3470000000000000e+00 4.8895099999999996e+00 -4.4327522865233504e-01 -4.5511217706693918e-01 0.0
    1.4094700000000000e+00 4.8895099999999996e+00 -4.5940276202335373e-01 -4.5525146418200513e-01 0.0
    1.4564800000000000e+00 4.8895099999999996e+00 -4.7192229739149300e-01 -4.5496558317176872e-01 0.0
    1.4869300000000001e+00 4.8895099999999996e+00 -4.8020672015206928e-01 -4.5458678436388694e-01 0.0
    1.5000000000000000e+00 4.8895099999999996e+00 -4.8380465822951130e-01 -4.5437513069665397e-01 0.0
    0.0000000000000000e+00 4.9512799999999997e+00 -0.0000000000000000e+00 -0.0000000000000000e+00 0.0
    1.3070800000000000e-02 4.9512799999999997e+00 -6.5142591010234991e-03 -1.1261614884982805e-02 0.0
    4.3517800000000002e-02 4.9512799999999997e+00 -1.5512258719215904e-01 -2.6556045029387265e-01 0.0
    9.0528899999999995e-02 4.9512799999999997e+00 -2.2887924395704118e-01 -3.8588166435025356e-01 0.0
    1.5299900000000000e-01 4.9512799999999997e+00 -2.3595371635476009e-01 -3.8966387240181288e-01 0.0
    2.2946200000000000e-01 4.9512799999999997e+00 -2.4500986125025453e-01 -3.9426740137957367e-01 0.0
    3.1812600000000002e-01 4.9512799999999997e+00 -2.5608822085549787e-01 -3.9954777459041801e-01 0.0
    4.1691299999999998e-01 4.9512799999999997e+00 -2.6920720802738629e-01 -4.0532051227906940e-01 0.0
    5.2350799999999997e-01 4.9512799999999997e+00 -2.8434311939721485e-01 -4.1136075727356913e-01 0.0
    6.3541099999999995e-01 4.9512799999999997e+00 -3.0140566705291244e-01 -4.1740765583315265e-01 0.0
    7.5000000000000000e-01 4.9512799999999997e+00 -3.2021213401088783e-01 -4.2317640602939832e-01 0.0
    8.6458900000000005e-01 4.9512799999999997e+00 -3.4046149669815257e-01 -4.2837900890788394e-01 0.0
    9.7649200000000003e-01 4.9512799999999997e+00 -3.6171556135523564e-01 -4.3275464121320140e-01 0.0
    1.0830900000000001e+00 4.9512799999999997e+00 -3.8339362973720981e-01 -4.3610671520083388e-01 0.0
    1.1818700000000000e+00 4.9512799999999997e+00 -4.0478033701503213e-01 -4.3833936163040382e-01 0.0
    1.2705400000000000e+00 4.9512799999999997e+00 -4.2507219487768261e-01 -4.3948611331719273e-01 0.0
    1.3470000000000000e+00 4.9512799999999997e+00 -4.4341360683831682e-01 -4.3971507172898278e-01 0.0
    1.4094700000000000e+00 4.9512799999999997e+00 -4.5898122475094555e-01 -4.3930891075772266e-01 0.0
    1.4564800000000000e+00 4.9512799999999997e+00 -4.7103974247490360e-01 -4.3861445567527058e-01 0.0
    1.4869300000000001e+00 4.9512799999999997e+00 -4.7900646685746728e-01 -4.3797295323376190e-01 0.0
    1.5000000000000000e+00 4.9512799999999997e+00 -4.8246329992626480e-01 -4.3764919413108327e-01 0.0
    0.0000000000000000e+00 5.0268899999999999e+00 -0.0000000000000000e+00 -0.0000000000000000e+00 0.0
    1.3070800000000000e-02 5.0268899999999999e+00 -6.6443233830888737e-03 -1.1025799694616640e-02 0.0
    4.3517800000000002e-02 5.0268899999999999e+00 -1.5817100201582063e-01 -2.5991953197482176e-01 0.0
    9.0528899999999995e-02 5.0268899999999999e+00 -2.3326327575274630e-01 -3.7750073061311773e-01 0.0
    1.5299900000000000e-01 5.0268899999999999e+00 -2.4031193018951308e-01 -3.8094505931056760e-01 0.0
    2.2946200000000000e-01 5.0268899999999999e+00 -2.4932123478898777e-01 -3.8511485299777881e-01 0.0
    3.1812600000000002e-01 5.0268899999999999e+00 -2.6032129201984011e-01 -3.8986342851272687e-01 0.0
    4.1691299999999998e-01 5.0268899999999999e+00 -2.7331775738352077e-01 -3.9500577133132847e-01 0.0
    5.2350799999999997e-01 5.0268899999999999e+00 -2.8827231776205209e-01 -4.0031952128116738e-01 0.0
    6.3541099999999995e-01 5.0268899999999999e+00 -3.0507927434895543e-01 -4.0555092368834172e-01 0.0
    7.5000000000000000e-01 5.0268899999999999e+00 -3.2354151599562214e-01 -4.1042836784329417e-01 0.0
    8.6458900000000005e-01 5.0268899999999999e+00 -3.4334734248746013e-01 -4.1468426971635175e-01 0.0
    9.7649200000000003e-01 5.0268899999999999e+00 -3.6405501066158141e-01 -4.1808563674418259e-01 0.0
    1.0830900000000001e+00 5.0268899999999999e+00 -3.8509098101599432e-01 -4.2046991038539411e-01 0.0
    1.1818700000000000e+00 5.0268899999999999e+00 -4.0576080404689474e-01 -4.2177889930392543e-01 0.0
    1.2705400000000000e+00 5.0268899999999999e+00 -4.2529633090797653e-01 -4.2208293032532118e-01 0.0
    1.3470000000000000e+00 5.0268899999999999e+00 -4.4289066811091865e-01 -4.2158248450766878e-01 0.0
    1.4094700000000000e+00 5.0268899999999999e+00 -4.5777716729363049e-01 -4.2058416051731690e-01 0.0
    1.4564800000000000e+00 5.0268899999999999e+00 -4.6927854795251883e-01 -4.1944960073209198e-01 0.0
    1.4869300000000001e+00 5.0268899999999999e+00 -4.7686308300089819e-01 -4.1852683653308115e-01 0.0
    1.5000000000000000e+00 5.0268899999999999e+00 -4.8015059704813906e-01 -4.1808348918106275e-01 0.0
    0.0000000000000000e+00 5.1145600000000000e+00 -0.0000000000000000e+00 -0.0000000000000000e+00 0.0
    1.3070800000000000e-02 5.1145600000000000e+00 -6.7813720543096713e-03 -1.0753178813543270e-02 0.0
    4.3517800000000002e-02 5.1145600000000000e+00 -1.6137599056952617e-01 -2.5340252045542233e-01 0.0
    9.0528899999999995e-02 5.1145600000000000e+00 -2.3785582001490929e-01 -3.6782832333656951e-01 0.0
    1.5299900000000000e-01 5.1145600000000000e+00 -2.4485367412395917e-01 -3.7089723652875056e-01 0.0
    2.2946200000000000e-01 5.1145600000000000e+00 -2.5378229907952277e-01 -3.7458664170629064e-01 0.0
    3.1812600000000002e-01 5.1145600000000000e+00 -2.6465995990582947e-01 -3.7874857518252908e-01 0.0
    4.1691299999999998e-01 5.1145600000000000e+00 -2.7747808803499358e-01 -3.8319889184255829e-01 0.0
    5.2350799999999997e-01 5.1145600000000000e+00 -2.9218243059136284e-01 -3.8771971516489895e-01 0.0
    6.3541099999999995e-01 5.1145600000000000e+00 -3.0865097211007708e-01 -3.9206700763313163e-01 0.0
    7.5000000000000000e-01 5.1145600000000000e+00 -3.2667207337329884e-01 -3.9598553530753222e-01 0.0
    8.6458900000000005e-01 5.1145600000000000e+00 -3.4592436275723326e-01 -3.9923166457726755e-01 0.0
    9.7649200000000003e-01 5.1145600000000000e+00 -3.6596498183401710e-01 -4.0160371777134668e-01 0.0
    1.0830900000000001e+00 5.1145600000000000e+00 -3.8623151122984345e-01 -4.0297605138434217e-01 0.0
    1.1818700000000000e+00 5.1145600000000000e+00 -4.0605575602317984e-01 -4.0332987018108868e-01 0.0
    1.2705400000000000e+00 5.1145600000000000e+00 -4.2471107215457532e-01 -4.0277239256374620e-01 0.0
    1.3470000000000000e+00 5.1145600000000000e+00 -4.4144568075604329e-01 -4.0153486426684526e-01 0.0
    1.4094700000000000e+00 5.1145600000000000e+00 -4.5555546632588367e-01 -3.9994475561161419e-01 0.0
    1.4564800000000000e+00 5.1145600000000000e+00 -4.6642595527303987e-01 -3.9837470225920835e-01 0.0
    1.4869300000000001e+00 5.1145600000000000e+00 -4.7357981483571621e-01 -3.9717577410919042e-01 0.0
    1.5000000000000000e+00 5.1145600000000000e+00 -4.7667704745501699e-01 -3.9661555507281820e-01 0.0
    0.0000000000000000e+00 5.2122400000000004e+00 -0.0000000000000000e+00 -0.0000000000000000e+00 0.0
    1.3070800000000000e-02 5.2122400000000004e+00 -6.9173912315050184e-03 -1.0451422196595818e-02 0.0
    4.3517800000000002e-02 5.2122400000000004e+00 -1.6454794304302195e-01 -2.4619443066213031e-01 0.0
    9.0528899999999995e-02 5.2122400000000004e+00 -2.4238006305374052e-01 -3.5714291294369627e-01 0.0
    1.5299900000000000e-01 5.2122400000000004e+00 -2.4929795614065370e-01 -3.5981515194585201e-01 0.0
    2.2946200000000000e-01 5.2122400000000004e+00 -2.5810742241809259e-01 -3.6299881679314788e-01 0.0
    3.1812600000000002e-01 5.2122400000000004e+00 -2.6881403618563554e-01 -3.6654598307280362e-01 0.0
    4.1691299999999998e-01 5.2122400000000004e+00 -2.8139426723030619e-01 -3.7027513926426686e-01 0.0
    5.2350799999999997e-01 5.2122400000000004e+00 -2.9577751561235949e-01 -3.7397511258695337e-01 0.0
    6.3541099999999995e-01 5.2122400000000004e+00 -3.1182563403911157e-01 -3.7741418619769557e-01 0.0
    7.5000000000000000e-01 5.2122400000000004e+00 -3.2931349826422734e-01 -3.8035629028867785e-01 0.0
    8.6458900000000005e-01 5.2122400000000004e+00 -3.4791217921371148e-01 -3.8258436646462585e-01 0.0
    9.7649200000000003e-01 5.2122400000000004e+00 -3.6718094872734192e-01 -3.8393003688122812e-01 0.0
    1.0830900000000001e+00 5.2122400000000004e+00 -3.8657270912835984e-01 -3.8430539556902360e-01 0.0
    1.1818700000000000e+00 5.2122400000000004e+00 -4.0545026726884570e-01 -3.8373027403642890e-01 0.0
    1.2705400000000000e+00 5.2122400000000004e+00 -4.2313309439214536e-01 -3.8234627468391857e-01 0.0
    1.3470000000000000e+00 5.2122400000000004e+00 -4.3892844167039169e-01 -3.8041135214979938e-01 0.0
    1.4094700000000000e+00 5.2122400000000004e+00 -4.5219741859827778e-01 -3.7826885104641783e-01 0.0
    1.4564800000000000e+00 5.2122400000000004e+00 -4.6238978852083645e-01 -3.7629724099470591e-01 0.0
    1.4869300000000001e+00 5.2122400000000004e+00 -4.6908302588906708e-01 -3.7484613964669217e-01 0.0
    1.5000000000000000e+00 5.2122400000000004e+00 -4.7197730890089434e-01 -3.7417983525587628e-01 0.0
    0.0000000000000000e+00 5.3176399999999999e+00 -0.0000000000000000e+00 -0.0000000000000000e+00 0.0
    1.3070800000000000e-02 5.3176399999999999e+00 -7.0454499975873466e-03 -1.0129303630359087e-02 0.0
    4.3517800000000002e-02 5.3176399999999999e+00 -1.6752365724561827e-01 -2.3850622126868398e-01 0.0
    9.0528899999999995e-02 5.3176399999999999e+00 -2.4659957849701589e-01 -3.4576041594130508e-01 0.0
    1.5299900000000000e-01 5.3176399999999999e+00 -2.5340739188309797e-01 -3.4803090309773227e-01 0.0
    2.2946200000000000e-01 5.3176399999999999e+00 -2.6205878790215043e-01 -3.5070442311441191e-01 0.0
    3.1812600000000002e-01 5.3176399999999999e+00 -2.7254640156368903e-01 -3.5363461996378182e-01 0.0
    4.1691299999999998e-01 5.3176399999999999e+00 -2.8483176779465796e-01 -3.5664450209982662e-01 0.0
    5.2350799999999997e-01 5.3176399999999999e+00 -2.9882843793467367e-01 -3.5953176694598277e-01 0.0
    6.3541099999999995e-01 5.3176399999999999e+00 -3.1438330670810338e-01 -3.6207928874641987e-01 0.0
    7.5000000000000000e-01 5.3176399999999999e+00 -3.3125976837852111e-01 -3.6407223849741677e-01 0.0
    8.6458900000000005e-01 5.3176399999999999e+00 -3.4912420969832708e-01 -3.6532160127451663e-01 0.0
    9.7649200000000003e-01 5.3176399999999999e+00 -3.6754161719488826e-01 -3.6569268445508024e-01 0.0
    1.0830900000000001e+00 5.3176399999999999e+00 -3.8598411138498862e-01 -3.6513420484175280e-01 0.0
    1.1818700000000000e+00 5.3176399999999999e+00 -4.0384912744281481e-01 -3.6370177560142242e-01 0.0
    1.2705400000000000e+00 5.3176399999999999e+00 -4.2050491372435567e-01 -3.6156696496951363e-01 0.0
    1.3470000000000000e+00 5.3176399999999999e+00 -4.3531900316201633e-01 -3.5900886363127810e-01 0.0
    1.4094700000000000e+00 5.3176399999999999e+00 -4.4771738540398387e-01 -3.5638076852673523e-01 0.0
    1.4564800000000000e+00 5.3176399999999999e+00 -4.5721246667815413e-01 -3.5406146573481817e-01 0.0
    1.4869300000000001e+00 5.3176399999999999e+00 -4.6343435720402260e-01 -3.5239468687154824e-01 0.0
    1.5000000000000000e+00 5.3176399999999999e+00 -4.6612152846983368e-01 -3.5163834007492245e-01 0.0
    0.0000000000000000e+00 5.4282899999999996e+00 -0.0000000000000000e+00 -0.0000000000000000e+00 0.0
    1.3070800000000000e-02 5.4282899999999996e+00 -7.1602433189825601e-03 -9.7962144993186950e-03 0.0
    4.3517800000000002e-02 5.4282899999999996e+00 -1.7017914502729001e-01 -2.3056296918441407e-01 0.0
    9.0528899999999995e-02 5.4282899999999996e+00 -2.5033692208158831e-01 -3.3401617855000171e-01 0.0
    1.5299900000000000e-01 5.4282899999999996e+00 -2.5700691547536175e-01 -3.3589457639601805e-01 0.0
    2.2946200000000000e-01 5.4282899999999996e+00 -2.6546515885161520e-01 -3.3807238538387380e-01 0.0
    3.1812600000000002e-01 5.4282899999999996e+00 -2.7569169031850238e-01 -3.4040634870551811e-01 0.0
    4.1691299999999998e-01 5.4282899999999996e+00 -2.8763384079265319e-01 -3.4272575464433147e-01 0.0
    5.2350799999999997e-01 5.4282899999999996e+00 -3.0119058503978241e-01 -3.4483900973440423e-01 0.0
    6.3541099999999995e-01 5.4282899999999996e+00 -3.1619579527438346e-01 -3.4654524889483967e-01 0.0
    7.5000000000000000e-01 5.4282899999999996e+00 -3.3240401164193856e-01 -3.4765203778044151e-01 0.0
    8.6458900000000005e-01 5.4282899999999996e+00 -3.4948013086356700e-01 -3.4799862608955406e-01 0.0
    9.7649200000000003e-01 5.4282899999999996e+00 -3.6699827837667809e-01 -3.4748289432664375e-01 0.0
    1.0830900000000001e+00 5.4282899999999996e+00 -3.8445290369510537e-01 -3.4608748012895441e-01 0.0
    1.1818700000000000e+00 5.4282899999999996e+00 -4.0127821932405283e-01 -3.4389947495065232e-01 0.0
    1.2705400000000000e+00 5.4282899999999996e+00 -4.1689183724962858e-01 -3.4111491823365864e-01 0.0
    1.3470000000000000e+00 5.4282899999999996e+00 -4.3072032441719649e-01 -3.3802791224836259e-01 0.0
    1.4094700000000000e+00 5.4282899999999996e+00 -4.4225161407019298e-01 -3.3499581416849822e-01 0.0
    1.4564800000000000e+00 5.4282899999999996e+00 -4.5105676788282029e-01 -3.3239268337800620e-01 0.0
    1.4869300000000001e+00 5.4282899999999996e+00 -4.5681443764612967e-01 -3.3055261588521534e-01 0.0
    1.5000000000000000e+00 5.4282899999999996e+00 -4.5929815477372349e-01 -3.2972464758728803e-01 0.0
    0.0000000000000000e+00 5.5415900000000002e+00 -0.0000000000000000e+00 -0.0000000000000000e+00 0.0
    1.3070800000000000e-02 5.5415900000000002e+00 -7.2583527618179083e-03 -9.4616418098863696e-03 0.0
    4.3517800000000002e-02 5.5415900000000002e+00 -1.7243563384652533e-01 -2.2259128822862820e-01 0.0
    9.0528899999999995e-02 5.5415900000000002e+00 -2.5348199397083687e-01 -3.2224607462540900e-01 0.0
    1.5299900000000000e-01 5.5415900000000002e+00 -2.5999168207627804e-01 -3.2375431256268278e-01 0.0
    2.2946200000000000e-01 5.5415900000000002e+00 -2.6822910019795582e-01 -3.2546627021885344e-01 0.0
    3.1812600000000002e-01 5.5415900000000002e+00 -2.7816253884006009e-01 -3.2724313377576025e-01 0.0
    4.1691299999999998e-01 5.5415900000000002e+00 -2.8972641807439048e-01 -3.2892189552438594e-01 0.0
    5.2350799999999997e-01 5.5415900000000002e+00 -3.0280696535041385e-01 -3.3032297730237314e-01 0.0
    6.3541099999999995e-01 5.5415900000000002e+00 -3.1722742540022458e-01 -3.3126268024534766e-01 0.0
    7.5000000000000000e-01 5.5415900000000002e+00 -3.3273635356277420e-01 -3.3157112442364095e-01 0.0
    8.6458900000000005e-01 5.5415900000000002e+00 -3.4900024014787456e-01 -3.3111487523478300e-01 0.0
    9.7649200000000003e-01 5.5415900000000002e+00 -3.6560519393903290e-01 -3.2982204981901997e-01 0.0
    1.0830900000000001e+00 5.5415900000000002e+00 -3.8206999842835959e-01 -3.2770540634064471e-01 0.0
    1.1818700000000000e+00 5.5415900000000002e+00 -3.9786618972772769e-01 -3.2487843633374380e-01 0.0
    1.2705400000000000e+00 5.5415900000000002e+00 -4.1245939633829148e-01 -3.2155587553924730e-01 0.0
    1.3470000000000000e+00 5.5415900000000002e+00 -4.2533189921026204e-01 -3.1804097733767589e-01 0.0
    1.4094700000000000e+00 5.5415900000000002e+00 -4.3602870351267820e-01 -3.1469001251162593e-01 0.0
    1.4564800000000000e+00 5.5415900000000002e+00 -4.4417391514385673e-01 -3.1186829682248374e-01 0.0
    1.4869300000000001e+00 5.5415900000000002e+00 -4.4948944053695478e-01 -3.0989758865856137e-01 0.0
    1.5000000000000000e+00 5.5415900000000002e+00 -4.5177984341481664e-01 -3.0901637166349988e-01 0.0
    0.0000000000000000e+00 5.6548999999999996e+00 -0.0000000000000000e+00 -0.0000000000000000e+00 0.0
    1.3070800000000000e-02 5.6548999999999996e+00 -7.3382708308767693e-03 -9.1345535971753215e-03 0.0
    4.3517800000000002e-02 5.6548999999999996e+00 -1.7425987318060612e-01 -2.1480466042550939e-01 0.0
    9.0528899999999995e-02 5.6548999999999996e+00 -2.5599185267615227e-01 -3.1076480321043409e-01 0.0
    1.5299900000000000e-01 5.6548999999999996e+00 -2.6232597150677733e-01 -3.1193388852211390e-01 0.0
    2.2946200000000000e-01 5.6548999999999996e+00 -2.7032464285924285e-01 -3.1322101533483881e-01 0.0
    3.1812600000000002e-01 5.6548999999999996e+00 -2.7994562853776689e-01 -3.1449283277016815e-01 0.0
    4.1691299999999998e-01 5.6548999999999996e+00 -2.9111209883941097e-01 -3.1559499229351490e-01 0.0
    5.2350799999999997e-01 5.6548999999999996e+00 -3.0369966256959319e-01 -3.1636060229940421e-01 0.0
    6.3541099999999995e-01 5.6548999999999996e+00 -3.1752347516787194e-01 -3.1662323718044549e-01 0.0
    7.5000000000000000e-01 5.6548999999999996e+00 -3.3232886579024534e-01 -3.1623481112845075e-01 0.0
    8.6458900000000005e-01 5.6548999999999996e+00 -3.4778654763014050e-01 -3.1508730547989233e-01 0.0
    9.7649200000000003e-01 5.6548999999999996e+00 -3.6349660942402373e-01 -3.1313589552257542e-01 0.0
    1.0830900000000001e+00 5.6548999999999996e+00 -3.7900295303834491e-01 -3.1041909206295087e-01 0.0
    1.1818700000000000e+00 5.6548999999999996e+00 -3.9381348830946156e-01 -3.0707156266884517e-01 0.0
    1.2705400000000000e+00 5.6548999999999996e+00 -4.0743893569489381e-01 -3.0332131997170692e-01 0.0
    1.3470000000000000e+00 5.6548999999999996e+00 -4.1941248435401596e-01 -2.9947573436277780e-01 0.0
    1.4094700000000000e+00 5.6548999999999996e+00 -4.2933013726987790e-01 -2.9588599965545026e-01 0.0
    1.4564800000000000e+00 5.6548999999999996e+00 -4.3686257623986968e-01 -2.9290594170789025e-01 0.0
    1.4869300000000001e+00 5.6548999999999996e+00 -4.4176915810256057e-01 -2.9084342926231427e-01 0.0
    1.5000000000000000e+00 5.6548999999999996e+00 -4.4388115266130962e-01 -2.8992555976751055e-01 0.0
    0.0000000000000000e+00 5.7655500000000002e+00 -0.0000000000000000e+00 -0.0000000000000000e+00 0.0
    1.3070800000000000e-02 5.7655500000000002e+00 -7.4001390803151157e-03 -8.8231223971848797e-03 0.0
    4.3517800000000002e-02 5.7655500000000002e+00 -1.7565770070001996e-01 -2.0739693277508725e-01 0.0
    9.0528899999999995e-02 5.7655500000000002e+00 -2.5788076786781056e-01 -2.9985649906459139e-01 0.0
    1.5299900000000000e-01 5.7655500000000002e+00 -2.6403230463458877e-01 -3.0072336010078576e-01 0.0
    2.2946200000000000e-01 5.7655500000000002e+00 -2.7178517615165437e-01 -3.0163369223411224e-01 0.0
    3.1812600000000002e-01 5.7655500000000002e+00 -2.8108805190768243e-01 -3.0246022953445789e-01 0.0
    4.1691299999999998e-01 5.7655500000000002e+00 -2.9185468347314708e-01 -3.0305771507760509e-01 0.0
    5.2350799999999997e-01 5.7655500000000002e+00 -3.0395224877049876e-01 -3.0327197163430775e-01 0.0
    6.3541099999999995e-01 5.7655500000000002e+00 -3.1719022747065506e-01 -3.0295322058968233e-01 0.0
    7.5000000000000000e-01 5.7655500000000002e+00 -3.3131310552009902e-01 -3.0197365451992270e-01 0.0
    8.6458900000000005e-01 5.7655500000000002e+00 -3.4599777832644513e-01 -3.0024809910157096e-01 0.0
    9.7649200000000003e-01 5.7655500000000002e+00 -3.6085935397853858e-01 -2.9775515376490536e-01 0.0
    1.0830900000000001e+00 5.7655500000000002e+00 -3.7546646730948180e-01 -2.9455460484064017e-01 0.0
    1.1818700000000000e+00 5.7655500000000002e+00 -3.8936120118383988e-01 -2.9079739708147562e-01 0.0
    1.2705400000000000e+00 5.7655500000000002e+00 -4.0209529815896783e-01 -2.8672016168463321e-01 0.0
    1.3470000000000000e+00 5.7655500000000002e+00 -4.1324714212531199e-01 -2.8263046515967455e-01 0.0
    1.4094700000000000e+00 5.7655500000000002e+00 -4.2245709641203899e-01 -2.7887172322604692e-01 0.0
    1.4564800000000000e+00 5.7655500000000002e+00 -4.2943570750083432e-01 -2.7578479718923471e-01 0.0
    1.4869300000000001e+00 5.7655500000000002e+00 -4.3397396857808213e-01 -2.7366318260420547e-01 0.0
    1.5000000000000000e+00 5.7655500000000002e+00 -4.3592558997311837e-01 -2.7272251471262871e-01 0.0
    0.0000000000000000e+00 5.8709499999999997e+00 -0.0000000000000000e+00 -0.0000000000000000e+00 0.0
    1.3070800000000000e-02 5.8709499999999997e+00 -7.4454230457390745e-03 -8.5343052416541020e-03 0.0
    4.3517800000000002e-02 5.8709499999999997e+00 -1.7666609677058226e-01 -2.0053247795004636e-01 0.0
    9.0528899999999995e-02 5.8709499999999997e+00 -2.5920803376797291e-01 -2.8976060518748942e-01 0.0
    1.5299900000000000e-01 5.8709499999999997e+00 -2.6517825380807375e-01 -2.9036507346433876e-01 0.0
    2.2946200000000000e-01 5.8709499999999997e+00 -2.7268897448172025e-01 -2.9094978073451316e-01 0.0
    3.1812600000000002e-01 5.8709499999999997e+00 -2.8168127894934591e-01 -2.9139375945038709e-01 0.0
    4.1691299999999998e-01 5.8709499999999997e+00 -2.9206132313836530e-01 -2.9156077558047166e-01 0.0
    5.2350799999999997e-01 5.8709499999999997e+00 -3.0368990409751218e-01 -2.9130882345384018e-01 0.0
    6.3541099999999995e-01 5.8709499999999997e+00 -3.1637292030324149e-01 -2.9050355373929221e-01 0.0
    7.5000000000000000e-01 5.8709499999999997e+00 -3.2985586263062988e-01 -2.8903538734072898e-01 0.0
    8.6458900000000005e-01 5.8709499999999997e+00 -3.4382301501535256e-01 -2.8683904744386401e-01 0.0
    9.7649200000000003e-01 5.8709499999999997e+00 -3.5790462139977358e-01 -2.8391281586291589e-01 0.0
    1.0830900000000001e+00 5.8709499999999997e+00 -3.7169267472081369e-01 -2.8033352182301147e-01 0.0
    1.1818700000000000e+00 5.8709499999999997e+00 -3.8476031118091975e-01 -2.7626411727113620e-01 0.0
    1.2705400000000000e+00 5.8709499999999997e+00 -3.9669553125605028e-01 -2.7194615149975737e-01 0.0
    1.3470000000000000e+00 5.8709499999999997e+00 -4.0711581348065484e-01 -2.6768464341745074e-01 0.0
    1.4094700000000000e+00 5.8709499999999997e+00 -4.1569919733127281e-01 -2.6381375004765439e-01 0.0
    1.4564800000000000e+00 5.8709499999999997e+00 -4.2218959513538756e-01 -2.6066100502094830e-01 0.0
    1.4869300000000001e+00 5.8709499999999997e+00 -4.2640416226559924e-01 -2.5850592395463068e-01 0.0
    1.5000000000000000e+00 5.8709499999999997e+00 -4.2821508238088191e-01 -2.5755320545232624e-01 0.0
    0.0000000000000000e+00 5.9686300000000001e+00 -0.0000000000000000e+00 -0.0000000000000000e+00 0.0
    1.3070800000000000e-02 5.9686300000000001e+00 -7.4764704439992677e-03 -8.2737857005925532e-03 0.0
    4.3517800000000002e-02 5.9686300000000001e+00 -1.7734259065372143e-01 -1.9434501679732713e-01 0.0
    9.0528899999999995e-02 5.9686300000000001e+00 -2.6006218272290005e-01 -2.8067061101716090e-01 0.0
    1.5299900000000000e-01 5.9686300000000001e+00 -2.6585997963548558e-01 -2.8105304264588010e-01 0.0
    2.2946200000000000e-01 5.9686300000000001e+00 -2.7314190599756744e-01 -2.8136342742181836e-01 0.0
    3.1812600000000002e-01 5.9686300000000001e+00 -2.8184291778211235e-01 -2.8148693575580952e-01 0.0
    4.1691299999999998e-01 5.9686300000000001e+00 -2.9186326061825368e-01 -2.8129585512788663e-01 0.0
    5.2350799999999997e-01 5.9686300000000001e+00 -3.0305913405754314e-01 -2.8065935139264220e-01 0.0
    6.3541099999999995e-01 5.9686300000000001e+00 -3.1523452450981659e-01 -2.7945686069828413e-01 0.0
    7.5000000000000000e-01 5.9686300000000001e+00 -3.2813718420825683e-01 -2.7759466287865464e-01 0.0
    8.6458900000000005e-01 5.9686300000000001e+00 -3.4145926050863917e-01 -2.7502430582231974e-01 0.0
    9.7649200000000003e-01 5.9686300000000001e+00 -3.5484544911344351e-01 -2.7176015724533781e-01 0.0
    1.0830900000000001e+00 5.9686300000000001e+00 -3.6790896602956424e-01 -2.6789231624867371e-01 0.0
    1.1818700000000000e+00 5.9686300000000001e+00 -3.8025028417548645e-01 -2.6359223618991057e-01 0.0
    1.2705400000000000e+00 5.9686300000000001e+00 -3.9148857722392411e-01 -2.5910366631521303e-01 0.0
    1.3470000000000000e+00 5.9686300000000001e+00 -4.0127431358901572e-01 -2.5472742203266380e-01 0.0
    1.4094700000000000e+00 5.9686300000000001e+00 -4.0931681560896493e-01 -2.5078795995100722e-01 0.0
    1.4564800000000000e+00 5.9686300000000001e+00 -4.1538734132166311e-01 -2.4760000637805146e-01 0.0
    1.4869300000000001e+00 5.9686300000000001e+00 -4.1932425699602821e-01 -2.4543014568826252e-01 0.0
    1.5000000000000000e+00 5.9686300000000001e+00 -4.2101466664768294e-01 -2.4447309997513822e-01 0.0
    0.0000000000000000e+00 6.0563000000000002e+00 -0.0000000000000000e+00 -0.0000000000000000e+00 0.0
    1.3070800000000000e-02 6.0563000000000002e+00 -7.4960968547727940e-03 -8.0459888556790524e-03 0.0
    4.3517800000000002e-02 6.0563000000000002e+00 -1.7775538487105466e-01 -1.8893817543549909e-01 0.0
    9.0528899999999995e-02 6.0563000000000002e+00 -2.6054640614613911e-01 -2.7273533890105067e-01 0.0
    1.5299900000000000e-01 6.0563000000000002e+00 -2.6618721917395671e-01 -2.7293492599515423e-01 0.0
    2.2946200000000000e-01 6.0563000000000002e+00 -2.7326191675155626e-01 -2.7302034463631342e-01 0.0
    3.1812600000000002e-01 6.0563000000000002e+00 -2.8170066173146591e-01 -2.7288243043424709e-01 0.0
    4.1691299999999998e-01 6.0563000000000002e+00 -2.9139925898080937e-01 -2.7240114963652118e-01 0.0
    5.2350799999999997e-01 6.0563000000000002e+00 -3.0221076348891202e-01 -2.7145550753644071e-01 0.0
    6.3541099999999995e-01 6.0563000000000002e+00 -3.1393846188194596e-01 -2.6993681355136701e-01 0.0
    7.5000000000000000e-01 6.0563000000000002e+00 -3.2633305289606268e-01 -2.6776469784898732e-01 0.0
    8.6458900000000005e-01 6.0563000000000002e+00 -3.3909437937199582e-01 -2.6490451663792242e-01 0.0
    9.7649200000000003e-01 6.0563000000000002e+00 -3.5188026747317275e-01 -2.6138342774955786e-01 0.0
    1.0830900000000001e+00 6.0563000000000002e+00 -3.6432249062635397e-01 -2.5730158282973137e-01 0.0
    1.1818700000000000e+00 6.0563000000000002e+00 -3.7604481699305542e-01 -2.5283620584891586e-01 0.0
    1.2705400000000000e+00 6.0563000000000002e+00 -3.8669246327777379e-01 -2.4823142550834540e-01 0.0
    1.3470000000000000e+00 6.0563000000000002e+00 -3.9594302380894086e-01 -2.4378311690289767e-01 0.0
    1.4094700000000000e+00 6.0563000000000002e+00 -4.0353118628124318e-01 -2.3980641145621673e-01 0.0
    1.4564800000000000e+00 6.0563000000000002e+00 -4.0925013208897476e-01 -2.3660439766475569e-01 0.0
    1.4869300000000001e+00 6.0563000000000002e+00 -4.1295507133938514e-01 -2.3443222696005919e-01 0.0
    1.5000000000000000e+00 6.0563000000000002e+00 -4.1454491984725655e-01 -2.3347589110184802e-01 0.0
    0.0000000000000000e+00 6.1318999999999999e+00 -0.0000000000000000e+00 -0.0000000000000000e+00 0.0
    1.3070800000000000e-02 6.1318999999999999e+00 -7.5072228468468505e-03 -7.8542129672135360e-03 0.0
    4.3517800000000002e-02 6.1318999999999999e+00 -1.7797476905768253e-01 -1.8438879108964318e-01 0.0
    9.0528899999999995e-02 6.1318999999999999e+00 -2.6076602467827903e-01 -2.6606421143255193e-01 0.0
    1.5299900000000000e-01 6.1318999999999999e+00 -2.6627058641884288e-01 -2.6611799140456094e-01 0.0
    2.2946200000000000e-01 6.1318999999999999e+00 -2.7316616640753449e-01 -2.6602468394225931e-01 0.0
    3.1812600000000002e-01 6.1318999999999999e+00 -2.8137930348144724e-01 -2.6568007510797342e-01 0.0
    4.1691299999999998e-01 6.1318999999999999e+00 -2.9080258476929444e-01 -2.6497071843916231e-01 0.0
    5.2350799999999997e-01 6.1318999999999999e+00 -3.0128703334641976e-01 -2.6378390812462377e-01 0.0
    6.3541099999999995e-01 6.1318999999999999e+00 -3.1263601542340536e-01 -2.6202077423451298e-01 0.0
    7.5000000000000000e-01 6.1318999999999999e+00 -3.2460335887445746e-01 -2.5961177848379896e-01 0.0
    8.6458900000000005e-01 6.1318999999999999e+00 -3.3689591049784162e-01 -2.5653323562340397e-01 0.0
    9.7649200000000003e-01 6.1318999999999999e+00 -3.4918283378572901e-01 -2.5282216644365907e-01 0.0
    1.0830900000000001e+00 6.1318999999999999e+00 -3.6111145842464937e-01 -2.4858611817985651e-01 0.0
    1.1818700000000000e+00 6.1318999999999999e+00 -3.7232468098859051e-01 -2.4400605934365413e-01 0.0
    1.2705400000000000e+00 6.1318999999999999e+00 -3.8248875757919609e-01 -2.3932543445607585e-01 0.0
    1.3470000000000000e+00 6.1318999999999999e+00 -3.9130290937254281e-01 -2.3483516747242980e-01 0.0
    1.4094700000000000e+00 6.1318999999999999e+00 -3.9852181096259143e-01 -2.3084204289121280e-01 0.0
    1.4564800000000000e+00 6.1318999999999999e+00 -4.0395575386003185e-01 -2.2763912650554829e-01 0.0
    1.4869300000000001e+00 6.1318999999999999e+00 -4.0747298742383659e-01 -2.2547191861274166e-01 0.0
    1.5000000000000000e+00 6.1318999999999999e+00 -4.0898154888573568e-01 -2.2451909731304892e-01 0.0
    0.0000000000000000e+00 6.1936700000000000e+00 -0.0000000000000000e+00 -0.0000000000000000e+00 0.0
    1.3070800000000000e-02 6.1936700000000000e+00 -7.5125887734653713e-03 -7.7007544328664803e-03 0.0
    4.3517800000000002e-02 6.1936700000000000e+00 -1.7806640393403028e-01 -1.8075002225813075e-01 0.0
    9.0528899999999995e-02 6.1936700000000000e+00 -2.6081876218601935e-01 -2.6073214445167797e-01 0.0
    1.5299900000000000e-01 6.1936700000000000e+00 -2.6621181906967079e-01 -2.6067457101569858e-01 0.0
    2.2946200000000000e-01 6.1936700000000000e+00 -2.7296128448995943e-01 -2.6044520947065752e-01 0.0
    3.1812600000000002e-01 6.1936700000000000e+00 -2.8099106870511492e-01 -2.5994390783660692e-01 0.0
    4.1691299999999998e-01 6.1936700000000000e+00 -2.9019152301122536e-01 -2.5906254942159351e-01 0.0
    5.2350799999999997e-01 6.1936700000000000e+00 -3.0041243893488423e-01 -2.5769504073937483e-01 0.0
    6.3541099999999995e-01 6.1936700000000000e+00 -3.1145766710730777e-01 -2.5575023257267787e-01 0.0
    7.5000000000000000e-01 6.1936700000000000e+00 -3.2308393764678173e-01 -2.5316696927019994e-01 0.0
    8.6458900000000005e-01 6.1936700000000000e+00 -3.3500401187527978e-01 -2.4992989116230865e-01 0.0
    9.7649200000000003e-01 6.1936700000000000e+00 -3.4689627356775038e-01 -2.4608332731566845e-01 0.0
    1.0830900000000001e+00 6.1936700000000000e+00 -3.5842042333609120e-01 -2.4174007038383782e-01 0.0
    1.1818700000000000e+00 6.1936700000000000e+00 -3.6923432600482220e-01 -2.3708339960836500e-01 0.0
    1.2705400000000000e+00 6.1936700000000000e+00 -3.7902048973937430e-01 -2.3235560983599171e-01 0.0
    1.3470000000000000e+00 6.1936700000000000e+00 -3.8749466581058373e-01 -2.2784320370740790e-01 0.0
    1.4094700000000000e+00 6.1936700000000000e+00 -3.9442666068501325e-01 -2.2384601588024855e-01 0.0
    1.4564800000000000e+00 6.1936700000000000e+00 -3.9963961919333169e-01 -2.2064898845718112e-01 0.0
    1.4869300000000001e+00 6.1936700000000000e+00 -4.0301152067417323e-01 -2.1848991245596017e-01 0.0
    1.5000000000000000e+00 6.1936700000000000e+00 -4.0445719607277714e-01 -2.1754165651978866e-01 0.0
    0.0000000000000000e+00 6.2401600000000004e+00 -0.0000000000000000e+00 -0.0000000000000000e+00 0.0
    1.3070800000000000e-02 6.2401600000000004e+00 -5.1057447530859137e-03 -5.1551030696126250e-03 0.0
    4.3517800000000002e-02 6.2401600000000004e+00 -1.2038352799564039e-01 -1.2036439398414218e-01 0.0
    9.0528899999999995e-02 6.2401600000000004e+00 -1.7709367712879392e-01 -1.7437868500859938e-01 0.0
    1.5299900000000000e-01 6.2401600000000004e+00 -1.8069901731829716e-01 -1.7428568625207544e-01 0.0
    2.2946200000000000e-01 6.2401600000000004e+00 -1.8520796297597347e-01 -1.7406424517321228e-01 0.0
    3.1812600000000002e-01 6.2401600000000004e+00 -1.9056762807954136e-01 -1.7364842618626605e-01 0.0
    4.1691299999999998e-01 6.2401600000000004e+00 -1.9670255989214844e-01 -1.7296750492387464e-01 0.0
    5.2350799999999997e-01 6.2401600000000004e+00 -2.0351028680282746e-01 -1.7195274433631882e-01 0.0
    6.3541099999999995e-01 6.2401600000000004e+00 -2.1085801003288510e-01 -1.7054606764287189e-01 0.0
    7.5000000000000000e-01 6.2401600000000004e+00 -2.1858213631820031e-01 -1.6871004337866169e-01 0.0
    8.6458900000000005e-01 6.2401600000000004e+00 -2.2649069195432076e-01 -1.6643825207851215e-01 0.0
    9.7649200000000003e-01 6.2401600000000004e+00 -2.3436995641592620e-01 -1.6376424621069244e-01 0.0
    1.0830900000000001e+00 6.2401600000000004e+00 -2.4199501952893704e-01 -1.6076700428439963e-01 0.0
    1.1818700000000000e+00 6.2401600000000004e+00 -2.4914093241506957e-01 -1.5757189520374498e-01 0.0
    1.2705400000000000e+00 6.2401600000000004e+00 -2.5560003649279650e-01 -1.5434266003337094e-01 0.0
    1.3470000000000000e+00 6.2401600000000004e+00 -2.6118731899024733e-01 -1.5127147209298031e-01 0.0
    1.4094700000000000e+00 6.2401600000000004e+00 -2.6575374352609732e-01 -1.4855835874315876e-01 0.0
    1.4564800000000000e+00 6.2401600000000004e+00 -2.6918536093818107e-01 -1.4639270577855412e-01 0.0
    1.4869300000000001e+00 6.2401600000000004e+00 -2.7140394061957945e-01 -1.4493212971491362e-01 0.0
    1.5000000000000000e+00 6.2401600000000004e+00 -2.7235487517675327e-01 -1.4429112304997932e-01 0.0
    0.0000000000000000e+00 6.2702600000000004e+00 -0.0000000000000000e+00 -0.0000000000000000e+00 0.0
    1.3070800000000000e-02 6.2702600000000004e+00 -2.4322322577521315e-04 -2.4321191513423094e-04 0.0
    4.3517800000000002e-02 6.2702600000000004e+00 -6.3274818461298158e-03 -6.2656109530253986e-03 0.0
    9.0528899999999995e-02 6.2702600000000004e+00 -9.2574449144164662e-03 -9.0278228721369959e-03 0.0
    1.5299900000000000e-01 6.2702600000000004e+00 -9.4440244318975200e-03 -9.0212056305379196e-03 0.0
    2.2946200000000000e-01 6.2702600000000004e+00 -9.6772614362958150e-03 -9.0074931436141554e-03 0.0
    3.1812600000000002e-01 6.2702600000000004e+00 -9.9543526074941813e-03 -8.9833080776652880e-03 0.0
    4.1691299999999998e-01 6.2702600000000004e+00 -1.0271322723530535e-02 -8.9450430300201094e-03 0.0
    5.2350799999999997e-01 6.2702600000000004e+00 -1.0622801840394009e-02 -8.8892142874733553e-03 0.0
    6.3541099999999995e-01 6.2702600000000004e+00 -1.1001863604759913e-02 -8.8129115909951518e-03 0.0
    7.5000000000000000e-01 6.2702600000000004e+00 -1.1400011539287595e-02 -8.7143121429901008e-03 0.0
    8.6458900000000005e-01 6.2702600000000004e+00 -1.1807313847598389e-02 -8.5932103970435599e-03 0.0
    9.7649200000000003e-01 6.2702600000000004e+00 -1.2212753675071025e-02 -8.4514708776458614e-03 0.0
    1.0830900000000001e+00 6.2702600000000004e+00 -1.2604777238399326e-02 -8.2932969601017033e-03 0.0
    1.1818700000000000e+00 6.2702600000000004e+00 -1.2971866928814175e-02 -8.1252682580388157e-03 0.0
    1.2705400000000000e+00 6.2702600000000004e+00 -1.3303425747929460e-02 -7.9559145449126425e-03 0.0
    1.3470000000000000e+00 6.2702600000000004e+00 -1.3590041616538068e-02 -7.7952003670195029e-03 0.0
    1.4094700000000000e+00 6.2702600000000004e+00 -1.3824158438216029e-02 -7.6534624318954237e-03 0.0
    1.4564800000000000e+00 6.2702600000000004e+00 -1.4000017043550797e-02 -7.5404647597415303e-03 0.0
    1.4869300000000001e+00 6.2702600000000004e+00 -1.4113676214071637e-02 -7.4643195810121122e-03 0.0
    1.5000000000000000e+00 6.2702600000000004e+00 -1.4162384650287078e-02 -7.4309167530704602e-03 0.0
    0.0000000000000000e+00 6.2831900000000003e+00 -0.0000000000000000e+00 -0.0000000000000000e+00 0.0
    1.3070800000000000e-02 6.2831900000000003e+00 -0.0000000000000000e+00 -0.0000000000000000e+00 0.0
    4.3517800000000002e-02 6.2831900000000003e+00 -0.0000000000000000e+00 -0.0000000000000000e+00 0.0
    9.0528899999999995e-02 6.2831900000000003e+00 -0.0000000000000000e+00 -0.0000000000000000e+00 0.0
    1.5299900000000000e-01 6.2831900000000003e+00 -0.0000000000000000e+00 -0.0000000000000000e+00 0.0
    2.2946200000000000e-01 6.2831900000000003e+00 -0.0000000000000000e+00 -0.0000000000000000e+00 0.0
    3.1812600000000002e-01 6.2831900000000003e+00 -0.0000000000000000e+00 -0.0000000000000000e+00 0.0
    4.1691299999999998e-01 6.2831900000000003e+00 -0.0000000000000000e+00 -0.0000000000000000e+00 0.0
    5.2350799999999997e-01 6.2831900000000003e+00 -0.0000000000000000e+00 -0.0000000000000000e+00 0.0
    6.3541099999999995e-01 6.2831900000000003e+00 -0.0000000000000000e+00 -0.0000000000000000e+00 0.0
    7.5000000000000000e-01 6.2831900000000003e+00 -0.0000000000000000e+00 -0.0000000000000000e+00 0.0
    8.6458900000000005e-01 6.2831900000000003e+00 -0.0000000000000000e+00 -0.0000000000000000e+00 0.0
    9.7649200000000003e-01 6.2831900000000003e+00 -0.0000000000000000e+00 -0.0000000000000000e+00 0.0
    1.0830900000000001e+00 6.2831900000000003e+00 -0.0000000000000000e+00 -0.0000000000000000e+00 0.0
    1.1818700000000000e+00 6.2831900000000003e+00 -0.0000000000000000e+00 -0.0000000000000000e+00 0.0
    1.2705400000000000e+00 6.2831900000000003e+00 -0.0000000000000000e+00 -0.0000000000000000e+00 0.0
    1.3470000000000000e+00 6.2831900000000003e+00 -0.0000000000000000e+00 -0.0000000000000000e+00 0.0
    1.4094700000000000e+00 6.2831900000000003e+00 -0.0000000000000000e+00 -0.0000000000000000e+00 0.0
    1.4564800000000000e+00 6.2831900000000003e+00 -0.0000000000000000e+00 -0.0000000000000000e+00 0.0
    1.4869300000000001e+00 6.2831900000000003e+00 -0.0000000000000000e+00 -0.0000000000000000e+00 0.0
    1.5000000000000000e+00 6.2831900000000003e+00 -0.0000000000000000e+00 -0.0000000000000000e+00 0.0
    1.5000000000000000e+00 4.7999999999999998e+00 -4.8473255156104578e-01 -4.7981781877709068e-01 0.0
    1.5287599999999999e+00 4.7999999999999998e+00 -4.9321041207926802e-01 -4.7965649658619103e-01 0.0
    1.5957399999999999e+00 4.7999999999999998e+00 -5.1351165852346981e-01 -4.7866006002451206e-01 0.0
    1.6991600000000000e+00 4.7999999999999998e+00 -5.4636249528835978e-01 -4.7520960734202849e-01 0.0
    1.8366000000000000e+00 4.7999999999999998e+00 -5.9268968373751618e-01 -4.6638462185429963e-01 0.0
    2.0048200000000000e+00 4.7999999999999998e+00 -6.5291120054598617e-01 -4.4754480834262567e-01 0.0
    2.1998799999999998e+00 4.7999999999999998e+00 -7.2569078309617407e-01 -4.1207740336801224e-01 0.0
    2.4172099999999999e+00 4.7999999999999998e+00 -8.0592393177217392e-01 -3.5202287155344320e-01 0.0
    2.6517200000000001e+00 4.7999999999999998e+00 -8.8266928688165547e-01 -2.6072939603342421e-01 0.0
    2.8978999999999999e+00 4.7999999999999998e+00 -9.3940146462346985e-01 -1.3803920743342335e-01 0.0
    3.1499999999999999e+00 4.7999999999999998e+00 -9.5966080491311401e-01 4.8650295964177354e-03 0.0
    3.4020999999999999e+00 4.7999999999999998e+00 -9.3657544979004415e-01 1.4711993749055702e-01 0.0
    3.6482800000000002e+00 4.7999999999999998e+00 -8.7775058853215659e-01 2.6817604099261416e-01 0.0
    3.8827900000000000e+00 4.7999999999999998e+00 -7.9990499771184653e-01 3.5750412163070128e-01 0.0
    4.1001200000000004e+00 4.7999999999999998e+00 -7.1937116719414762e-01 4.1578261062771676e-01 0.0
    4.2951800000000002e+00 4.7999999999999998e+00 -6.4674990788833631e-01 4.4987892247759514e-01 0.0
    4.4634000000000000e+00 4.7999999999999998e+00 -5.8686901147209414e-01 4.6775466378839475e-01 0.0
    4.6008399999999998e+00 4.7999999999999998e+00 -5.4089957791395105e-01 4.7594234037485939e-01 0.0
    4.7042599999999997e+00 4.7999999999999998e+00 -5.0834228629781786e-01 4.7899564200351857e-01 0.0
    4.7712399999999997e+00 4.7999999999999998e+00 -4.8823628146818060e-01 4.7976931737433504e-01 0.0
    4.7999999999999998e+00 4.7999999999999998e+00 -4.7984273416420448e-01 4.7984273416420453e-01 0.0
    1.5000000000000000e+00 4.8129200000000001e+00 -4.8467962687858190e-01 -4.7605666031700294e-01 0.0
    1.5287599999999999e+00 4.8129200000000001e+00 -4.9308896052285889e-01 -4.7583136742425192e-01 0.0
    1.5957399999999999e+00 4.8129200000000001e+00 -5.1321674386698490e-01 -4.7468706060337007e-01 0.0
    1.6991600000000000e+00 4.8129200000000001e+00 -5.4575892082090838e-01 -4.7101514258762756e-01 0.0
    1.8366000000000000e+00 4.8129200000000001e+00 -5.9159217051306390e-01 -4.6192233861247733e-01 0.0
    2.0048200000000000e+00 4.8129200000000001e+00 -6.5106922940496070e-01 -4.4283227769294581e-01 0.0
    2.1998799999999998e+00 4.8129200000000001e+00 -7.2279511276167185e-01 -4.0726031624056652e-01 0.0
    2.4172099999999999e+00 4.8129200000000001e+00 -8.0167200593305632e-01 -3.4745874063135790e-01 0.0
    2.6517200000000001e+00 4.8129200000000001e+00 -8.7692975999978606e-01 -2.5703157999876303e-01 0.0
    2.8978999999999999e+00 4.8129200000000001e+00 -9.3244305799847416e-01 -1.3595752119600557e-01 0.0
    3.1499999999999999e+00 4.8129200000000001e+00 -9.5224263652722396e-01 4.7901051395158782e-03 0.0
    3.4020999999999999e+00 4.8129200000000001e+00 -9.2968015264581583e-01 1.4490788420125286e-01 0.0
    3.6482800000000002e+00 4.8129200000000001e+00 -8.7211197078639213e-01 2.6439350806976925e-01 0.0
    3.8827900000000000e+00 4.8129200000000001e+00 -7.9576188092887534e-01 3.5290309572551815e-01 0.0
    4.1001200000000004e+00 4.8129200000000001e+00 -7.1657366025083191e-01 4.1096404635690037e-01 0.0
    4.2951800000000002e+00 4.8129200000000001e+00 -6.4498940843895480e-01 4.4518605032216391e-01 0.0
    4.4634000000000000e+00 4.8129200000000001e+00 -5.8583732394118682e-01 4.6332280761754419e-01 0.0
    4.6008399999999998e+00 4.8129200000000001e+00 -5.4034972651013835e-01 4.7178304491756434e-01 0.0
    4.7042599999999997e+00 4.8129200000000001e+00 -5.0809279477684544e-01 4.7505955134967676e-01 0.0
    4.7712399999999997e+00 4.8129200000000001e+00 -4.8815531554005254e-01 4.7598157016610726e-01 0.0
    4.7999999999999998e+00 4.8129200000000001e+00 -4.7982828548511913e-01 4.7611902920939109e-01 0.0
    1.5000000000000000e+00 4.8430299999999997e+00 -4.8444713297771858e-01 -4.6740766342454970e-01 0.0
    1.5287599999999999e+00 4.8430299999999997e+00 -4.9269712474349481e-01 -4.6703924349179604e-01 0.0
    1.5957399999999999e+00 4.8430299999999997e+00 -5.1242242230988455e-01 -4.6556493129642806e-01 0.0
    1.6991600000000000e+00 4.8430299999999997e+00 -5.4425104894964849e-01 -4.6140134775565211e-01 0.0
    1.8366000000000000e+00 4.8430299999999997e+00 -5.8894814195920719e-01 -4.5171983571637525e-01 0.0
    2.0048200000000000e+00 4.8430299999999997e+00 -6.4672328194155948e-01 -4.3209192680654834e-01 0.0
    2.1998799999999998e+00 4.8430299999999997e+00 -7.1605712127268784e-01 -3.9632376309259465e-01 0.0
    2.4172099999999999e+00 4.8430299999999997e+00 -7.9187810822560545e-01 -3.3714010484511403e-01 0.0
    2.6517200000000001e+00 4.8430299999999997e+00 -8.6380825943521278e-01 -2.4870504055592033e-01 0.0
    2.8978999999999999e+00 4.8430299999999997e+00 -9.1661118210840120e-01 -1.3128394751023628e-01 0.0
    3.1499999999999999e+00 4.8430299999999997e+00 -9.3539181735408294e-01 4.6220703068266386e-03 0.0
    3.4020999999999999e+00 4.8430299999999997e+00 -9.1398828372225172e-01 1.3994089347154745e-01 0.0
    3.6482800000000002e+00 4.8430299999999997e+00 -8.5921547839880685e-01 2.5587401831927742e-01 0.0
    3.8827900000000000e+00 4.8430299999999997e+00 -7.8621231716398599e-01 3.4249776192256648e-01 0.0
    4.1001200000000004e+00 4.8430299999999997e+00 -7.1005779244345202e-01 4.0002049621439356e-01 0.0
    4.2951800000000002e+00 4.8430299999999997e+00 -6.4082918367048958e-01 4.3448701714017141e-01 0.0
    4.4634000000000000e+00 4.8430299999999997e+00 -5.8334435127054596e-01 4.5318674274027826e-01 0.0
    4.6008399999999998e+00 4.8430299999999997e+00 -5.3896583139028476e-01 4.6224708827593058e-01 0.0
    4.7042599999999997e+00 4.8430299999999997e+00 -5.0740375607853183e-01 4.6601967609487666e-01 0.0
    4.7712399999999997e+00 4.8430299999999997e+00 -4.8785759405278206e-01 4.6727305901189836e-01 0.0
    4.7999999999999998e+00 4.8430299999999997e+00 -4.7968534965759635e-01 4.6755392404893920e-01 0.0
    1.5000000000000000e+00 4.8895099999999996e+00 -4.8380465822951130e-01 -4.5437513069665397e-01 0.0
    1.5287599999999999e+00 4.8895099999999996e+00 -4.9181018155175288e-01 -4.5380150371734979e-01 0.0
    1.5957399999999999e+00 4.8895099999999996e+00 -5.1092019826405366e-01 -4.5185623100610622e-01 0.0
    1.6991600000000000e+00 4.8895099999999996e+00 -5.4166482876915378e-01 -4.4699770153456092e-01 0.0
    1.8366000000000000e+00 4.8895099999999996e+00 -5.8465063530743955e-01 -4.3649934910237975e-01 0.0
    2.0048200000000000e+00 4.8895099999999996e+00 -6.3988910872776228e-01 -4.1615722941681671e-01 0.0
    2.1998799999999998e+00 4.8895099999999996e+00 -7.0570020355061647e-01 -3.8020494086254453e-01 0.0
    2.4172099999999999e+00 4.8895099999999996e+00 -7.7707803929897556e-01 -3.2204145883088114e-01 0.0
    2.6517200000000001e+00 4.8895099999999996e+00 -8.4422950812753084e-01 -2.3660440823165943e-01 0.0
    2.8978999999999999e+00 4.8895099999999996e+00 -8.9317916346050719e-01 -1.2452602574247887e-01 0.0
    3.1499999999999999e+00 4.8895099999999996e+00 -9.1051937552086559e-01 4.3795273380235946e-03 0.0
    3.4020999999999999e+00 4.8895099999999996e+00 -8.9075452285283219e-01 1.3275690496913437e-01 0.0
    3.6482800000000002e+00 4.8895099999999996e+00 -8.3995811520732022e-01 2.4348757071619334e-01 0.0
    3.8827900000000000e+00 4.8895099999999996e+00 -7.7176543580320855e-01 3.2726404039828633e-01 0.0
    4.1001200000000004e+00 4.8895099999999996e+00 -7.0002618310344056e-01 3.8388213326326015e-01 0.0
    4.2951800000000002e+00 4.8895099999999996e+00 -6.3427047299624995e-01 4.1860468594398664e-01 0.0
    4.4634000000000000e+00 4.8895099999999996e+00 -5.7927345039390576e-01 4.3805727077632617e-01 0.0
    4.6008399999999998e+00 4.8895099999999996e+00 -5.3656738622982392e-01 4.4795283720605511e-01 0.0
    4.7042599999999997e+00 4.8895099999999996e+00 -5.0606218675244163e-01 4.5242806023700594e-01 0.0
    4.7712399999999997e+00 4.8895099999999996e+00 -4.8711498020853511e-01 4.5415513297801097e-01 0.0
    4.7999999999999998e+00 4.8895099999999996e+00 -4.7918051740821954e-01 4.5464191539634630e-01 0.0
    1.5000000000000000e+00 4.9512799999999997e+00 -4.8246329992626480e-01 -4.3764919413108327e-01 0.0
    1.5287599999999999e+00 4.9512799999999997e+00 -4.9014807378536124e-01 -4.3683060505633825e-01 0.0
    1.5957399999999999e+00 4.9512799999999997e+00 -5.0845465952273128e-01 -4.3432694946585815e-01 0.0
    1.6991600000000000e+00 4.9512799999999997e+00 -5.3779548262748111e-01 -4.2865623536228437e-01 0.0
    1.8366000000000000e+00 4.9512799999999997e+00 -5.7859016504135807e-01 -4.1723003496490574e-01 0.0
    2.0048200000000000e+00 4.9512799999999997e+00 -6.3062577251397389e-01 -3.9613369362661549e-01 0.0
    2.1998799999999998e+00 4.9512799999999997e+00 -6.9205946594801271e-01 -3.6012914463519230e-01 0.0
    2.4172099999999999e+00 4.9512799999999997e+00 -7.5800931329717802e-01 -3.0341638786456065e-01 0.0
    2.6517200000000001e+00 4.9512799999999997e+00 -8.1941768320362407e-01 -2.2181196971157416e-01 0.0
    2.8978999999999999e+00 4.9512799999999997e+00 -8.6379746115440448e-01 -1.1631904035269093e-01 0.0
    3.1499999999999999e+00 4.9512799999999997e+00 -8.7944201217249718e-01 4.0856635587855333e-03 0.0
    3.4020999999999999e+00 4.9512799999999997e+00 -8.6160672990352749e-01 1.2402964705565549e-01 0.0
    3.6482800000000002e+00 4.9512799999999997e+00 -8.1552979407459125e-01 2.2833702633651054e-01 0.0
    3.8827900000000000e+00 4.9512799999999997e+00 -7.5312485609009261e-01 3.0845888708723590e-01 0.0
    4.1001200000000004e+00 4.9512799999999997e+00 -6.8678669388279623e-01 3.6376660783044273e-01 0.0
    4.2951800000000002e+00 4.9512799999999997e+00 -6.2535267582400555e-01 3.9863180527030967e-01 0.0
    4.4634000000000000e+00 4.9512799999999997e+00 -5.7350156962883092e-01 4.1888925698513585e-01 0.0
    4.6008399999999998e+00 4.9512799999999997e+00 -5.3294024555745156e-01 4.2973812060275846e-01 0.0
    4.7042599999999997e+00 4.9512799999999997e+00 -5.0380592840252092e-01 4.3503706582476304e-01 0.0
    4.7712399999999997e+00 4.9512799999999997e+00 -4.8564212538863999e-01 4.3732714521904803e-01 0.0
    4.7999999999999998e+00 4.9512799999999997e+00 -4.7802016302440448e-01 4.3806028243741824e-01 0.0
    1.5000000000000000e+00 5.0268899999999999e+00 -4.8015059704813906e-01 -4.1808348918106275e-01 0.0
    1.5287599999999999e+00 5.0268899999999999e+00 -4.8745142338966974e-01 -4.1700455059709435e-01 0.0
    1.5957399999999999e+00 5.0268899999999999e+00 -5.0480158681579723e-01 -4.1391288965711442e-01 0.0
    1.6991600000000000e+00 5.0268899999999999e+00 -5.3248735750718956e-01 -4.0740371992492724e-01 0.0
    1.8366000000000000e+00 5.0268899999999999e+00 -5.7073294121912355e-01 -3.9505826328713017e-01 0.0
    2.0048200000000000e+00 5.0268899999999999e+00 -6.1910309576363109e-01 -3.7329892303563911e-01 0.0
    2.1998799999999998e+00 5.0268899999999999e+00 -6.7562032646165715e-01 -3.3747472867496159e-01 0.0
    2.4172099999999999e+00 5.0268899999999999e+00 -7.3559396500624774e-01 -2.8263526140874562e-01 0.0
    2.6517200000000001e+00 5.0268899999999999e+00 -7.9079858574688255e-01 -2.0547984241982364e-01 0.0
    2.8978999999999999e+00 5.0268899999999999e+00 -8.3031717844069752e-01 -1.0732641029845132e-01 0.0
    3.1499999999999999e+00 5.0268899999999999e+00 -8.4417335241272384e-01 3.7645296735356287e-03 0.0
    3.4020999999999999e+00 5.0268899999999999e+00 -8.2837377862299300e-01 1.1446335259303883e-01 0.0
    3.6482800000000002e+00 5.0268899999999999e+00 -7.8732153988891007e-01 2.1159837867353079e-01 0.0
    3.8827900000000000e+00 5.0268899999999999e+00 -7.3117664413208838e-01 2.8745926440714681e-01 0.0
    4.1001200000000004e+00 5.0268899999999999e+00 -6.7079430245501426e-01 3.4104682953252896e-01 0.0
    4.2951800000000002e+00 5.0268899999999999e+00 -6.1422240457543931e-01 3.7583418612933644e-01 0.0
    4.4634000000000000e+00 5.0268899999999999e+00 -5.6597796422708391e-01 3.9681476900507806e-01 0.0
    4.6008399999999998e+00 5.0268899999999999e+00 -5.2791634013463429e-01 4.0861486382235468e-01 0.0
    4.7042599999999997e+00 5.0268899999999999e+00 -5.0040129225306629e-01 4.1476786725142756e-01 0.0
    4.7712399999999997e+00 5.0268899999999999e+00 -4.8317186226451381e-01 4.1765281466010118e-01 0.0
    4.7999999999999998e+00 5.0268899999999999e+00 -4.7592470293848632e-01 4.1864856235762643e-01 0.0
    1.5000000000000000e+00 5.1145600000000000e+00 -4.7667704745501699e-01 -3.9661555507281820e-01 0.0
    1.5287599999999999e+00 5.1145600000000000e+00 -4.8354751925212697e-01 -3.9528339383373756e-01 0.0
    1.5957399999999999e+00 5.1145600000000000e+00 -4.9983203006432830e-01 -3.9162668932659928e-01 0.0
    1.6991600000000000e+00 5.1145600000000000e+00 -5.2569287671347320e-01 -3.8433305675876650e-01 0.0
    1.8366000000000000e+00 5.1145600000000000e+00 -5.6116800770307562e-01 -3.7117701355503052e-01 0.0
    2.0048200000000000e+00 5.1145600000000000e+00 -6.0562479442341988e-01 -3.4894531117766620e-01 0.0
    2.1998799999999998e+00 5.1145600000000000e+00 -6.5699879285456053e-01 -3.1359063177101448e-01 0.0
    2.4172099999999999e+00 5.1145600000000000e+00 -7.1085356722575799e-01 -2.6099265873693989e-01 0.0
    2.6517200000000001e+00 5.1145600000000000e+00 -7.5983491618228227e-01 -1.8866117949577180e-01 0.0
    2.8978999999999999e+00 5.1145600000000000e+00 -7.9455616778030003e-01 -9.8140246114474014e-02 0.0
    3.1499999999999999e+00 5.1145600000000000e+00 -8.0666339172531942e-01 3.4374104482807221e-03 0.0
    3.4020999999999999e+00 5.1145600000000000e+00 -7.9285530104523405e-01 1.0468730308099899e-01 0.0
    3.6482800000000002e+00 5.1145600000000000e+00 -7.5676636460340829e-01 1.9434885317847375e-01 0.0
    3.8827900000000000e+00 5.1145600000000000e+00 -7.0690987843401587e-01 2.6556938562606908e-01 0.0
    4.1001200000000004e+00 5.1145600000000000e+00 -6.5263571689674538e-01 3.1707021559570014e-01 0.0
    4.2951800000000002e+00 5.1145600000000000e+00 -6.0115954163241769e-01 3.5149595438703779e-01 0.0
    4.4634000000000000e+00 5.1145600000000000e+00 -5.5677312705153748e-01 3.7301520015501172e-01 0.0
    4.6008399999999998e+00 5.1145600000000000e+00 -5.2143366153811388e-01 3.8566309184635067e-01 0.0
    4.7042599999999997e+00 5.1145600000000000e+00 -4.9570771027914728e-01 3.9261990505135269e-01 0.0
    4.7712399999999997e+00 5.1145600000000000e+00 -4.7952152196219289e-01 3.9607902139592588e-01 0.0
    4.7999999999999998e+00 5.1145600000000000e+00 -4.7269534852982653e-01 3.9733117734671797e-01 0.0
    1.5000000000000000e+00 5.2122400000000004e+00 -4.7197730890089434e-01 -3.7417983525587628e-01 0.0
    1.5287599999999999e+00 5.2122400000000004e+00 -4.7838999716420838e-01 -3.7261922456993440e-01 0.0
    1.5957399999999999e+00 5.2122400000000004e+00 -4.9354781039134732e-01 -3.6846071045829903e-01 0.0
    1.6991600000000000e+00 5.2122400000000004e+00 -5.1749969257535811e-01 -3.6049521232453180e-01 0.0
    1.8366000000000000e+00 5.2122400000000004e+00 -5.5011938118685599e-01 -3.4670401615746188e-01 0.0
    2.0048200000000000e+00 5.2122400000000004e+00 -5.9061586639345498e-01 -3.2424447690539510e-01 0.0
    2.1998799999999998e+00 5.2122400000000004e+00 -6.3689231530941115e-01 -2.8965316249566486e-01 0.0
    2.4172099999999999e+00 5.2122400000000004e+00 -6.8481397758129070e-01 -2.3957115013125108e-01 0.0
    2.6517200000000001e+00 5.2122400000000004e+00 -7.2788450559705908e-01 -1.7220253119484460e-01 0.0
    2.8978999999999999e+00 5.2122400000000004e+00 -7.5812352671913119e-01 -8.9222886888648295e-02 0.0
    3.1499999999999999e+00 5.2122400000000004e+00 -7.6861141826600499e-01 3.1207547047571427e-03 0.0
    3.4020999999999999e+00 5.2122400000000004e+00 -7.5664782267221853e-01 9.5193571610890440e-02 0.0
    3.6482800000000002e+00 5.2122400000000004e+00 -7.2520047986626646e-01 1.7745653666998371e-01 0.0
    3.8827900000000000e+00 5.2122400000000004e+00 -6.8132499234409671e-01 2.4388328473406601e-01 0.0
    4.1001200000000004e+00 5.2122400000000004e+00 -6.3298363981639183e-01 2.9301567437166265e-01 0.0
    4.2951800000000002e+00 5.2122400000000004e+00 -5.8656741009272073e-01 3.2678512025365408e-01 0.0
    4.4634000000000000e+00 5.2122400000000004e+00 -5.4609301526910825e-01 3.4860101149402090e-01 0.0
    4.6008399999999998e+00 5.2122400000000004e+00 -5.1356493804098458e-01 3.6192462919620921e-01 0.0
    4.7042599999999997e+00 5.2122400000000004e+00 -4.8971437267193835e-01 3.6957556320196033e-01 0.0
    4.7712399999999997e+00 5.2122400000000004e+00 -4.7463352244356172e-01 3.7354755830752051e-01 0.0
    4.7999999999999998e+00 5.2122400000000004e+00 -4.6825612449797760e-01 3.7503218412121514e-01 0.0
    1.5000000000000000e+00 5.3176399999999999e+00 -4.6612152846983368e-01 -3.5163834007492245e-01 0.0
    1.5287599999999999e+00 5.3176399999999999e+00 -4.7206826483535508e-01 -3.4988536141272447e-01 0.0
    1.5957399999999999e+00 5.3176399999999999e+00 -4.8608610300435523e-01 -3.4531302521611335e-01 0.0
    1.6991600000000000e+00 5.3176399999999999e+00 -5.0812669936003185e-01 -3.3682104597900037e-01 0.0
    1.8366000000000000e+00 5.3176399999999999e+00 -5.3792883657979307e-01 -3.2260014059381664e-01 0.0
    2.0048200000000000e+00 5.3176399999999999e+00 -5.7458726997498744e-01 -3.0016584734974378e-01 0.0
    2.1998799999999998e+00 5.3176399999999999e+00 -6.1602347453890693e-01 -2.6659213175607105e-01 0.0
    2.4172099999999999e+00 5.3176399999999999e+00 -6.5843054593548300e-01 -2.1918441565903793e-01 0.0
    2.6517200000000001e+00 5.3176399999999999e+00 -6.9611606779341251e-01 -1.5670992908265879e-01 0.0
    2.8978999999999999e+00 5.3176399999999999e+00 -7.2233552593751993e-01 -8.0893396638765130e-02 0.0
    3.1499999999999999e+00 5.3176399999999999e+00 -7.3138375245669318e-01 2.8257641433419526e-03 0.0
    3.4020999999999999e+00 5.3176399999999999e+00 -7.2106051474807820e-01 8.6322368678272976e-02 0.0
    3.6482800000000002e+00 5.3176399999999999e+00 -6.9377934635927785e-01 1.6154483797464378e-01 0.0
    3.8827900000000000e+00 5.3176399999999999e+00 -6.5536011049852738e-01 2.2322638137719980e-01 0.0
    4.1001200000000004e+00 5.3176399999999999e+00 -6.1254216872658429e-01 2.6981877049800407e-01 0.0
    4.2951800000000002e+00 5.3176399999999999e+00 -5.7093930918933511e-01 3.0267188980769721e-01 0.0
    4.4634000000000000e+00 5.3176399999999999e+00 -5.3426355077033105e-01 3.2453038647914673e-01 0.0
    4.6008399999999998e+00 5.3176399999999999e+00 -5.0451512808108978e-01 3.3832552544900024e-01 0.0
    4.7042599999999997e+00 5.3176399999999999e+00 -4.8254607964185642e-01 3.4652692784398642e-01 0.0
    4.7712399999999997e+00 5.3176399999999999e+00 -4.6858591970022456e-01 3.5092517718624355e-01 0.0
    4.7999999999999998e+00 5.3176399999999999e+00 -4.6266626315910975e-01 3.5260681759751744e-01 0.0
    1.5000000000000000e+00 5.4282899999999996e+00 -4.5929815477372349e-01 -3.2972464758728803e-01 0.0
    1.5287599999999999e+00 5.4282899999999996e+00 -4.6478830544783828e-01 -3.2782027635172067e-01 0.0
    1.5957399999999999e+00 5.4282899999999996e+00 -4.7769541356083922e-01 -3.2293155183826783e-01 0.0
    1.6991600000000000e+00 5.4282899999999996e+00 -4.9789229182537986e-01 -3.1406696685375601e-01 0.0
    1.8366000000000000e+00 5.4282899999999996e+00 -5.2501396508844800e-01 -2.9961961015437610e-01 0.0
    2.0048200000000000e+00 5.4282899999999996e+00 -5.5808306933205765e-01 -2.7743661514457946e-01 0.0
    2.1998799999999998e+00 5.4282899999999996e+00 -5.9507953359203014e-01 -2.4506694231121884e-01 0.0
    2.4172099999999999e+00 5.4282899999999996e+00 -6.3252904795918607e-01 -2.0037328986828948e-01 0.0
    2.6517200000000001e+00 5.4282899999999996e+00 -6.6546324708625870e-01 -1.4256029431633685e-01 0.0
    2.8978999999999999e+00 5.4282899999999996e+00 -6.8818771495142950e-01 -7.3339959346909372e-02 0.0
    3.1499999999999999e+00 5.4282899999999996e+00 -6.9599412433577945e-01 2.5589148087067208e-03 0.0
    3.4020999999999999e+00 5.4282899999999996e+00 -6.8708622353767634e-01 7.8274901193111923e-02 0.0
    3.6482800000000002e+00 5.4282899999999996e+00 -6.6343050125558234e-01 1.4700320562163402e-01 0.0
    3.8827900000000000e+00 5.4282899999999996e+00 -6.2983146706240323e-01 2.0415006507317521e-01 0.0
    4.1001200000000004e+00 5.4282899999999996e+00 -5.9198670719761359e-01 2.4814628330725044e-01 0.0
    4.2951800000000002e+00 5.4282899999999996e+00 -5.5480661329241954e-01 2.7988744982084074e-01 0.0
    4.4634000000000000e+00 5.4282899999999996e+00 -5.2168989322172266e-01 3.0155872375982018e-01 0.0
    4.6008399999999998e+00 5.4282899999999996e+00 -4.9459094464794079e-01 3.1562135875525488e-01 0.0
    4.7042599999999997e+00 5.4282899999999996e+00 -4.7444044676938646e-01 3.2421981647316472e-01 0.0
    4.7712399999999997e+00 5.4282899999999996e+00 -4.6157439092670710e-01 3.2894754634909135e-01 0.0
    4.7999999999999998e+00 5.4282899999999996e+00 -4.5610417028987427e-01 3.3078557944037129e-01 0.0
    1.5000000000000000e+00 5.5415900000000002e+00 -4.5177984341481664e-01 -3.0901637166349988e-01 0.0
    1.5287599999999999e+00 5.5415900000000002e+00 -4.5683716505707650e-01 -3.0700112993021167e-01 0.0
    1.5957399999999999e+00 5.5415900000000002e+00 -4.6869687579999464e-01 -3.0189046261588220e-01 0.0
    1.6991600000000000e+00 5.5415900000000002e+00 -4.8717123555060837e-01 -2.9279686458777215e-01 0.0
    1.8366000000000000e+00 5.5415900000000002e+00 -5.1182070859345452e-01 -2.7830125131955852e-01 0.0
    2.0048200000000000e+00 5.5415900000000002e+00 -5.4163142128876252e-01 -2.5654686200673826e-01 0.0
    2.1998799999999998e+00 5.5415900000000002e+00 -5.7466881401371150e-01 -2.2548895505639224e-01 0.0
    2.4172099999999999e+00 5.5415900000000002e+00 -6.0777822010182980e-01 -1.8344353610639158e-01 0.0
    2.6517200000000001e+00 5.5415900000000002e+00 -6.3662304954903359e-01 -1.2994356976497573e-01 0.0
    2.8978999999999999e+00 5.5415900000000002e+00 -6.5637898904034575e-01 -6.6647881023318575e-02 0.0
    3.1499999999999999e+00 5.5415900000000002e+00 -6.6313819175606270e-01 2.3230161084429831e-03 0.0
    3.4020999999999999e+00 5.5415900000000002e+00 -6.5542413281310008e-01 7.1142912665191044e-02 0.0
    3.6482800000000002e+00 5.5415900000000002e+00 -6.3485002399481893e-01 1.3402951236905702e-01 0.0
    3.8827900000000000e+00 5.5415900000000002e+00 -6.0540434295534484e-01 1.8696857860067834e-01 0.0
    4.1001200000000004e+00 5.5415900000000002e+00 -5.7191953346298408e-01 2.2841713287325427e-01 0.0
    4.2951800000000002e+00 5.5415900000000002e+00 -5.3868968117675597e-01 2.5892761955622612e-01 0.0
    4.4634000000000000e+00 5.5415900000000002e+00 -5.0880938091617367e-01 2.8022863384552921e-01 0.0
    4.6008399999999998e+00 5.5415900000000002e+00 -4.8415839143143330e-01 2.9437817879061817e-01 0.0
    4.7042599999999997e+00 5.5415900000000002e+00 -4.6570998518113799e-01 3.0322941307759210e-01 0.0
    4.7712399999999997e+00 5.5415900000000002e+00 -4.5387754829238980e-01 3.0819214999391953e-01 0.0
    4.7999999999999998e+00 5.5415900000000002e+00 -4.4883416897255285e-01 3.1014612756025006e-01 0.0
    1.5000000000000000e+00 5.6548999999999996e+00 -4.4388115266130962e-01 -2.8992555976751055e-01 0.0
    1.5287599999999999e+00 5.6548999999999996e+00 -4.4853985758609372e-01 -2.8783575943652029e-01 0.0
    1.5957399999999999e+00 5.6548999999999996e+00 -4.5943957435558713e-01 -2.8258616527587677e-01 0.0
    1.6991600000000000e+00 5.6548999999999996e+00 -4.7634842124911325e-01 -2.7338499538349842e-01 0.0
    1.8366000000000000e+00 5.6548999999999996e+00 -4.9877714617794006e-01 -2.5898166114477983e-01 0.0
    2.0048200000000000e+00 5.6548999999999996e+00 -5.2570256433846407e-01 -2.3777605230636109e-01 0.0
    2.1998799999999998e+00 5.6548999999999996e+00 -5.5529014880358207e-01 -2.0806200255969168e-01 0.0
    2.4172099999999999e+00 5.6548999999999996e+00 -5.8467961585430983e-01 -1.6851570988217679e-01 0.0
    2.6517200000000001e+00 5.6548999999999996e+00 -6.1007207387841678e-01 -1.1891009913240845e-01 0.0
    2.8978999999999999e+00 5.6548999999999996e+00 -6.2735103319304175e-01 -6.0828548577424389e-02 0.0
    3.1499999999999999e+00 5.6548999999999996e+00 -6.3324194078089413e-01 2.1182782779117127e-03 0.0
    3.4020999999999999e+00 5.6548999999999996e+00 -6.2651798484639798e-01 6.4939346930141334e-02 0.0
    3.6482800000000002e+00 5.6548999999999996e+00 -6.0851689466498726e-01 1.2267811616592417e-01 0.0
    3.8827900000000000e+00 5.6548999999999996e+00 -5.8258112491694003e-01 1.7180850741309708e-01 0.0
    4.1001200000000004e+00 5.6548999999999996e+00 -5.5283798484283952e-01 2.1084183252122027e-01 0.0
    4.2951800000000002e+00 5.6548999999999996e+00 -5.2305519477815599e-01 2.4007802111112173e-01 0.0
    4.4634000000000000e+00 5.6548999999999996e+00 -4.9604516326670189e-01 2.6088179859645455e-01 0.0
    4.6008399999999998e+00 5.6548999999999996e+00 -4.7359668940388389e-01 2.7497421406433920e-01 0.0
    4.7042599999999997e+00 5.6548999999999996e+00 -4.5669778442538722e-01 2.8395520982293743e-01 0.0
    4.7712399999999997e+00 5.6548999999999996e+00 -4.4581429884709312e-01 2.8906933731984319e-01 0.0
    4.7999999999999998e+00 5.6548999999999996e+00 -4.4116468468083203e-01 2.9110277940994095e-01 0.0
    1.5000000000000000e+00 5.7655500000000002e+00 -4.3592558997311837e-01 -2.7272251471262871e-01 0.0
    1.5287599999999999e+00 5.7655500000000002e+00 -4.4022664477469547e-01 -2.7058820473749651e-01 0.0
    1.5957399999999999e+00 5.7655500000000002e+00 -4.5026870185643308e-01 -2.6526691394029384e-01 0.0
    1.6991600000000000e+00 5.7655500000000002e+00 -4.6578939256481056e-01 -2.5605211550043366e-01 0.0
    1.8366000000000000e+00 5.7655500000000002e+00 -4.8626932927082095e-01 -2.4184002199296920e-01 0.0
    2.0048200000000000e+00 5.7655500000000002e+00 -5.1069480096600084e-01 -2.2124745467485002e-01 0.0
    2.1998799999999998e+00 5.7655500000000002e+00 -5.3733547613635790e-01 -1.9284445221359114e-01 0.0
    2.4172099999999999e+00 5.7655500000000002e+00 -5.6359299711869126e-01 -1.5558827255938129e-01 0.0
    2.6517200000000001e+00 5.7655500000000002e+00 -5.8611693561354117e-01 -1.0942352357812944e-01 0.0
    2.8978999999999999e+00 5.7655500000000002e+00 -6.0135860181890299e-01 -5.5849487659082701e-02 0.0
    3.1499999999999999e+00 5.7655500000000002e+00 -6.0653923902445506e-01 1.9433949644182176e-03 0.0
    3.4020999999999999e+00 5.7655500000000002e+00 -6.0062535183301735e-01 5.9630282026793012e-02 0.0
    3.6482800000000002e+00 5.7655500000000002e+00 -5.8474174197716000e-01 1.1291389396364496e-01 0.0
    3.8827900000000000e+00 5.7655500000000002e+00 -5.6172485121962568e-01 1.5867215589699082e-01 0.0
    4.1001200000000004e+00 5.7655500000000002e+00 -5.3513544048064998e-01 1.9548410511920944e-01 0.0
    4.2951800000000002e+00 5.7655500000000002e+00 -5.0830094432523787e-01 2.2346763309401968e-01 0.0
    4.4634000000000000e+00 5.7655500000000002e+00 -4.8378124578245452e-01 2.4370274372240563e-01 0.0
    4.6008399999999998e+00 5.7655500000000002e+00 -4.6326832922747724e-01 2.5763493489173600e-01 0.0
    4.7042599999999997e+00 5.7655500000000002e+00 -4.4774540354313080e-01 2.6664957895726776e-01 0.0
    4.7712399999999997e+00 5.7655500000000002e+00 -4.3771097805229864e-01 2.7184684798837089e-01 0.0
    4.7999999999999998e+00 5.7655500000000002e+00 -4.3341519261268152e-01 2.7392935348511493e-01 0.0
    1.5000000000000000e+00 5.8709499999999997e+00 -4.2821508238088191e-01 -2.5755320545232624e-01 0.0
    1.5287599999999999e+00 5.8709499999999997e+00 -4.3220287225913162e-01 -2.5539744961269001e-01 0.0
    1.5957399999999999e+00 5.8709499999999997e+00 -4.4149651339181778e-01 -2.5005467227478573e-01 0.0
    1.6991600000000000e+00 5.8709499999999997e+00 -4.5581380305873159e-01 -2.4089213321722591e-01 0.0
    1.8366000000000000e+00 5.8709499999999997e+00 -4.7461959584813845e-01 -2.2693074127732360e-01 0.0
    2.0048200000000000e+00 5.8709499999999997e+00 -4.9692109802411233e-01 -2.0696678504505533e-01 0.0
    2.1998799999999998e+00 5.8709499999999997e+00 -5.2108871042556082e-01 -1.7979171283524054e-01 0.0
    2.4172099999999999e+00 5.8709499999999997e+00 -5.4475054004495527e-01 -1.4457903149298010e-01 0.0
    2.6517200000000001e+00 5.8709499999999997e+00 -5.6492391086167393e-01 -1.0139411596437375e-01 0.0
    2.8978999999999999e+00 5.8709499999999997e+00 -5.7851055701664922e-01 -5.1652735379088134e-02 0.0
    3.1499999999999999e+00 5.8709499999999997e+00 -5.8311687612300422e-01 1.7961977685522384e-03 0.0
    3.4020999999999999e+00 5.8709499999999997e+00 -5.7785811225233419e-01 5.5154479358468789e-02 0.0
    3.6482800000000002e+00 5.8709499999999997e+00 -5.6369549228260840e-01 1.0464638261594034e-01 0.0
    3.8827900000000000e+00 5.8709499999999997e+00 -5.4307222612060968e-01 1.4747929340916091e-01 0.0
    4.1001200000000004e+00 5.8709499999999997e+00 -5.1909905092203534e-01 1.8230322110763056e-01 0.0
    4.2951800000000002e+00 5.8709499999999997e+00 -4.9474149236307330e-01 2.0910692624576771e-01 0.0
    4.4634000000000000e+00 5.8709499999999997e+00 -4.7234011519830871e-01 2.2875078453707648e-01 0.0
    4.6008399999999998e+00 5.8709499999999997e+00 -4.5349205507228285e-01 2.4245893592963105e-01 0.0
    4.7042599999999997e+00 5.8709499999999997e+00 -4.3916350878504345e-01 2.5143885091335977e-01 0.0
    4.7712399999999997e+00 5.8709499999999997e+00 -4.2987096393948204e-01 2.5666777441369448e-01 0.0
    4.7999999999999998e+00 5.8709499999999997e+00 -4.2588550487300203e-01 2.5877580703749115e-01 0.0
    1.5000000000000000e+00 5.9686300000000001e+00 -4.2101466664768294e-01 -2.4447309997513822e-01 0.0
    1.5287599999999999e+00 5.9686300000000001e+00 -4.2473452413457463e-01 -2.4231222502278391e-01 0.0
    1.5957399999999999e+00 5.9686300000000001e+00 -4.3339010831476033e-01 -2.3698210065341269e-01 0.0
    1.6991600000000000e+00 5.9686300000000001e+00 -4.4668722381868370e-01 -2.2791217752945478e-01 0.0
    1.8366000000000000e+00 5.9686300000000001e+00 -4.6408477884991417e-01 -2.1422682222822831e-01 0.0
    2.0048200000000000e+00 5.9686300000000001e+00 -4.8461650168767850e-01 -1.9486788432294330e-01 0.0
    2.1998799999999998e+00 5.9686300000000001e+00 -5.0674495892268823e-01 -1.6880149834819055e-01 0.0
    2.4172099999999999e+00 5.9686300000000001e+00 -5.2828908689613496e-01 -1.3536554482178498e-01 0.0
    2.6517200000000001e+00 5.9686300000000001e+00 -5.4656300052301343e-01 -9.4709137026503812e-02 0.0
    2.8978999999999999e+00 5.9686300000000001e+00 -5.5882195877281693e-01 -4.8170854973146070e-02 0.0
    3.1499999999999999e+00 5.9686300000000001e+00 -5.6296934216480921e-01 1.6742185185193012e-03 0.0
    3.4020999999999999e+00 5.9686300000000001e+00 -5.5823415824408085e-01 5.1440459187552481e-02 0.0
    3.6482800000000002e+00 5.9686300000000001e+00 -5.4545270639832044e-01 9.7760995180404070e-02 0.0
    3.8827900000000000e+00 5.9686300000000001e+00 -5.2676491037635054e-01 1.3810809901352775e-01 0.0
    4.1001200000000004e+00 5.9686300000000001e+00 -5.0492791871401188e-01 1.7119944264901255e-01 0.0
    4.2951800000000002e+00 5.9686300000000001e+00 -4.8261461414201506e-01 1.9693341256132438e-01 0.0
    4.4634000000000000e+00 5.9686300000000001e+00 -4.6198010470695339e-01 2.1600305247909576e-01 0.0
    4.6008399999999998e+00 5.9686300000000001e+00 -4.4453396982388393e-01 2.2945753322940807e-01 0.0
    4.7042599999999997e+00 5.9686300000000001e+00 -4.3121906805160015e-01 2.3835976473722167e-01 0.0
    4.7712399999999997e+00 5.9686300000000001e+00 -4.2255971962067279e-01 2.4358479970350919e-01 0.0
    4.7999999999999998e+00 5.9686300000000001e+00 -4.1883998065817246e-01 2.4570149445526060e-01 0.0
    1.5000000000000000e+00 6.0563000000000002e+00 -4.1454491984725655e-01 -2.3347589110184802e-01 0.0
    1.5287599999999999e+00 6.0563000000000002e+00 -4.1804146435361783e-01 -2.3132028163801785e-01 0.0
    1.5957399999999999e+00 6.0563000000000002e+00 -4.2616668708880678e-01 -2.2602300190418045e-01 0.0
    1.6991600000000000e+00 6.0563000000000002e+00 -4.3861983868620341e-01 -2.1706452917562527e-01 0.0
    1.8366000000000000e+00 6.0563000000000002e+00 -4.5485998575471231e-01 -2.0365301530286722e-01 0.0
    2.0048200000000000e+00 6.0563000000000002e+00 -4.7394864749085697e-01 -1.8484595454738656e-01 0.0
    2.1998799999999998e+00 6.0563000000000002e+00 -4.9442889609850027e-01 -1.5974500778949299e-01 0.0
    2.4172099999999999e+00 6.0563000000000002e+00 -5.1427635139544270e-01 -1.2781141426123763e-01 0.0
    2.6517200000000001e+00 6.0563000000000002e+00 -5.3104045957815516e-01 -8.9251567371759863e-02 0.0
    2.8978999999999999e+00 6.0563000000000002e+00 -5.4225041717215372e-01 -4.5336436000548340e-02 0.0
    3.1499999999999999e+00 6.0563000000000002e+00 -5.4603635975883991e-01 1.5750181007759957e-03 0.0
    3.4020999999999999e+00 6.0563000000000002e+00 -5.4171357539434661e-01 4.8416650204752998e-02 0.0
    3.6482800000000002e+00 6.0563000000000002e+00 -5.3002374222277904e-01 9.2138349262413932e-02 0.0
    3.8827900000000000e+00 6.0563000000000002e+00 -5.1287517886066880e-01 1.3042191768562142e-01 0.0
    4.1001200000000004e+00 6.0563000000000002e+00 -4.9275081285738209e-01 1.6204547247989365e-01 0.0
    4.2951800000000002e+00 6.0563000000000002e+00 -4.7209112225490218e-01 1.8684494882705258e-01 0.0
    4.4634000000000000e+00 6.0563000000000002e+00 -4.5289852556309912e-01 2.0538754911533544e-01 0.0
    4.6008399999999998e+00 6.0563000000000002e+00 -4.3660564613564812e-01 2.1858648393494409e-01 0.0
    4.7042599999999997e+00 6.0563000000000002e+00 -4.2413008542166358e-01 2.2738963345149796e-01 0.0
    4.7712399999999997e+00 6.0563000000000002e+00 -4.1599755657419374e-01 2.3258915342537267e-01 0.0
    4.7999999999999998e+00 6.0563000000000002e+00 -4.1249949836653521e-01 2.3470356271758266e-01 0.0
    1.5000000000000000e+00 6.1318999999999999e+00 -4.0898154888573568e-01 -2.2451909731304892e-01 0.0
    1.5287599999999999e+00 6.1318999999999999e+00 -4.1229775808217273e-01 -2.2237422786492864e-01 0.0
    1.5957399999999999e+00 6.1318999999999999e+00 -4.1999564098193476e-01 -2.1711861052927589e-01 0.0
    1.6991600000000000e+00 6.1318999999999999e+00 -4.3177141055723056e-01 -2.0827330081034387e-01 0.0
    1.8366000000000000e+00 6.1318999999999999e+00 -4.4708755834295311e-01 -1.9511237861531694e-01 0.0
    2.0048200000000000e+00 6.1318999999999999e+00 -4.6503161585771441e-01 -1.7678290647827133e-01 0.0
    2.1998799999999998e+00 6.1318999999999999e+00 -4.8421383707566573e-01 -1.5248944158359728e-01 0.0
    2.4172099999999999e+00 6.1318999999999999e+00 -5.0273462926414869e-01 -1.2178421901515414e-01 0.0
    2.6517200000000001e+00 6.1318999999999999e+00 -5.1832573774536361e-01 -8.4912209735907476e-02 0.0
    2.8978999999999999e+00 6.1318999999999999e+00 -5.2872465026901871e-01 -4.3087983312842248e-02 0.0
    3.1499999999999999e+00 6.1318999999999999e+00 -5.3223186311734250e-01 1.4963872021881294e-03 0.0
    3.4020999999999999e+00 6.1318999999999999e+00 -5.2822713537604338e-01 4.6017694302852269e-02 0.0
    3.6482800000000002e+00 6.1318999999999999e+00 -5.1738152443035690e-01 8.7666798534936863e-02 0.0
    3.8827900000000000e+00 6.1318999999999999e+00 -5.0142932715310651e-01 1.2428758774388346e-01 0.0
    4.1001200000000004e+00 6.1318999999999999e+00 -4.8264482500774297e-01 1.5470926890798192e-01 0.0
    4.2951800000000002e+00 6.1318999999999999e+00 -4.6328824216958425e-01 1.7872525864240907e-01 0.0
    4.4634000000000000e+00 6.1318999999999999e+00 -4.4524013309651617e-01 1.9680976256508878e-01 0.0
    4.6008399999999998e+00 6.1318999999999999e+00 -4.2986861505859131e-01 2.0977262975403521e-01 0.0
    4.7042599999999997e+00 6.1318999999999999e+00 -4.1806723902467846e-01 2.1847253387248206e-01 0.0
    4.7712399999999997e+00 6.1318999999999999e+00 -4.1035952600320441e-01 2.2363631398226688e-01 0.0
    4.7999999999999998e+00 6.1318999999999999e+00 -4.0704062550961062e-01 2.2574240217913139e-01 0.0
    1.5000000000000000e+00 6.1936700000000000e+00 -4.0445719607277714e-01 -2.1754165651978866e-01 0.0
    1.5287599999999999e+00 6.1936700000000000e+00 -4.0763400058578803e-01 -2.1540916308411187e-01 0.0
    1.5957399999999999e+00 6.1936700000000000e+00 -4.1500211822190541e-01 -2.1019523848347904e-01 0.0
    1.6991600000000000e+00 6.1936700000000000e+00 -4.2625678242067433e-01 -2.0145187424587102e-01 0.0
    1.8366000000000000e+00 6.1936700000000000e+00 -4.4086510677587470e-01 -1.8850299657159178e-01 0.0
    2.0048200000000000e+00 6.1936700000000000e+00 -4.5793682264614388e-01 -1.7056253756747669e-01 0.0
    2.1998799999999998e+00 6.1936700000000000e+00 -4.7613531769890621e-01 -1.4691064563794065e-01 0.0
    2.4172099999999999e+00 6.1936700000000000e+00 -4.9365632023519951e-01 -1.1716481419907132e-01 0.0
    2.6517200000000001e+00 6.1936700000000000e+00 -5.0836787281628737e-01 -8.1595415381338077e-02 0.0
    2.8978999999999999e+00 6.1936700000000000e+00 -5.1816093813637321e-01 -4.1372481647474639e-02 0.0
    3.1499999999999999e+00 6.1936700000000000e+00 -5.2146036083246394e-01 1.4364307961809610e-03 0.0
    3.4020999999999999e+00 6.1936700000000000e+00 -5.1769275812028781e-01 4.4187204768031237e-02 0.0
    3.6482800000000002e+00 6.1936700000000000e+00 -5.0747790979569585e-01 8.4248400774840693e-02 0.0
    3.8827900000000000e+00 6.1936700000000000e+00 -4.9242308505048121e-01 1.1958500474433570e-01 0.0
    4.1001200000000004e+00 6.1936700000000000e+00 -4.7464875077516300e-01 1.4906693242638697e-01 0.0
    4.2951800000000002e+00 6.1936700000000000e+00 -4.5628023566196729e-01 1.7245929461643758e-01 0.0
    4.4634000000000000e+00 6.1936700000000000e+00 -4.3910485720746362e-01 1.9016950103964420e-01 0.0
    4.6008399999999998e+00 6.1936700000000000e+00 -4.2443955225593422e-01 2.0293138739406125e-01 0.0
    4.7042599999999997e+00 6.1936700000000000e+00 -4.1315713463541148e-01 2.1153695989734231e-01 0.0
    4.7712399999999997e+00 6.1936700000000000e+00 -4.0577744106580665e-01 2.1666362120337268e-01 0.0
    4.7999999999999998e+00 6.1936700000000000e+00 -4.0259712112980844e-01 2.1875920808841046e-01 0.0
    1.5000000000000000e+00 6.2401600000000004e+00 -2.7235487517675327e-01 -1.4429112304997932e-01 0.0
    1.5287599999999999e+00 6.2401600000000004e+00 -2.7444395439998454e-01 -1.4285058924067187e-01 0.0
    1.5957399999999999e+00 6.2401600000000004e+00 -2.7928632178705659e-01 -1.3933390931329417e-01 0.0
    1.6991600000000000e+00 6.2401600000000004e+00 -2.8667503886275536e-01 -1.3345181524094538e-01 0.0
    1.8366000000000000e+00 6.2401600000000004e+00 -2.9625121119993042e-01 -1.2476916297490931e-01 0.0
    2.0048200000000000e+00 6.2401600000000004e+00 -3.0742188476418952e-01 -1.1278399100146540e-01 0.0
    2.1998799999999998e+00 6.2401600000000004e+00 -3.1930580338694803e-01 -9.7043014334514274e-02 0.0
    2.4172099999999999e+00 6.2401600000000004e+00 -3.3072392990121197e-01 -7.7316595434027052e-02 0.0
    2.6517200000000001e+00 6.2401600000000004e+00 -3.4029352539925906e-01 -5.3799215459973335e-02 0.0
    2.8978999999999999e+00 6.2401600000000004e+00 -3.4665481805060755e-01 -2.7263319801103903e-02 0.0
    3.1499999999999999e+00 6.2401600000000004e+00 -3.4879642524505050e-01 9.4638974914461630e-04 0.0
    3.4020999999999999e+00 6.2401600000000004e+00 -3.4635086381983859e-01 2.9118923158187895e-02 0.0
    3.6482800000000002e+00 6.2401600000000004e+00 -3.3971507810182916e-01 5.5551263605217303e-02 0.0
    3.8827900000000000e+00 6.2401600000000004e+00 -3.2992100126551716e-01 7.8919236964884232e-02 0.0
    4.1001200000000004e+00 6.2401600000000004e+00 -3.1833597960349014e-01 9.8475749494273498e-02 0.0
    4.2951800000000002e+00 6.2401600000000004e+00 -3.0633887473230648e-01 1.1404904592896539e-01 0.0
    4.4634000000000000e+00 6.2401600000000004e+00 -2.9509816823200830e-01 1.2588492779837898e-01 0.0
    4.6008399999999998e+00 6.2401600000000004e+00 -2.8548266902828773e-01 1.3444594893451817e-01 0.0
    4.7042599999999997e+00 6.2401600000000004e+00 -2.7807417330304496e-01 1.4023817523414719e-01 0.0
    4.7712399999999997e+00 6.2401600000000004e+00 -2.7322316618069015e-01 1.4369783127676794e-01 0.0
    4.7999999999999998e+00 6.2401600000000004e+00 -2.7113132824954284e-01 1.4511422097438964e-01 0.0
    1.5000000000000000e+00 6.2702600000000004e+00 -1.4162384650287078e-02 -7.4309167530704602e-03 0.0
    1.5287599999999999e+00 6.2702600000000004e+00 -1.4269372801247774e-02 -7.3558828254798531e-03 0.0
    1.5957399999999999e+00 6.2702600000000004e+00 -1.4517270548429918e-02 -7.1728818424625779e-03 0.0
    1.6991600000000000e+00 6.2702600000000004e+00 -1.4895269995702919e-02 -6.8672765260551875e-03 0.0
    1.8366000000000000e+00 6.2702600000000004e+00 -1.5384719885950471e-02 -6.4170920733193941e-03 0.0
    2.0048200000000000e+00 6.2702600000000004e+00 -1.5955014902607423e-02 -5.7971086794229342e-03 0.0
    2.1998799999999998e+00 6.2702600000000004e+00 -1.6560953985012221e-02 -4.9847613045530641e-03 0.0
    2.4172099999999999e+00 6.2702600000000004e+00 -1.7142397671087800e-02 -3.9689919505574590e-03 0.0
    2.6517200000000001e+00 6.2702600000000004e+00 -1.7629147117528592e-02 -2.7602925216378329e-03 0.0
    2.8978999999999999e+00 6.2702600000000004e+00 -1.7952425911996802e-02 -1.3983187806426087e-03 0.0
    3.1499999999999999e+00 6.2702600000000004e+00 -1.8061210878269691e-02 4.8534036900928331e-05 0.0
    3.4020999999999999e+00 6.2702600000000004e+00 -1.7936984195693239e-02 1.4935164522310992e-03 0.0
    3.6482800000000002e+00 6.2702600000000004e+00 -1.7599739411363387e-02 2.8502759393985292e-03 0.0
    3.8827900000000000e+00 6.2702600000000004e+00 -1.7101534099214489e-02 4.0514411698083794e-03 0.0
    4.1001200000000004e+00 6.2702600000000004e+00 -1.6511534138483983e-02 5.0586256864546559e-03 0.0
    4.2951800000000002e+00 6.2702600000000004e+00 -1.5899754817276485e-02 5.8624819891063143e-03 0.0
    4.4634000000000000e+00 6.2702600000000004e+00 -1.5325813781301274e-02 6.4748888273732036e-03 0.0
    4.6008399999999998e+00 6.2702600000000004e+00 -1.4834290359246223e-02 6.9188879627762089e-03 0.0
    4.7042599999999997e+00 6.2702600000000004e+00 -1.4455228837322595e-02 7.2199155704070588e-03 0.0
    4.7712399999999997e+00 6.2702600000000004e+00 -1.4206855486966003e-02 7.4000083044085613e-03 0.0
    4.7999999999999998e+00 6.2702600000000004e+00 -1.4099711616926858e-02 7.4738100087905672e-03 0.0
    1.5000000000000000e+00 6.2831900000000003e+00 -0.0000000000000000e+00 -0.0000000000000000e+00 0.0
    1.5287599999999999e+00 6.2831900000000003e+00 -0.0000000000000000e+00 -0.0000000000000000e+00 0.0
    1.5957399999999999e+00 6.2831900000000003e+00 -0.0000000000000000e+00 -0.0000000000000000e+00 0.0
    1.6991600000000000e+00 6.2831900000000003e+00 -0.0000000000000000e+00 -0.0000000000000000e+00 0.0
    1.8366000000000000e+00 6.2831900000000003e+00 -0.0000000000000000e+00 -0.0000000000000000e+00 0.0
    2.0048200000000000e+00 6.2831900000000003e+00 -0.0000000000000000e+00 -0.0000000000000000e+00 0.0
    2.1998799999999998e+00 6.2831900000000003e+00 -0.0000000000000000e+00 -0.0000000000000000e+00 0.0
    2.4172099999999999e+00 6.2831900000000003e+00 -0.0000000000000000e+00 -0.0000000000000000e+00 0.0
    2.6517200000000001e+00 6.2831900000000003e+00 -0.0000000000000000e+00 -0.0000000000000000e+00 0.0
    2.8978999999999999e+00 6.2831900000000003e+00 -0.0000000000000000e+00 -0.0000000000000000e+00 0.0
    3.1499999999999999e+00 6.2831900000000003e+00 -0.0000000000000000e+00 0.0000000000000000e+00 0.0
    3.4020999999999999e+00 6.2831900000000003e+00 -0.0000000000000000e+00 0.0000000000000000e+00 0.0
    3.6482800000000002e+00 6.2831900000000003e+00 -0.0000000000000000e+00 0.0000000000000000e+00 0.0
    3.8827900000000000e+00 6.2831900000000003e+00 -0.0000000000000000e+00 0.0000000000000000e+00 0.0
    4.1001200000000004e+00 6.2831900000000003e+00 -0.0000000000000000e+00 0.0000000000000000e+00 0.0
    4.2951800000000002e+00 6.2831900000000003e+00 -0.0000000000000000e+00 0.0000000000000000e+00 0.0
    4.4634000000000000e+00 6.2831900000000003e+00 -0.0000000000000000e+00 0.0000000000000000e+00 0.0
    4.6008399999999998e+00 6.2831900000000003e+00 -0.0000000000000000e+00 0.0000000000000000e+00 0.0
    4.7042599999999997e+00 6.2831900000000003e+00 -0.0000000000000000e+00 0.0000000000000000e+00 0.0
    4.7712399999999997e+00 6.2831900000000003e+00 -0.0000000000000000e+00 0.0000000000000000e+00 0.0
    4.7999999999999998e+00 6.2831900000000003e+00 -0.0000000000000000e+00 0.0000000000000000e+00 0.0
    4.7999999999999998e+00 4.7999999999999998e+00 -4.7984273416420448e-01 4.7984273416420453e-01 0.0
    4.8129200000000001e+00 4.7999999999999998e+00 -4.7611902920939103e-01 4.7982828548511908e-01 0.0
    4.8430299999999997e+00 4.7999999999999998e+00 -4.6755392404893920e-01 4.7968534965759629e-01 0.0
    4.8895099999999996e+00 4.7999999999999998e+00 -4.5464191539634635e-01 4.7918051740821954e-01 0.0
    4.9512799999999997e+00 4.7999999999999998e+00 -4.3806028243741829e-01 4.7802016302440442e-01 0.0
    5.0268899999999999e+00 4.7999999999999998e+00 -4.1864856235762643e-01 4.7592470293848632e-01 0.0
    5.1145600000000000e+00 4.7999999999999998e+00 -3.9733117734671797e-01 4.7269534852982653e-01 0.0
    5.2122400000000004e+00 4.7999999999999998e+00 -3.7503218412121520e-01 4.6825612449797760e-01 0.0
    5.3176399999999999e+00 4.7999999999999998e+00 -3.5260681759751733e-01 4.6266626315910975e-01 0.0
    5.4282899999999996e+00 4.7999999999999998e+00 -3.3078557944037124e-01 4.5610417028987432e-01 0.0
    5.5415900000000002e+00 4.7999999999999998e+00 -3.1014612756025001e-01 4.4883416897255290e-01 0.0
    5.6548999999999996e+00 4.7999999999999998e+00 -2.9110277940994089e-01 4.4116468468083203e-01 0.0
    5.7655500000000002e+00 4.7999999999999998e+00 -2.7392935348511493e-01 4.3341519261268152e-01 0.0
    5.8709499999999997e+00 4.7999999999999998e+00 -2.5877580703749109e-01 4.2588550487300209e-01 0.0
    5.9686300000000001e+00 4.7999999999999998e+00 -2.4570149445526060e-01 4.1883998065817246e-01 0.0
    6.0563000000000002e+00 4.7999999999999998e+00 -2.3470356271758269e-01 4.1249949836653521e-01 0.0
    6.1318999999999999e+00 4.7999999999999998e+00 -2.2574240217913136e-01 4.0704062550961068e-01 0.0
    6.1936700000000000e+00 4.7999999999999998e+00 -2.1875920808841051e-01 4.0259712112980844e-01 0.0
    6.2401600000000004e+00 4.7999999999999998e+00 -1.4511422097438967e-01 2.7113132824954284e-01 0.0
    6.2702600000000004e+00 4.7999999999999998e+00 -7.4738100087905690e-03 1.4099711616926858e-02 0.0
    6.2831900000000003e+00 4.7999999999999998e+00 -0.0000000000000000e+00 0.0000000000000000e+00 0.0
    4.7999999999999998e+00 4.8129200000000001e+00 -4.7982828548511913e-01 4.7611902920939109e-01 0.0
    4.8129200000000001e+00 4.8129200000000001e+00 -4.7613336619465779e-01 4.7613336619465785e-01 0.0
    4.8430299999999997e+00 4.8129200000000001e+00 -4.6763278316142293e-01 4.7605747813888089e-01 0.0
    4.8895099999999996e+00 4.8129200000000001e+00 -4.5481358959218066e-01 4.7565580993978879e-01 0.0
    4.9512799999999997e+00 4.8129200000000001e+00 -4.3834329232318064e-01 4.7463132294513016e-01 0.0
    5.0268899999999999e+00 4.8129200000000001e+00 -4.1905067539966551e-01 4.7269921600893250e-01 0.0
    5.1145600000000000e+00 4.8129200000000001e+00 -3.9785011192146835e-01 4.6965382411330919e-01 0.0
    5.2122400000000004e+00 4.8129200000000001e+00 -3.7565764977947236e-01 4.6541122979007632e-01 0.0
    5.3176399999999999e+00 4.8129200000000001e+00 -3.5332324189663722e-01 4.6002245138010478e-01 0.0
    5.4282899999999996e+00 4.8129200000000001e+00 -3.3157492294255275e-01 4.5365828427174570e-01 0.0
    5.5415900000000002e+00 4.8129200000000001e+00 -3.1099027659587697e-01 4.4657669258664312e-01 0.0
    5.6548999999999996e+00 4.8129200000000001e+00 -2.9198526939589603e-01 4.3908138294540561e-01 0.0
    5.7655500000000002e+00 4.8129200000000001e+00 -2.7483634756904518e-01 4.3148869359033720e-01 0.0
    5.8709499999999997e+00 4.8129200000000001e+00 -2.5969648365088677e-01 4.2409675579823758e-01 0.0
    5.9686300000000001e+00 4.8129200000000001e+00 -2.4662799030273680e-01 4.1716934791588434e-01 0.0
    6.0563000000000002e+00 4.8129200000000001e+00 -2.3563065690650808e-01 4.1092752308517361e-01 0.0
    6.1318999999999999e+00 4.8129200000000001e+00 -2.2666707956076398e-01 4.0554846102155534e-01 0.0
    6.1936700000000000e+00 4.8129200000000001e+00 -2.1968019330525285e-01 4.0116673904850719e-01 0.0
    6.2401600000000004e+00 4.8129200000000001e+00 -1.4573714489076547e-01 2.7019025284753828e-01 0.0
    6.2702600000000004e+00 4.8129200000000001e+00 -7.5062818950306790e-03 1.4051501705141486e-02 0.0
    6.2831900000000003e+00 4.8129200000000001e+00 -0.0000000000000000e+00 0.0000000000000000e+00 0.0
    4.7999999999999998e+00 4.8430299999999997e+00 -4.7968534965759635e-01 4.6755392404893920e-01 0.0
    4.8129200000000001e+00 4.8430299999999997e+00 -4.7605747813888094e-01 4.6763278316142293e-01 0.0
    4.8430299999999997e+00 4.8430299999999997e+00 -4.6770732824129513e-01 4.6770732824129518e-01 0.0
    4.8895099999999996e+00 4.8430299999999997e+00 -4.5510491880593879e-01 4.6753751097322038e-01 0.0
    4.9512799999999997e+00 4.8430299999999997e+00 -4.3889534119943735e-01 4.6681903805790792e-01 0.0
    5.0268899999999999e+00 4.8430299999999997e+00 -4.1988260415682443e-01 4.6525577982100869e-01 0.0
    5.1145600000000000e+00 4.8430299999999997e+00 -3.9895778293286710e-01 4.6262689600853835e-01 0.0
    5.2122400000000004e+00 4.8430299999999997e+00 -3.7701818978998641e-01 4.5883071503286488e-01 0.0
    5.3176399999999999e+00 4.8430299999999997e+00 -3.5490123300199394e-01 4.5389969130576890e-01 0.0
    5.4282899999999996e+00 4.8430299999999997e+00 -3.3332886598309547e-01 4.4798724733158657e-01 0.0
    5.5415900000000002e+00 4.8430299999999997e+00 -3.1287814458753405e-01 4.4133668415362953e-01 0.0
    5.6548999999999996e+00 4.8430299999999997e+00 -2.9396856130285415e-01 4.3424070024966649e-01 0.0
    5.7655500000000002e+00 4.8430299999999997e+00 -2.7688243691150527e-01 4.2700820336333639e-01 0.0
    5.8709499999999997e+00 4.8430299999999997e+00 -2.6177960106358250e-01 4.1993322810898415e-01 0.0
    5.9686300000000001e+00 4.8430299999999997e+00 -2.4872916111828602e-01 4.1327800233506029e-01 0.0
    6.0563000000000002e+00 4.8430299999999997e+00 -2.3773701962002552e-01 4.0726379908266896e-01 0.0
    6.1318999999999999e+00 4.8430299999999997e+00 -2.2877090494485336e-01 4.0206906186986607e-01 0.0
    6.1936700000000000e+00 4.8430299999999997e+00 -2.2177782036595828e-01 3.9783014220494306e-01 0.0
    6.2401600000000004e+00 4.8430299999999997e+00 -1.4715695973925227e-01 2.6799444082210450e-01 0.0
    6.2702600000000004e+00 4.8430299999999997e+00 -7.5803280981272909e-03 1.3938994019218370e-02 0.0
    6.2831900000000003e+00 4.8430299999999997e+00 -0.0000000000000000e+00 0.0000000000000000e+00 0.0
    4.7999999999999998e+00 4.8895099999999996e+00 -4.7918051740821954e-01 4.5464191539634630e-01 0.0
    4.8129200000000001e+00 4.8895099999999996e+00 -4.7565580993978879e-01 4.5481358959218066e-01 0.0
    4.8430299999999997e+00 4.8895099999999996e+00 -4.6753751097322038e-01 4.5510491880593879e-01 0.0
    4.8895099999999996e+00 4.8895099999999996e+00 -4.5527022035326942e-01 4.5527022035326953e-01 0.0
    4.9512799999999997e+00 4.8895099999999996e+00 -4.3946544797109860e-01 4.5499580515699511e-01 0.0
    5.0268899999999999e+00 4.8895099999999996e+00 -4.2088979910505053e-01 4.5397021948064997e-01 0.0
    5.1145600000000000e+00 4.8895099999999996e+00 -4.0039879846250453e-01 4.5195143610812899e-01 0.0
    5.2122400000000004e+00 4.8895099999999996e+00 -3.7886073013797883e-01 4.4881239214793733e-01 0.0
    5.3176399999999999e+00 4.8895099999999996e+00 -3.5709307509511584e-01 4.4455845699915991e-01 0.0
    5.4282899999999996e+00 4.8895099999999996e+00 -3.3580755218413955e-01 4.3931724807299205e-01 0.0
    5.5415900000000002e+00 4.8895099999999996e+00 -3.1557946820778127e-01 4.3330989753932719e-01 0.0
    5.6548999999999996e+00 4.8895099999999996e+00 -2.9683290359244241e-01 4.2681212517704303e-01 0.0
    5.7655500000000002e+00 4.8895099999999996e+00 -2.7985856059603420e-01 4.2012108154879174e-01 0.0
    5.8709499999999997e+00 4.8895099999999996e+00 -2.6482637291552874e-01 4.1352401927049542e-01 0.0
    5.9686300000000001e+00 4.8895099999999996e+00 -2.5181564325806094e-01 4.0728025805276197e-01 0.0
    6.0563000000000002e+00 4.8895099999999996e+00 -2.4084156611848762e-01 4.0161091342688249e-01 0.0
    6.1318999999999999e+00 4.8895099999999996e+00 -2.3187975016891885e-01 3.9669594322519774e-01 0.0
    6.1936700000000000e+00 4.8895099999999996e+00 -2.2488349946772859e-01 3.9267407907846735e-01 0.0
    6.2401600000000004e+00 4.8895099999999996e+00 -1.4926194795189313e-01 2.6459958128750982e-01 0.0
    6.2702600000000004e+00 4.8895099999999996e+00 -7.6901996011516675e-03 1.3764996628080567e-02 0.0
    6.2831900000000003e+00 4.8895099999999996e+00 -0.0000000000000000e+00 0.0000000000000000e+00 0.0
    4.7999999999999998e+00 4.9512799999999997e+00 -4.7802016302440448e-01 4.3806028243741824e-01 0.0
    4.8129200000000001e+00 4.9512799999999997e+00 -4.7463132294513005e-01 4.3834329232318070e-01 0.0
    4.8430299999999997e+00 4.9512799999999997e+00 -4.6681903805790792e-01 4.3889534119943735e-01 0.0
    4.8895099999999996e+00 4.9512799999999997e+00 -4.5499580515699511e-01 4.3946544797109871e-01 0.0
    4.9512799999999997e+00 4.9512799999999997e+00 -4.3973049656230295e-01 4.3973049656230306e-01 0.0
    5.0268899999999999e+00 4.9512799999999997e+00 -4.2174173096844847e-01 4.3936239474873012e-01 0.0
    5.1145600000000000e+00 4.9512799999999997e+00 -4.0183876718084083e-01 4.3809488293223831e-01 0.0
    5.2122400000000004e+00 4.9512799999999997e+00 -3.8085134669176668e-01 4.3577076005332499e-01 0.0
    5.3176399999999999e+00 4.9512799999999997e+00 -3.5956963877851428e-01 4.3236228615166800e-01 0.0
    5.4282899999999996e+00 4.9512799999999997e+00 -3.3869035386201551e-01 4.2796471720228890e-01 0.0
    5.5415900000000002e+00 4.9512799999999997e+00 -3.1878484060447460e-01 4.2277069187901406e-01 0.0
    5.6548999999999996e+00 4.9512799999999997e+00 -3.0028172676143672e-01 4.1703351209219935e-01 0.0
    5.7655500000000002e+00 4.9512799999999997e+00 -2.8348156709289035e-01 4.1103428281177734e-01 0.0
    5.8709499999999997e+00 4.9512799999999997e+00 -2.6856678773311954e-01 4.0505048375081365e-01 0.0
    5.9686300000000001e+00 4.9512799999999997e+00 -2.5562963906528768e-01 3.9933667985271926e-01 0.0
    6.0563000000000002e+00 4.9512799999999997e+00 -2.4469733628474355e-01 3.9411289752947370e-01 0.0
    6.1318999999999999e+00 4.9512799999999997e+00 -2.3575582814572640e-01 3.8956032171061422e-01 0.0
    6.1936700000000000e+00 4.9512799999999997e+00 -2.2876678536689349e-01 3.8582019408733581e-01 0.0
    6.2401600000000004e+00 4.9512799999999997e+00 -1.5189930249246114e-01 2.6008372085889503e-01 0.0
    6.2702600000000004e+00 4.9512799999999997e+00 -7.8280297886390397e-03 1.3533443351429532e-02 0.0
    6.2831900000000003e+00 4.9512799999999997e+00 -0.0000000000000000e+00 0.0000000000000000e+00 0.0
    4.7999999999999998e+00 5.0268899999999999e+00 -4.7592470293848632e-01 4.1864856235762643e-01 0.0
    4.8129200000000001e+00 5.0268899999999999e+00 -4.7269921600893244e-01 4.1905067539966556e-01 0.0
    4.8430299999999997e+00 5.0268899999999999e+00 -4.6525577982100869e-01 4.1988260415682443e-01 0.0
    4.8895099999999996e+00 5.0268899999999999e+00 -4.5397021948065003e-01 4.2088979910505048e-01 0.0
    4.9512799999999997e+00 5.0268899999999999e+00 -4.3936239474873018e-01 4.2174173096844847e-01 0.0
    5.0268899999999999e+00 5.0268899999999999e+00 -4.2209507002951591e-01 4.2209507002951596e-01 0.0
    5.1145600000000000e+00 5.0268899999999999e+00 -4.0292273159416236e-01 4.2165942368473430e-01 0.0
    5.2122400000000004e+00 5.0268899999999999e+00 -3.8262841561531058e-01 4.2024591768697955e-01 0.0
    5.3176399999999999e+00 5.0268899999999999e+00 -3.6196799971821109e-01 4.1779059773886895e-01 0.0
    5.4282899999999996e+00 5.0268899999999999e+00 -3.4161800050309610e-01 4.1435213215773575e-01 0.0
    5.5415900000000002e+00 5.0268899999999999e+00 -3.2214263833577517e-01 4.1008994079558941e-01 0.0
    5.6548999999999996e+00 5.0268899999999999e+00 -3.0397383346993567e-01 4.0523033156077748e-01 0.0
    5.7655500000000002e+00 5.0268899999999999e+00 -2.8742223522284627e-01 4.0003434316113079e-01 0.0
    5.8709499999999997e+00 5.0268899999999999e+00 -2.7268406658449590e-01 3.9476651351498160e-01 0.0
    5.9686300000000001e+00 5.0268899999999999e+00 -2.5986640920933907e-01 3.8967436373427744e-01 0.0
    6.0563000000000002e+00 5.0268899999999999e+00 -2.4901058384405397e-01 3.8497533529453098e-01 0.0
    6.1318999999999999e+00 5.0268899999999999e+00 -2.4011489273844958e-01 3.8085097245029320e-01 0.0
    6.1936700000000000e+00 5.0268899999999999e+00 -2.3315115115895912e-01 3.7744462330924577e-01 0.0
    6.2401600000000004e+00 5.0268899999999999e+00 -1.5488515422639457e-01 2.5456041841009025e-01 0.0
    6.2702600000000004e+00 5.0268899999999999e+00 -7.9843365853955583e-03 1.3250076018533887e-02 0.0
    6.2831900000000003e+00 5.0268899999999999e+00 -0.0000000000000000e+00 0.0000000000000000e+00 0.0
    4.7999999999999998e+00 5.1145600000000000e+00 -4.7269534852982653e-01 3.9733117734671797e-01 0.0
    4.8129200000000001e+00 5.1145600000000000e+00 -4.6965382411330925e-01 3.9785011192146835e-01 0.0
    4.8430299999999997e+00 5.1145600000000000e+00 -4.6262689600853835e-01 3.9895778293286704e-01 0.0
    4.8895099999999996e+00 5.1145600000000000e+00 -4.5195143610812899e-01 4.0039879846250453e-01 0.0
    4.9512799999999997e+00 5.1145600000000000e+00 -4.3809488293223831e-01 4.0183876718084083e-01 0.0
    5.0268899999999999e+00 5.1145600000000000e+00 -4.2165942368473425e-01 4.0292273159416242e-01 0.0
    5.1145600000000000e+00 5.1145600000000000e+00 -4.0333901972953601e-01 4.0333901972953606e-01 0.0
    5.2122400000000004e+00 5.1145600000000000e+00 -3.8386378215794797e-01 4.0286856412223726e-01 0.0
    5.3176399999999999e+00 5.1145600000000000e+00 -3.6394927261963284e-01 4.0141102707698617e-01 0.0
    5.4282899999999996e+00 5.1145600000000000e+00 -3.4424665125861770e-01 3.9898678778235275e-01 0.0
    5.5415900000000002e+00 5.1145600000000000e+00 -3.2530915526798310e-01 3.9571922506809637e-01 0.0
    5.6548999999999996e+00 5.1145600000000000e+00 -3.0756964350303723e-01 3.9180427692097791e-01 0.0
    5.7655500000000002e+00 5.1145600000000000e+00 -2.9134785884034015e-01 3.8747947651336745e-01 0.0
    5.8709499999999997e+00 5.1145600000000000e+00 -2.7685393778652767e-01 3.8299332746440046e-01 0.0
    5.9686300000000001e+00 5.1145600000000000e+00 -2.6421065803915139e-01 3.7858376062601068e-01 0.0
    6.0563000000000002e+00 5.1145600000000000e+00 -2.5347472371468055e-01 3.7446369332200258e-01 0.0
    6.1318999999999999e+00 5.1145600000000000e+00 -2.4465820385136022e-01 3.7081365065032257e-01 0.0
    6.1936700000000000e+00 5.1145600000000000e+00 -2.3774441595586152e-01 3.6777818319936112e-01 0.0
    6.2401600000000004e+00 5.1145600000000000e+00 -1.5802448142415434e-01 2.4817922048492241e-01 0.0
    6.2702600000000004e+00 5.1145600000000000e+00 -8.1490386927121853e-03 1.2922480095228624e-02 0.0
    6.2831900000000003e+00 5.1145600000000000e+00 -0.0000000000000000e+00 0.0000000000000000e+00 0.0
    4.7999999999999998e+00 5.2122400000000004e+00 -4.6825612449797760e-01 3.7503218412121514e-01 0.0
    4.8129200000000001e+00 5.2122400000000004e+00 -4.6541122979007632e-01 3.7565764977947236e-01 0.0
    4.8430299999999997e+00 5.2122400000000004e+00 -4.5883071503286482e-01 3.7701818978998647e-01 0.0
    4.8895099999999996e+00 5.2122400000000004e+00 -4.4881239214793733e-01 3.7886073013797888e-01 0.0
    4.9512799999999997e+00 5.2122400000000004e+00 -4.3577076005332493e-01 3.8085134669176668e-01 0.0
    5.0268899999999999e+00 5.2122400000000004e+00 -4.2024591768697961e-01 3.8262841561531058e-01 0.0
    5.1145600000000000e+00 5.2122400000000004e+00 -4.0286856412223726e-01 3.8386378215794797e-01 0.0
    5.2122400000000004e+00 5.2122400000000004e+00 -3.8431204465554075e-01 3.8431204465554081e-01 0.0
    5.3176399999999999e+00 5.2122400000000004e+00 -3.6524707489041291e-01 3.8383886540471268e-01 0.0
    5.4282899999999996e+00 5.2122400000000004e+00 -3.4629485964322176e-01 3.8242704050715537e-01 0.0
    5.5415900000000002e+00 5.2122400000000004e+00 -3.2799357073595758e-01 3.8016309284659872e-01 0.0
    5.6548999999999996e+00 5.2122400000000004e+00 -3.1077387404548468e-01 3.7721066412635879e-01 0.0
    5.7655500000000002e+00 5.2122400000000004e+00 -2.9496254202528338e-01 3.7378123822236986e-01 0.0
    5.8709499999999997e+00 5.2122400000000004e+00 -2.8078260881243228e-01 3.7010458465321672e-01 0.0
    5.9686300000000001e+00 5.2122400000000004e+00 -2.6837236086433225e-01 3.6640651930569823e-01 0.0
    6.0563000000000002e+00 5.2122400000000004e+00 -2.5780427077898549e-01 3.6289327744685590e-01 0.0
    6.1318999999999999e+00 5.2122400000000004e+00 -2.4910487981696808e-01 3.5974264446078308e-01 0.0
    6.1936700000000000e+00 5.2122400000000004e+00 -2.4226983632862897e-01 3.5709908809871888e-01 0.0
    6.2401600000000004e+00 5.2122400000000004e+00 -1.6113159436342397e-01 2.4112125980075549e-01 0.0
    6.2702600000000004e+00 5.2122400000000004e+00 -8.3125057300635664e-03 1.2559871814766024e-02 0.0
    6.2831900000000003e+00 5.2122400000000004e+00 -0.0000000000000000e+00 0.0000000000000000e+00 0.0
    4.7999999999999998e+00 5.3176399999999999e+00 -4.6266626315910975e-01 3.5260681759751744e-01 0.0
    4.8129200000000001e+00 5.3176399999999999e+00 -4.6002245138010478e-01 3.5332324189663711e-01 0.0
    4.8430299999999997e+00 5.3176399999999999e+00 -4.5389969130576890e-01 3.5490123300199394e-01 0.0
    4.8895099999999996e+00 5.3176399999999999e+00 -4.4455845699915997e-01 3.5709307509511579e-01 0.0
    4.9512799999999997e+00 5.3176399999999999e+00 -4.3236228615166800e-01 3.5956963877851422e-01 0.0
    5.0268899999999999e+00 5.3176399999999999e+00 -4.1779059773886884e-01 3.6196799971821109e-01 0.0
    5.1145600000000000e+00 5.3176399999999999e+00 -4.0141102707698612e-01 3.6394927261963289e-01 0.0
    5.2122400000000004e+00 5.3176399999999999e+00 -3.8383886540471274e-01 3.6524707489041291e-01 0.0
    5.3176399999999999e+00 5.3176399999999999e+00 -3.6569733501996388e-01 3.6569733501996393e-01 0.0
    5.4282899999999996e+00 5.3176399999999999e+00 -3.4757416075035891e-01 3.6524798616159015e-01 0.0
    5.5415900000000002e+00 5.3176399999999999e+00 -3.2998866539063088e-01 3.6394976542650337e-01 0.0
    5.6548999999999996e+00 5.3176399999999999e+00 -3.1336586556279683e-01 3.6193363776410342e-01 0.0
    5.7655500000000002e+00 5.3176399999999999e+00 -2.9803677358702890e-01 3.5938362409448166e-01 0.0
    5.8709499999999997e+00 5.3176399999999999e+00 -2.8423538120545028e-01 3.5650875293802492e-01 0.0
    5.9686300000000001e+00 5.3176399999999999e+00 -2.7211434252967182e-01 3.5352052890499241e-01 0.0
    6.0563000000000002e+00 5.3176399999999999e+00 -2.6176140810202753e-01 3.5061640568634700e-01 0.0
    6.1318999999999999e+00 5.3176399999999999e+00 -2.5321755571506427e-01 3.4796959649978720e-01 0.0
    6.1936700000000000e+00 5.3176399999999999e+00 -2.4649100548891328e-01 3.4572299871492240e-01 0.0
    6.2401600000000004e+00 5.3176399999999999e+00 -1.6404665237501226e-01 2.3359307929382611e-01 0.0
    6.2702600000000004e+00 5.3176399999999999e+00 -8.4664085427113740e-03 1.2172793938811722e-02 0.0
    6.2831900000000003e+00 5.3176399999999999e+00 -0.0000000000000000e+00 0.0000000000000000e+00 0.0
    4.7999999999999998e+00 5.4282899999999996e+00 -4.5610417028987427e-01 3.3078557944037129e-01 0.0
    4.8129200000000001e+00 5.4282899999999996e+00 -4.5365828427174570e-01 3.3157492294255275e-01 0.0
    4.8430299999999997e+00 5.4282899999999996e+00 -4.4798724733158662e-01 3.3332886598309536e-01 0.0
    4.8895099999999996e+00 5.4282899999999996e+00 -4.3931724807299216e-01 3.3580755218413955e-01 0.0
    4.9512799999999997e+00 5.4282899999999996e+00 -4.2796471720228885e-01 3.3869035386201546e-01 0.0
    5.0268899999999999e+00 5.4282899999999996e+00 -4.1435213215773575e-01 3.4161800050309615e-01 0.0
    5.1145600000000000e+00 5.4282899999999996e+00 -3.9898678778235275e-01 3.4424665125861770e-01 0.0
    5.2122400000000004e+00 5.4282899999999996e+00 -3.8242704050715537e-01 3.4629485964322176e-01 0.0
    5.3176399999999999e+00 5.4282899999999996e+00 -3.6524798616159015e-01 3.4757416075035891e-01 0.0
    5.4282899999999996e+00 5.4282899999999996e+00 -3.4800176626291668e-01 3.4800176626291673e-01 0.0
    5.5415900000000002e+00 5.4282899999999996e+00 -3.3118583383238553e-01 3.4759524412540743e-01 0.0
    5.6548999999999996e+00 5.4282899999999996e+00 -3.1521625458986985e-01 3.4645395010945723e-01 0.0
    5.7655500000000002e+00 5.4282899999999996e+00 -3.0042518814534619e-01 3.4473424334802083e-01 0.0
    5.8709499999999997e+00 5.4282899999999996e+00 -2.8705504399168624e-01 3.4262330096842986e-01 0.0
    5.9686300000000001e+00 5.4282899999999996e+00 -2.7527096858743438e-01 3.4031670601308689e-01 0.0
    6.0563000000000002e+00 5.4282899999999996e+00 -2.6517475225750242e-01 3.3800135365565726e-01 0.0
    6.1318999999999999e+00 5.4282899999999996e+00 -2.5682109181205737e-01 3.3584418102565983e-01 0.0
    6.1936700000000000e+00 5.4282899999999996e+00 -2.5023044572682102e-01 3.3398502691398868e-01 0.0
    6.2401600000000004e+00 5.4282899999999996e+00 -1.6664820615207299e-01 2.2581505625625511e-01 0.0
    6.2702600000000004e+00 5.4282899999999996e+00 -8.6043716410957542e-03 1.1772531521119423e-02 0.0
    6.2831900000000003e+00 5.4282899999999996e+00 -0.0000000000000000e+00 0.0000000000000000e+00 0.0
    4.7999999999999998e+00 5.5415900000000002e+00 -4.4883416897255285e-01 3.1014612756025006e-01 0.0
    4.8129200000000001e+00 5.5415900000000002e+00 -4.4657669258664312e-01 3.1099027659587697e-01 0.0
    4.8430299999999997e+00 5.5415900000000002e+00 -4.4133668415362953e-01 3.1287814458753410e-01 0.0
    4.8895099999999996e+00 5.5415900000000002e+00 -4.3330989753932730e-01 3.1557946820778127e-01 0.0
    4.9512799999999997e+00 5.5415900000000002e+00 -4.2277069187901400e-01 3.1878484060447465e-01 0.0
    5.0268899999999999e+00 5.5415900000000002e+00 -4.1008994079558947e-01 3.2214263833577517e-01 0.0
    5.1145600000000000e+00 5.5415900000000002e+00 -3.9571922506809637e-01 3.2530915526798310e-01 0.0
    5.2122400000000004e+00 5.5415900000000002e+00 -3.8016309284659866e-01 3.2799357073595764e-01 0.0
    5.3176399999999999e+00 5.5415900000000002e+00 -3.6394976542650337e-01 3.2998866539063088e-01 0.0
    5.4282899999999996e+00 5.5415900000000002e+00 -3.4759524412540738e-01 3.3118583383238553e-01 0.0
    5.5415900000000002e+00 5.5415900000000002e+00 -3.3157316471610088e-01 3.3157316471610093e-01 0.0
    5.6548999999999996e+00 5.5415900000000002e+00 -3.1628789894604931e-01 3.3122065788562988e-01 0.0
    5.7655500000000002e+00 5.5415900000000002e+00 -3.0206977435779930e-01 3.3025794996822755e-01 0.0
    5.8709499999999997e+00 5.5415900000000002e+00 -2.8916684670996462e-01 3.2885022084987725e-01 0.0
    5.9686300000000001e+00 5.5415900000000002e+00 -2.7775443711465803e-01 3.2717626460244992e-01 0.0
    6.0563000000000002e+00 5.5415900000000002e+00 -2.6794659994484693e-01 3.2541116117192420e-01 0.0
    6.1318999999999999e+00 5.5415900000000002e+00 -2.5981048984132743e-01 3.2371419810485319e-01 0.0
    6.1936700000000000e+00 5.5415900000000002e+00 -2.5337797752189750e-01 3.2222085013157370e-01 0.0
    6.2401600000000004e+00 5.5415900000000002e+00 -1.6885907794514454e-01 2.1800908482185130e-01 0.0
    6.2702600000000004e+00 5.5415900000000002e+00 -8.7222865462371589e-03 1.1370484698269751e-02 0.0
    6.2831900000000003e+00 5.5415900000000002e+00 -0.0000000000000000e+00 0.0000000000000000e+00 0.0
    4.7999999999999998e+00 5.6548999999999996e+00 -4.4116468468083203e-01 2.9110277940994095e-01 0.0
    4.8129200000000001e+00 5.6548999999999996e+00 -4.3908138294540572e-01 2.9198526939589609e-01 0.0
    4.8430299999999997e+00 5.6548999999999996e+00 -4.3424070024966649e-01 2.9396856130285420e-01 0.0
    4.8895099999999996e+00 5.6548999999999996e+00 -4.2681212517704309e-01 2.9683290359244241e-01 0.0
    4.9512799999999997e+00 5.6548999999999996e+00 -4.1703351209219935e-01 3.0028172676143666e-01 0.0
    5.0268899999999999e+00 5.6548999999999996e+00 -4.0523033156077742e-01 3.0397383346993573e-01 0.0
    5.1145600000000000e+00 5.6548999999999996e+00 -3.9180427692097791e-01 3.0756964350303723e-01 0.0
    5.2122400000000004e+00 5.6548999999999996e+00 -3.7721066412635879e-01 3.1077387404548473e-01 0.0
    5.3176399999999999e+00 5.6548999999999996e+00 -3.6193363776410342e-01 3.1336586556279683e-01 0.0
    5.4282899999999996e+00 5.6548999999999996e+00 -3.4645395010945723e-01 3.1521625458986985e-01 0.0
    5.5415900000000002e+00 5.6548999999999996e+00 -3.3122065788562988e-01 3.1628789894604931e-01 0.0
    5.6548999999999996e+00 5.6548999999999996e+00 -3.1662451335133895e-01 3.1662451335133901e-01 0.0
    5.7655500000000002e+00 5.6548999999999996e+00 -3.0299147749216510e-01 3.1633087548994437e-01 0.0
    5.8709499999999997e+00 5.6548999999999996e+00 -2.9057258952697029e-01 3.1555091462396606e-01 0.0
    5.9686300000000001e+00 5.6548999999999996e+00 -2.7955089092024227e-01 3.1444654390660537e-01 0.0
    6.0563000000000002e+00 5.6548999999999996e+00 -2.7005063646231414e-01 3.1318038962632733e-01 0.0
    6.1318999999999999e+00 5.6548999999999996e+00 -2.6214982279733950e-01 3.1190317495020503e-01 0.0
    6.1936700000000000e+00 5.6548999999999996e+00 -2.5589054751052281e-01 3.1074502063302445e-01 0.0
    6.2401600000000004e+00 5.6548999999999996e+00 -1.7064666597510381e-01 2.1038421254744763e-01 0.0
    6.2702600000000004e+00 5.6548999999999996e+00 -8.8183411024842229e-03 1.0977430156425591e-02 0.0
    6.2831900000000003e+00 5.6548999999999996e+00 -0.0000000000000000e+00 0.0000000000000000e+00 0.0
    4.7999999999999998e+00 5.7655500000000002e+00 -4.3341519261268152e-01 2.7392935348511493e-01 0.0
    4.8129200000000001e+00 5.7655500000000002e+00 -4.3148869359033720e-01 2.7483634756904513e-01 0.0
    4.8430299999999997e+00 5.7655500000000002e+00 -4.2700820336333639e-01 2.7688243691150527e-01 0.0
    4.8895099999999996e+00 5.7655500000000002e+00 -4.2012108154879174e-01 2.7985856059603420e-01 0.0
    4.9512799999999997e+00 5.7655500000000002e+00 -4.1103428281177734e-01 2.8348156709289035e-01 0.0
    5.0268899999999999e+00 5.7655500000000002e+00 -4.0003434316113085e-01 2.8742223522284621e-01 0.0
    5.1145600000000000e+00 5.7655500000000002e+00 -3.8747947651336739e-01 2.9134785884034020e-01 0.0
    5.2122400000000004e+00 5.7655500000000002e+00 -3.7378123822236986e-01 2.9496254202528338e-01 0.0
    5.3176399999999999e+00 5.7655500000000002e+00 -3.5938362409448166e-01 2.9803677358702890e-01 0.0
    5.4282899999999996e+00 5.7655500000000002e+00 -3.4473424334802089e-01 3.0042518814534613e-01 0.0
    5.5415900000000002e+00 5.7655500000000002e+00 -3.3025794996822755e-01 3.0206977435779930e-01 0.0
    5.6548999999999996e+00 5.7655500000000002e+00 -3.1633087548994437e-01 3.0299147749216510e-01 0.0
    5.7655500000000002e+00 5.7655500000000002e+00 -3.0327273290023671e-01 3.0327273290023676e-01 0.0
    5.8709499999999997e+00 5.7655500000000002e+00 -2.9133524684207623e-01 3.0303769888809146e-01 0.0
    5.9686300000000001e+00 5.7655500000000002e+00 -2.8070684727805933e-01 3.0243202761424781e-01 0.0
    6.0563000000000002e+00 5.7655500000000002e+00 -2.7151987076230150e-01 3.0160587903226888e-01 0.0
    6.1318999999999999e+00 5.7655500000000002e+00 -2.6386137776883706e-01 3.0070100699446450e-01 0.0
    6.1936700000000000e+00 5.7655500000000002e+00 -2.5778229602265063e-01 2.9984157595881311e-01 0.0
    6.2401600000000004e+00 5.7655500000000002e+00 -1.7201664743642672e-01 2.0313027096826272e-01 0.0
    6.2702600000000004e+00 5.7655500000000002e+00 -8.8927048188411923e-03 1.0603188815563783e-02 0.0
    6.2831900000000003e+00 5.7655500000000002e+00 -0.0000000000000000e+00 0.0000000000000000e+00 0.0
    4.7999999999999998e+00 5.8709499999999997e+00 -4.2588550487300203e-01 2.5877580703749115e-01 0.0
    4.8129200000000001e+00 5.8709499999999997e+00 -4.2409675579823758e-01 2.5969648365088682e-01 0.0
    4.8430299999999997e+00 5.8709499999999997e+00 -4.1993322810898415e-01 2.6177960106358250e-01 0.0
    4.8895099999999996e+00 5.8709499999999997e+00 -4.1352401927049542e-01 2.6482637291552880e-01 0.0
    4.9512799999999997e+00 5.8709499999999997e+00 -4.0505048375081365e-01 2.6856678773311954e-01 0.0
    5.0268899999999999e+00 5.8709499999999997e+00 -3.9476651351498160e-01 2.7268406658449584e-01 0.0
    5.1145600000000000e+00 5.8709499999999997e+00 -3.8299332746440046e-01 2.7685393778652767e-01 0.0
    5.2122400000000004e+00 5.8709499999999997e+00 -3.7010458465321672e-01 2.8078260881243222e-01 0.0
    5.3176399999999999e+00 5.8709499999999997e+00 -3.5650875293802498e-01 2.8423538120545028e-01 0.0
    5.4282899999999996e+00 5.8709499999999997e+00 -3.4262330096842980e-01 2.8705504399168630e-01 0.0
    5.5415900000000002e+00 5.8709499999999997e+00 -3.2885022084987725e-01 2.8916684670996462e-01 0.0
    5.6548999999999996e+00 5.8709499999999997e+00 -3.1555091462396606e-01 2.9057258952697024e-01 0.0
    5.7655500000000002e+00 5.8709499999999997e+00 -3.0303769888809140e-01 2.9133524684207623e-01 0.0
    5.8709499999999997e+00 5.8709499999999997e+00 -2.9156120451069595e-01 2.9156120451069600e-01 0.0
    5.9686300000000001e+00 5.8709499999999997e+00 -2.8131322855778224e-01 2.9138104771003270e-01 0.0
    6.0563000000000002e+00 5.8709499999999997e+00 -2.7243220637098048e-01 2.9093301188744225e-01 0.0
    6.1318999999999999e+00 5.8709499999999997e+00 -2.6501249444698621e-01 2.9034996464556517e-01 0.0
    6.1936700000000000e+00 5.8709499999999997e+00 -2.5911238639721251e-01 2.8974990971312820e-01 0.0
    6.2401600000000004e+00 5.8709499999999997e+00 -1.7300520133363553e-01 1.9640823812117958e-01 0.0
    6.2702600000000004e+00 5.8709499999999997e+00 -8.9471382920756886e-03 1.0256121081048973e-02 0.0
    6.2831900000000003e+00 5.8709499999999997e+00 -0.0000000000000000e+00 0.0000000000000000e+00 0.0
    4.7999999999999998e+00 5.9686300000000001e+00 -4.1883998065817246e-01 2.4570149445526060e-01 0.0
    4.8129200000000001e+00 5.9686300000000001e+00 -4.1716934791588439e-01 2.4662799030273680e-01 0.0
    4.8430299999999997e+00 5.9686300000000001e+00 -4.1327800233506029e-01 2.4872916111828602e-01 0.0
    4.8895099999999996e+00 5.9686300000000001e+00 -4.0728025805276197e-01 2.5181564325806094e-01 0.0
    4.9512799999999997e+00 5.9686300000000001e+00 -3.9933667985271926e-01 2.5562963906528768e-01 0.0
    5.0268899999999999e+00 5.9686300000000001e+00 -3.8967436373427744e-01 2.5986640920933907e-01 0.0
    5.1145600000000000e+00 5.9686300000000001e+00 -3.7858376062601068e-01 2.6421065803915139e-01 0.0
    5.2122400000000004e+00 5.9686300000000001e+00 -3.6640651930569823e-01 2.6837236086433225e-01 0.0
    5.3176399999999999e+00 5.9686300000000001e+00 -3.5352052890499241e-01 2.7211434252967187e-01 0.0
    5.4282899999999996e+00 5.9686300000000001e+00 -3.4031670601308689e-01 2.7527096858743444e-01 0.0
    5.5415900000000002e+00 5.9686300000000001e+00 -3.2717626460244986e-01 2.7775443711465803e-01 0.0
    5.6548999999999996e+00 5.9686300000000001e+00 -3.1444654390660537e-01 2.7955089092024227e-01 0.0
    5.7655500000000002e+00 5.9686300000000001e+00 -3.0243202761424781e-01 2.8070684727805933e-01 0.0
    5.8709499999999997e+00 5.9686300000000001e+00 -2.9138104771003270e-01 2.8131322855778224e-01 0.0
    5.9686300000000001e+00 5.9686300000000001e+00 -2.8148716056756634e-01 2.8148716056756640e-01 0.0
    6.0563000000000002e+00 5.9686300000000001e+00 -2.7289317785415923e-01 2.8135594009281650e-01 0.0
    6.1318999999999999e+00 5.9686300000000001e+00 -2.6569912049413241e-01 2.8104405233882918e-01 0.0
    6.1936700000000000e+00 5.9686300000000001e+00 -2.5996922950923268e-01 2.8066349995565804e-01 0.0
    6.2401600000000004e+00 5.9686300000000001e+00 -1.7366863594097465e-01 1.9034908226650069e-01 0.0
    6.2702600000000004e+00 5.9686300000000001e+00 -8.9844623240822909e-03 9.9430571492458483e-03 0.0
    6.2831900000000003e+00 5.9686300000000001e+00 -0.0000000000000000e+00 0.0000000000000000e+00 0.0
    4.7999999999999998e+00 6.0563000000000002e+00 -4.1249949836653521e-01 2.3470356271758266e-01 0.0
    4.8129200000000001e+00 6.0563000000000002e+00 -4.1092752308517361e-01 2.3563065690650811e-01 0.0
    4.8430299999999997e+00 6.0563000000000002e+00 -4.0726379908266902e-01 2.3773701962002552e-01 0.0
    4.8895099999999996e+00 6.0563000000000002e+00 -4.0161091342688249e-01 2.4084156611848762e-01 0.0
    4.9512799999999997e+00 6.0563000000000002e+00 -3.9411289752947370e-01 2.4469733628474355e-01 0.0
    5.0268899999999999e+00 6.0563000000000002e+00 -3.8497533529453104e-01 2.4901058384405392e-01 0.0
    5.1145600000000000e+00 6.0563000000000002e+00 -3.7446369332200263e-01 2.5347472371468055e-01 0.0
    5.2122400000000004e+00 6.0563000000000002e+00 -3.6289327744685590e-01 2.5780427077898549e-01 0.0
    5.3176399999999999e+00 6.0563000000000002e+00 -3.5061640568634700e-01 2.6176140810202753e-01 0.0
    5.4282899999999996e+00 6.0563000000000002e+00 -3.3800135365565720e-01 2.6517475225750248e-01 0.0
    5.5415900000000002e+00 6.0563000000000002e+00 -3.2541116117192420e-01 2.6794659994484699e-01 0.0
    5.6548999999999996e+00 6.0563000000000002e+00 -3.1318038962632727e-01 2.7005063646231420e-01 0.0
    5.7655500000000002e+00 6.0563000000000002e+00 -3.0160587903226888e-01 2.7151987076230144e-01 0.0
    5.8709499999999997e+00 6.0563000000000002e+00 -2.9093301188744225e-01 2.7243220637098053e-01 0.0
    5.9686300000000001e+00 6.0563000000000002e+00 -2.8135594009281645e-01 2.7289317785415923e-01 0.0
    6.0563000000000002e+00 6.0563000000000002e+00 -2.7302045141498116e-01 2.7302045141498121e-01 0.0
    6.1318999999999999e+00 6.0563000000000002e+00 -2.6603081137999357e-01 2.7293096530628652e-01 0.0
    6.1936700000000000e+00 6.0563000000000002e+00 -2.6045591186057926e-01 2.7273118493605747e-01 0.0
    6.2401600000000004e+00 6.0563000000000002e+00 -1.7407371848698583e-01 1.8505430421214805e-01 0.0
    6.2702600000000004e+00 6.0563000000000002e+00 -9.0080600481936227e-03 9.6693149526646590e-03 0.0
    6.2831900000000003e+00 6.0563000000000002e+00 -0.0000000000000000e+00 0.0000000000000000e+00 0.0
    4.7999999999999998e+00 6.1318999999999999e+00 -4.0704062550961062e-01 2.2574240217913139e-01 0.0
    4.8129200000000001e+00 6.1318999999999999e+00 -4.0554846102155534e-01 2.2666707956076401e-01 0.0
    4.8430299999999997e+00 6.1318999999999999e+00 -4.0206906186986607e-01 2.2877090494485333e-01 0.0
    4.8895099999999996e+00 6.1318999999999999e+00 -3.9669594322519769e-01 2.3187975016891890e-01 0.0
    4.9512799999999997e+00 6.1318999999999999e+00 -3.8956032171061428e-01 2.3575582814572635e-01 0.0
    5.0268899999999999e+00 6.1318999999999999e+00 -3.8085097245029320e-01 2.4011489273844958e-01 0.0
    5.1145600000000000e+00 6.1318999999999999e+00 -3.7081365065032262e-01 2.4465820385136022e-01 0.0
    5.2122400000000004e+00 6.1318999999999999e+00 -3.5974264446078308e-01 2.4910487981696802e-01 0.0
    5.3176399999999999e+00 6.1318999999999999e+00 -3.4796959649978726e-01 2.5321755571506427e-01 0.0
    5.4282899999999996e+00 6.1318999999999999e+00 -3.3584418102565983e-01 2.5682109181205737e-01 0.0
    5.5415900000000002e+00 6.1318999999999999e+00 -3.2371419810485319e-01 2.5981048984132737e-01 0.0
    5.6548999999999996e+00 6.1318999999999999e+00 -3.1190317495020503e-01 2.6214982279733950e-01 0.0
    5.7655500000000002e+00 6.1318999999999999e+00 -3.0070100699446450e-01 2.6386137776883706e-01 0.0
    5.8709499999999997e+00 6.1318999999999999e+00 -2.9034996464556517e-01 2.6501249444698621e-01 0.0
    5.9686300000000001e+00 6.1318999999999999e+00 -2.8104405233882918e-01 2.6569912049413247e-01 0.0
    6.0563000000000002e+00 6.1318999999999999e+00 -2.7293096530628658e-01 2.6603081137999357e-01 0.0
    6.1318999999999999e+00 6.1318999999999999e+00 -2.6611803512932725e-01 2.6611803512932725e-01 0.0
    6.1936700000000000e+00 6.1318999999999999e+00 -2.6067766872608106e-01 2.6606241943290732e-01 0.0
    6.2401600000000004e+00 6.1318999999999999e+00 -1.7428926651303606e-01 1.8059917175249335e-01 0.0
    6.2702600000000004e+00 6.1318999999999999e+00 -9.0214408598202345e-03 9.4388583399542328e-03 0.0
    6.2831900000000003e+00 6.1318999999999999e+00 -0.0000000000000000e+00 0.0000000000000000e+00 0.0
    4.7999999999999998e+00 6.1936700000000000e+00 -4.0259712112980844e-01 2.1875920808841046e-01 0.0
    4.8129200000000001e+00 6.1936700000000000e+00 -4.0116673904850719e-01 2.1968019330525287e-01 0.0
    4.8430299999999997e+00 6.1936700000000000e+00 -3.9783014220494306e-01 2.2177782036595825e-01 0.0
    4.8895099999999996e+00 6.1936700000000000e+00 -3.9267407907846735e-01 2.2488349946772862e-01 0.0
    4.9512799999999997e+00 6.1936700000000000e+00 -3.8582019408733581e-01 2.2876678536689349e-01 0.0
    5.0268899999999999e+00 6.1936700000000000e+00 -3.7744462330924577e-01 2.3315115115895912e-01 0.0
    5.1145600000000000e+00 6.1936700000000000e+00 -3.6777818319936106e-01 2.3774441595586152e-01 0.0
    5.2122400000000004e+00 6.1936700000000000e+00 -3.5709908809871888e-01 2.4226983632862897e-01 0.0
    5.3176399999999999e+00 6.1936700000000000e+00 -3.4572299871492240e-01 2.4649100548891334e-01 0.0
    5.4282899999999996e+00 6.1936700000000000e+00 -3.3398502691398874e-01 2.5023044572682113e-01 0.0
    5.5415900000000002e+00 6.1936700000000000e+00 -3.2222085013157370e-01 2.5337797752189745e-01 0.0
    5.6548999999999996e+00 6.1936700000000000e+00 -3.1074502063302445e-01 2.5589054751052281e-01 0.0
    5.7655500000000002e+00 6.1936700000000000e+00 -2.9984157595881311e-01 2.5778229602265057e-01 0.0
    5.8709499999999997e+00 6.1936700000000000e+00 -2.8974990971312820e-01 2.5911238639721251e-01 0.0
    5.9686300000000001e+00 6.1936700000000000e+00 -2.8066349995565804e-01 2.5996922950923268e-01 0.0
    6.0563000000000002e+00 6.1936700000000000e+00 -2.7273118493605747e-01 2.6045591186057926e-01 0.0
    6.1318999999999999e+00 6.1936700000000000e+00 -2.6606241943290732e-01 2.6067766872608111e-01 0.0
    6.1936700000000000e+00 6.1936700000000000e+00 -2.6073215883452339e-01 2.6073215883452344e-01 0.0
    6.2401600000000004e+00 6.1936700000000000e+00 -1.7437957017116854e-01 1.7703576308410141e-01 0.0
    6.2702600000000004e+00 6.1936700000000000e+00 -9.0278976750887141e-03 9.2544472033135872e-03 0.0
    6.2831900000000003e+00 6.1936700000000000e+00 -0.0000000000000000e+00 0.0000000000000000e+00 0.0
    4.7999999999999998e+00 6.2401600000000004e+00 -2.7113132824954284e-01 1.4511422097438964e-01 0.0
    4.8129200000000001e+00 6.2401600000000004e+00 -2.7019025284753828e-01 1.4573714489076547e-01 0.0
    4.8430299999999997e+00 6.2401600000000004e+00 -2.6799444082210450e-01 1.4715695973925227e-01 0.0
    4.8895099999999996e+00 6.2401600000000004e+00 -2.6459958128750982e-01 1.4926194795189315e-01 0.0
    4.9512799999999997e+00 6.2401600000000004e+00 -2.6008372085889503e-01 1.5189930249246114e-01 0.0
    5.0268899999999999e+00 6.2401600000000004e+00 -2.5456041841009025e-01 1.5488515422639454e-01 0.0
    5.1145600000000000e+00 6.2401600000000004e+00 -2.4817922048492239e-01 1.5802448142415437e-01 0.0
    5.2122400000000004e+00 6.2401600000000004e+00 -2.4112125980075549e-01 1.6113159436342397e-01 0.0
    5.3176399999999999e+00 6.2401600000000004e+00 -2.3359307929382611e-01 1.6404665237501220e-01 0.0
    5.4282899999999996e+00 6.2401600000000004e+00 -2.2581505625625511e-01 1.6664820615207299e-01 0.0
    5.5415900000000002e+00 6.2401600000000004e+00 -2.1800908482185130e-01 1.6885907794514454e-01 0.0
    5.6548999999999996e+00 6.2401600000000004e+00 -2.1038421254744763e-01 1.7064666597510381e-01 0.0
    5.7655500000000002e+00 6.2401600000000004e+00 -2.0313027096826272e-01 1.7201664743642675e-01 0.0
    5.8709499999999997e+00 6.2401600000000004e+00 -1.9640823812117958e-01 1.7300520133363553e-01 0.0
    5.9686300000000001e+00 6.2401600000000004e+00 -1.9034908226650069e-01 1.7366863594097467e-01 0.0
    6.0563000000000002e+00 6.2401600000000004e+00 -1.8505430421214802e-01 1.7407371848698583e-01 0.0
    6.1318999999999999e+00 6.2401600000000004e+00 -1.8059917175249335e-01 1.7428926651303606e-01 0.0
    6.1936700000000000e+00 6.2401600000000004e+00 -1.7703576308410143e-01 1.7437957017116859e-01 0.0
    6.2401600000000004e+00 6.2401600000000004e+00 -1.1788498206256991e-01 1.1788498206256991e-01 0.0
    6.2702600000000004e+00 6.2401600000000004e+00 -6.1355912017743040e-03 6.1951933580377027e-03 0.0
    6.2831900000000003e+00 6.2401600000000004e+00 -0.0000000000000000e+00 0.0000000000000000e+00 0.0
    4.7999999999999998e+00 6.2702600000000004e+00 -1.4099711616926858e-02 7.4738100087905672e-03 0.0
    4.8129200000000001e+00 6.2702600000000004e+00 -1.4051501705141486e-02 7.5062818950306790e-03 0.0
    4.8430299999999997e+00 6.2702600000000004e+00 -1.3938994019218370e-02 7.5803280981272892e-03 0.0
    4.8895099999999996e+00 6.2702600000000004e+00 -1.3764996628080567e-02 7.6901996011516666e-03 0.0
    4.9512799999999997e+00 6.2702600000000004e+00 -1.3533443351429530e-02 7.8280297886390363e-03 0.0
    5.0268899999999999e+00 6.2702600000000004e+00 -1.3250076018533889e-02 7.9843365853955565e-03 0.0
    5.1145600000000000e+00 6.2702600000000004e+00 -1.2922480095228625e-02 8.1490386927121870e-03 0.0
    5.2122400000000004e+00 6.2702600000000004e+00 -1.2559871814766024e-02 8.3125057300635664e-03 0.0
    5.3176399999999999e+00 6.2702600000000004e+00 -1.2172793938811724e-02 8.4664085427113723e-03 0.0
    5.4282899999999996e+00 6.2702600000000004e+00 -1.1772531521119423e-02 8.6043716410957542e-03 0.0
    5.5415900000000002e+00 6.2702600000000004e+00 -1.1370484698269751e-02 8.7222865462371589e-03 0.0
    5.6548999999999996e+00 6.2702600000000004e+00 -1.0977430156425589e-02 8.8183411024842229e-03 0.0
    5.7655500000000002e+00 6.2702600000000004e+00 -1.0603188815563783e-02 8.8927048188411923e-03 0.0
    5.8709499999999997e+00 6.2702600000000004e+00 -1.0256121081048975e-02 8.9471382920756903e-03 0.0
    5.9686300000000001e+00 6.2702600000000004e+00 -9.9430571492458483e-03 8.9844623240822909e-03 0.0
    6.0563000000000002e+00 6.2702600000000004e+00 -9.6693149526646573e-03 9.0080600481936227e-03 0.0
    6.1318999999999999e+00 6.2702600000000004e+00 -9.4388583399542328e-03 9.0214408598202345e-03 0.0
    6.1936700000000000e+00 6.2702600000000004e+00 -9.2544472033135854e-03 9.0278976750887158e-03 0.0
    6.2401600000000004e+00 6.2702600000000004e+00 -6.1951933580377027e-03 6.1355912017743040e-03 0.0
    6.2702600000000004e+00 6.2702600000000004e+00 -2.9228232651307178e-04 2.9228232651307183e-04 0.0
    6.2831900000000003e+00 6.2702600000000004e+00 -0.0000000000000000e+00 0.0000000000000000e+00 0.0
    4.7999999999999998e+00 6.2831900000000003e+00 -0.0000000000000000e+00 0.0000000000000000e+00 0.0
    4.8129200000000001e+00 6.2831900000000003e+00 -0.0000000000000000e+00 0.0000000000000000e+00 0.0
    4.8430299999999997e+00 6.2831900000000003e+00 -0.0000000000000000e+00 0.0000000000000000e+00 0.0
    4.8895099999999996e+00 6.2831900000000003e+00 -0.0000000000000000e+00 0.0000000000000000e+00 0.0
    4.9512799999999997e+00 6.2831900000000003e+00 -0.0000000000000000e+00 0.0000000000000000e+00 0.0
    5.0268899999999999e+00 6.2831900000000003e+00 -0.0000000000000000e+00 0.0000000000000000e+00 0.0
    5.1145600000000000e+00 6.2831900000000003e+00 -0.0000000000000000e+00 0.0000000000000000e+00 0.0
    5.2122400000000004e+00 6.2831900000000003e+00 -0.0000000000000000e+00 0.0000000000000000e+00 0.0
    5.3176399999999999e+00 6.2831900000000003e+00 -0.0000000000000000e+00 0.0000000000000000e+00 0.0
    5.4282899999999996e+00 6.2831900000000003e+00 -0.0000000000000000e+00 0.0000000000000000e+00 0.0
    5.5415900000000002e+00 6.2831900000000003e+00 -0.0000000000000000e+00 0.0000000000000000e+00 0.0
    5.6548999999999996e+00 6.2831900000000003e+00 -0.0000000000000000e+00 0.0000000000000000e+00 0.0
    5.7655500000000002e+00 6.2831900000000003e+00 -0.0000000000000000e+00 0.0000000000000000e+00 0.0
    5.8709499999999997e+00 6.2831900000000003e+00 -0.0000000000000000e+00 0.0000000000000000e+00 0.0
    5.9686300000000001e+00 6.2831900000000003e+00 -0.0000000000000000e+00 0.0000000000000000e+00 0.0
    6.0563000000000002e+00 6.2831900000000003e+00 -0.0000000000000000e+00 0.0000000000000000e+00 0.0
    6.1318999999999999e+00 6.2831900000000003e+00 -0.0000000000000000e+00 0.0000000000000000e+00 0.0
    6.1936700000000000e+00 6.2831900000000003e+00 -0.0000000000000000e+00 0.0000000000000000e+00 0.0
    6.2401600000000004e+00 6.2831900000000003e+00 -0.0000000000000000e+00 0.0000000000000000e+00 0.0
    6.2702600000000004e+00 6.2831900000000003e+00 -0.0000000000000000e+00 0.0000000000000000e+00 0.0
    6.2831900000000003e+00 6.2831900000000003e+00 -0.0000000000000000e+00 0.0000000000000000e+00 0.0
  </POINTS>
</NEKTAR>
