$MeshFormat
4.1 0 8
$EndMeshFormat
$Entities
13 18 6 0
1 -5 -0.5 0 0 
2 -5 0 0 0 
3 -5 0.5 0 0 
4 0 -1.5 0 0 
5 0 -0.5 0 0 
6 0 0 0 0 
7 0 0.5 0 0 
8 0 1.5 0 0 
9 40 -1.5 0 0 
10 40 -0.5 0 0 
11 40 0 0 0 
12 40 0.5 0 0 
13 40 1.5 0 0 
1 -5 -0.5 0 0 -0.5 0 1 10 2 1 -5 
2 -5 0 0 0 0 0 1 13 2 2 -6 
3 -5 0.5 0 0 0.5 0 1 10 2 3 -7 
4 0 -1.5 0 40 -1.5 0 1 10 2 4 -9 
5 0 -0.5 0 40 -0.5 0 0 2 5 -10 
6 0 0 0 40 0 0 1 13 2 6 -11 
7 0 0.5 0 40 0.5 0 0 2 7 -12 
8 0 1.5 0 40 1.5 0 1 10 2 8 -13 
11 -5 -0.5 0 -5 0 0 1 9 2 1 -2 
12 -5 0 0 -5 0.5 0 1 9 2 2 -3 
13 0 -1.5 0 0 -0.5 0 1 10 2 4 -5 
14 0 -0.5 0 0 0 0 0 2 5 -6 
15 0 0 0 0 0.5 0 0 2 6 -7 
16 0 0.5 0 0 1.5 0 1 10 2 7 -8 
17 40 -1.5 0 40 -0.5 0 1 11 2 9 -10 
18 40 -0.5 0 40 0 0 1 11 2 10 -11 
19 40 0 0 40 0.5 0 1 11 2 11 -12 
20 40 0.5 0 40 1.5 0 1 11 2 12 -13 
1 -5 -0.5 0 0 0 0 1 12 4 1 14 -2 -11 
2 -5 0 0 0 0.5 0 1 12 4 2 15 -3 -12 
3 0 -1.5 0 40 -0.5 0 1 12 4 4 17 -5 -13 
4 0 -0.5 0 40 0 0 1 12 4 5 18 -6 -14 
5 0 0 0 40 0.5 0 1 12 4 6 19 -7 -15 
6 0 0.5 0 40 1.5 0 1 12 4 7 20 -8 -16 
$EndEntities
$Nodes
37 2129 1 2129
0 1 0 1
1
-5 -0.5 0
0 2 0 1
2
-5 0 0
0 3 0 1
3
-5 0.5 0
0 4 0 1
4
0 -1.5 0
0 5 0 1
5
0 -0.5 0
0 6 0 1
6
0 0 0
0 7 0 1
7
0 0.5 0
0 8 0 1
8
0 1.5 0
0 9 0 1
9
40 -1.5 0
0 10 0 1
10
40 -0.5 0
0 11 0 1
11
40 0 0
0 12 0 1
12
40 0.5 0
0 13 0 1
13
40 1.5 0
1 1 0 8
14
15
16
17
18
19
20
21
-4.349521582879766 -0.5 0
-3.725062301153029 -0.5 0
-3.125581390973797 -0.5 0
-2.550079717593106 -0.5 0
-1.997598110114747 -0.5 0
-1.46721576680273 -0.5 0
-0.958048718331602 -0.5 0
-0.469248351637237 -0.5 0
1 2 0 8
22
23
24
25
26
27
28
29
-4.349521582879766 0 0
-3.725062301153029 0 0
-3.125581390973797 0 0
-2.550079717593106 0 0
-1.997598110114747 0 0
-1.46721576680273 0 0
-0.958048718331602 0 0
-0.469248351637237 0 0
1 3 0 8
30
31
32
33
34
35
36
37
-4.349521582879766 0.5 0
-3.725062301153029 0.5 0
-3.125581390973797 0.5 0
-2.550079717593106 0.5 0
-1.997598110114747 0.5 0
-1.46721576680273 0.5 0
-0.958048718331602 0.5 0
-0.469248351637237 0.5 0
1 4 0 68
38
39
40
41
42
43
44
45
46
47
48
49
50
51
52
53
54
55
56
57
58
59
60
61
62
63
64
65
66
67
68
69
70
71
72
73
74
75
76
77
78
79
80
81
82
83
84
85
86
87
88
89
90
91
92
93
94
95
96
97
98
99
100
101
102
103
104
105
0.2738661037008713 -1.5 0
0.5532095268610129 -1.5 0
0.8381398197641807 -1.5 0
1.128768719028235 -1.5 0
1.425210200175429 -1.5 0
1.727580507825496 -1.5 0
2.035998217138431 -1.5 0
2.350584280056636 -1.5 0
2.671462066801267 -1.5 0
2.998757409747361 -1.5 0
3.332598660365842 -1.5 0
3.673116737324511 -1.5 0
4.020445175505434 -1.5 0
4.374720184003381 -1.5 0
4.736080693594799 -1.5 0
5.104668412844406 -1.5 0
5.480627885844665 -1.5 0
5.864106546921986 -1.5 0
6.255254776871332 -1.5 0
6.654225973996427 -1.5 0
7.061176597782032 -1.5 0
7.476266232240908 -1.5 0
7.899657658140624 -1.5 0
8.331516915781931 -1.5 0
8.772013358637221 -1.5 0
9.221319726727128 -1.5 0
9.679612223514294 -1.5 0
10.14707057138928 -1.5 0
10.62387808760225 -1.5 0
11.11022175145197 -1.5 0
11.6062922857194 -1.5 0
12.11228423589971 -1.5 0
12.62839602821564 -1.5 0
13.1548300541739 -1.5 0
13.69179275862044 -1.5 0
14.23949471912097 -1.5 0
14.79815071676153 -1.5 0
15.36797983340257 -1.5 0
15.94920553558328 -1.5 0
16.54205574897652 -1.5 0
17.14676296642707 -1.5 0
17.76356433022577 -1.5 0
18.39270172341043 -1.5 0
19.03442186524418 -1.5 0
19.68897640417469 -1.5 0
20.35662203249372 -1.5 0
21.03762057620596 -1.5 0
21.7322390934644 -1.5 0
22.44074998409085 -1.5 0
23.1634310908353 -1.5 0
23.90056581700422 -1.5 0
24.65244323672123 -1.5 0
25.41935820361822 -1.5 0
26.2016114698916 -1.5 0
26.99950980429154 -1.5 0
27.81336610281432 -1.5 0
28.6434995276442 -1.5 0
29.49023562231732 -1.5 0
30.35390643655605 -1.5 0
31.23485066916192 -1.5 0
32.13341378594497 -1.5 0
33.04994816665413 -1.5 0
33.98481323409521 -1.5 0
34.93837559983467 -1.5 0
35.91100921649104 -1.5 0
36.90309550564214 -1.5 0
37.91502352099596 -1.5 0
38.94719009459453 -1.5 0
1 5 0 68
106
107
108
109
110
111
112
113
114
115
116
117
118
119
120
121
122
123
124
125
126
127
128
129
130
131
132
133
134
135
136
137
138
139
140
141
142
143
144
145
146
147
148
149
150
151
152
153
154
155
156
157
158
159
160
161
162
163
164
165
166
167
168
169
170
171
172
173
0.2738661037008713 -0.5 0
0.5532095268610129 -0.5 0
0.8381398197641807 -0.5 0
1.128768719028235 -0.5 0
1.425210200175429 -0.5 0
1.727580507825496 -0.5 0
2.035998217138431 -0.5 0
2.350584280056636 -0.5 0
2.671462066801267 -0.5 0
2.998757409747361 -0.5 0
3.332598660365842 -0.5 0
3.673116737324511 -0.5 0
4.020445175505434 -0.5 0
4.374720184003381 -0.5 0
4.736080693594799 -0.5 0
5.104668412844406 -0.5 0
5.480627885844665 -0.5 0
5.864106546921986 -0.5 0
6.255254776871332 -0.5 0
6.654225973996427 -0.5 0
7.061176597782032 -0.5 0
7.476266232240908 -0.5 0
7.899657658140624 -0.5 0
8.331516915781931 -0.5 0
8.772013358637221 -0.5 0
9.221319726727128 -0.5 0
9.679612223514294 -0.5 0
10.14707057138928 -0.5 0
10.62387808760225 -0.5 0
11.11022175145197 -0.5 0
11.6062922857194 -0.5 0
12.11228423589971 -0.5 0
12.62839602821564 -0.5 0
13.1548300541739 -0.5 0
13.69179275862044 -0.5 0
14.23949471912097 -0.5 0
14.79815071676153 -0.5 0
15.36797983340257 -0.5 0
15.94920553558328 -0.5 0
16.54205574897652 -0.5 0
17.14676296642707 -0.5 0
17.76356433022577 -0.5 0
18.39270172341043 -0.5 0
19.03442186524418 -0.5 0
19.68897640417469 -0.5 0
20.35662203249372 -0.5 0
21.03762057620596 -0.5 0
21.7322390934644 -0.5 0
22.44074998409085 -0.5 0
23.1634310908353 -0.5 0
23.90056581700422 -0.5 0
24.65244323672123 -0.5 0
25.41935820361822 -0.5 0
26.2016114698916 -0.5 0
26.99950980429154 -0.5 0
27.81336610281432 -0.5 0
28.6434995276442 -0.5 0
29.49023562231732 -0.5 0
30.35390643655605 -0.5 0
31.23485066916192 -0.5 0
32.13341378594497 -0.5 0
33.04994816665413 -0.5 0
33.98481323409521 -0.5 0
34.93837559983467 -0.5 0
35.91100921649104 -0.5 0
36.90309550564214 -0.5 0
37.91502352099596 -0.5 0
38.94719009459453 -0.5 0
1 6 0 68
174
175
176
177
178
179
180
181
182
183
184
185
186
187
188
189
190
191
192
193
194
195
196
197
198
199
200
201
202
203
204
205
206
207
208
209
210
211
212
213
214
215
216
217
218
219
220
221
222
223
224
225
226
227
228
229
230
231
232
233
234
235
236
237
238
239
240
241
0.2738661037008713 0 0
0.5532095268610129 0 0
0.8381398197641807 0 0
1.128768719028235 0 0
1.425210200175429 0 0
1.727580507825496 0 0
2.035998217138431 0 0
2.350584280056636 0 0
2.671462066801267 0 0
2.998757409747361 0 0
3.332598660365842 0 0
3.673116737324511 0 0
4.020445175505434 0 0
4.374720184003381 0 0
4.736080693594799 0 0
5.104668412844406 0 0
5.480627885844665 0 0
5.864106546921986 0 0
6.255254776871332 0 0
6.654225973996427 0 0
7.061176597782032 0 0
7.476266232240908 0 0
7.899657658140624 0 0
8.331516915781931 0 0
8.772013358637221 0 0
9.221319726727128 0 0
9.679612223514294 0 0
10.14707057138928 0 0
10.62387808760225 0 0
11.11022175145197 0 0
11.6062922857194 0 0
12.11228423589971 0 0
12.62839602821564 0 0
13.1548300541739 0 0
13.69179275862044 0 0
14.23949471912097 0 0
14.79815071676153 0 0
15.36797983340257 0 0
15.94920553558328 0 0
16.54205574897652 0 0
17.14676296642707 0 0
17.76356433022577 0 0
18.39270172341043 0 0
19.03442186524418 0 0
19.68897640417469 0 0
20.35662203249372 0 0
21.03762057620596 0 0
21.7322390934644 0 0
22.44074998409085 0 0
23.1634310908353 0 0
23.90056581700422 0 0
24.65244323672123 0 0
25.41935820361822 0 0
26.2016114698916 0 0
26.99950980429154 0 0
27.81336610281432 0 0
28.6434995276442 0 0
29.49023562231732 0 0
30.35390643655605 0 0
31.23485066916192 0 0
32.13341378594497 0 0
33.04994816665413 0 0
33.98481323409521 0 0
34.93837559983467 0 0
35.91100921649104 0 0
36.90309550564214 0 0
37.91502352099596 0 0
38.94719009459453 0 0
1 7 0 68
242
243
244
245
246
247
248
249
250
251
252
253
254
255
256
257
258
259
260
261
262
263
264
265
266
267
268
269
270
271
272
273
274
275
276
277
278
279
280
281
282
283
284
285
286
287
288
289
290
291
292
293
294
295
296
297
298
299
300
301
302
303
304
305
306
307
308
309
0.2738661037008713 0.5 0
0.5532095268610129 0.5 0
0.8381398197641807 0.5 0
1.128768719028235 0.5 0
1.425210200175429 0.5 0
1.727580507825496 0.5 0
2.035998217138431 0.5 0
2.350584280056636 0.5 0
2.671462066801267 0.5 0
2.998757409747361 0.5 0
3.332598660365842 0.5 0
3.673116737324511 0.5 0
4.020445175505434 0.5 0
4.374720184003381 0.5 0
4.736080693594799 0.5 0
5.104668412844406 0.5 0
5.480627885844665 0.5 0
5.864106546921986 0.5 0
6.255254776871332 0.5 0
6.654225973996427 0.5 0
7.061176597782032 0.5 0
7.476266232240908 0.5 0
7.899657658140624 0.5 0
8.331516915781931 0.5 0
8.772013358637221 0.5 0
9.221319726727128 0.5 0
9.679612223514294 0.5 0
10.14707057138928 0.5 0
10.62387808760225 0.5 0
11.11022175145197 0.5 0
11.6062922857194 0.5 0
12.11228423589971 0.5 0
12.62839602821564 0.5 0
13.1548300541739 0.5 0
13.69179275862044 0.5 0
14.23949471912097 0.5 0
14.79815071676153 0.5 0
15.36797983340257 0.5 0
15.94920553558328 0.5 0
16.54205574897652 0.5 0
17.14676296642707 0.5 0
17.76356433022577 0.5 0
18.39270172341043 0.5 0
19.03442186524418 0.5 0
19.68897640417469 0.5 0
20.35662203249372 0.5 0
21.03762057620596 0.5 0
21.7322390934644 0.5 0
22.44074998409085 0.5 0
23.1634310908353 0.5 0
23.90056581700422 0.5 0
24.65244323672123 0.5 0
25.41935820361822 0.5 0
26.2016114698916 0.5 0
26.99950980429154 0.5 0
27.81336610281432 0.5 0
28.6434995276442 0.5 0
29.49023562231732 0.5 0
30.35390643655605 0.5 0
31.23485066916192 0.5 0
32.13341378594497 0.5 0
33.04994816665413 0.5 0
33.98481323409521 0.5 0
34.93837559983467 0.5 0
35.91100921649104 0.5 0
36.90309550564214 0.5 0
37.91502352099596 0.5 0
38.94719009459453 0.5 0
1 8 0 68
310
311
312
313
314
315
316
317
318
319
320
321
322
323
324
325
326
327
328
329
330
331
332
333
334
335
336
337
338
339
340
341
342
343
344
345
346
347
348
349
350
351
352
353
354
355
356
357
358
359
360
361
362
363
364
365
366
367
368
369
370
371
372
373
374
375
376
377
0.2738661037008713 1.5 0
0.5532095268610129 1.5 0
0.8381398197641807 1.5 0
1.128768719028235 1.5 0
1.425210200175429 1.5 0
1.727580507825496 1.5 0
2.035998217138431 1.5 0
2.350584280056636 1.5 0
2.671462066801267 1.5 0
2.998757409747361 1.5 0
3.332598660365842 1.5 0
3.673116737324511 1.5 0
4.020445175505434 1.5 0
4.374720184003381 1.5 0
4.736080693594799 1.5 0
5.104668412844406 1.5 0
5.480627885844665 1.5 0
5.864106546921986 1.5 0
6.255254776871332 1.5 0
6.654225973996427 1.5 0
7.061176597782032 1.5 0
7.476266232240908 1.5 0
7.899657658140624 1.5 0
8.331516915781931 1.5 0
8.772013358637221 1.5 0
9.221319726727128 1.5 0
9.679612223514294 1.5 0
10.14707057138928 1.5 0
10.62387808760225 1.5 0
11.11022175145197 1.5 0
11.6062922857194 1.5 0
12.11228423589971 1.5 0
12.62839602821564 1.5 0
13.1548300541739 1.5 0
13.69179275862044 1.5 0
14.23949471912097 1.5 0
14.79815071676153 1.5 0
15.36797983340257 1.5 0
15.94920553558328 1.5 0
16.54205574897652 1.5 0
17.14676296642707 1.5 0
17.76356433022577 1.5 0
18.39270172341043 1.5 0
19.03442186524418 1.5 0
19.68897640417469 1.5 0
20.35662203249372 1.5 0
21.03762057620596 1.5 0
21.7322390934644 1.5 0
22.44074998409085 1.5 0
23.1634310908353 1.5 0
23.90056581700422 1.5 0
24.65244323672123 1.5 0
25.41935820361822 1.5 0
26.2016114698916 1.5 0
26.99950980429154 1.5 0
27.81336610281432 1.5 0
28.6434995276442 1.5 0
29.49023562231732 1.5 0
30.35390643655605 1.5 0
31.23485066916192 1.5 0
32.13341378594497 1.5 0
33.04994816665413 1.5 0
33.98481323409521 1.5 0
34.93837559983467 1.5 0
35.91100921649104 1.5 0
36.90309550564214 1.5 0
37.91502352099596 1.5 0
38.94719009459453 1.5 0
1 11 0 4
378
379
380
381
-5 -0.4 0
-5 -0.3000000000006937 0
-5 -0.2000000000008325 0
-5 -0.1000000000004163 0
1 12 0 4
382
383
384
385
-5 0.09999999999977846 0
-5 0.1999999999994866 0
-5 0.2999999999994725 0
-5 0.3999999999997362 0
1 13 0 8
386
387
388
389
390
391
392
393
0 -1.388888888889506 0
0 -1.277777777779012 0
0 -1.166666666668517 0
0 -1.055555555558023 0
0 -0.9444444444469124 0
0 -0.8333333333351843 0
0 -0.7222222222234562 0
0 -0.6111111111117281 0
1 14 0 4
394
395
396
397
0 -0.4 0
0 -0.3000000000006937 0
0 -0.2000000000008325 0
0 -0.1000000000004163 0
1 15 0 4
398
399
400
401
0 0.09999999999977846 0
0 0.1999999999994866 0
0 0.2999999999994725 0
0 0.3999999999997362 0
1 16 0 8
402
403
404
405
406
407
408
409
0 0.6111111111121907 0
0 0.7222222222233019 0
0 0.8333333333342592 0
0 0.9444444444452167 0
0 1.055555555556174 0
0 1.16666666666713 0
0 1.277777777778087 0
0 1.388888888889043 0
1 17 0 8
410
411
412
413
414
415
416
417
40 -1.388888888889506 0
40 -1.277777777779012 0
40 -1.166666666668517 0
40 -1.055555555558023 0
40 -0.9444444444469124 0
40 -0.8333333333351843 0
40 -0.7222222222234562 0
40 -0.6111111111117281 0
1 18 0 4
418
419
420
421
40 -0.4 0
40 -0.3000000000006937 0
40 -0.2000000000008325 0
40 -0.1000000000004163 0
1 19 0 4
422
423
424
425
40 0.09999999999977846 0
40 0.1999999999994866 0
40 0.2999999999994725 0
40 0.3999999999997362 0
1 20 0 8
426
427
428
429
430
431
432
433
40 0.6111111111121907 0
40 0.7222222222233019 0
40 0.8333333333342592 0
40 0.9444444444452167 0
40 1.055555555556174 0
40 1.16666666666713 0
40 1.277777777778087 0
40 1.388888888889043 0
2 1 0 32
434
435
436
437
438
439
440
441
442
443
444
445
446
447
448
449
450
451
452
453
454
455
456
457
458
459
460
461
462
463
464
465
-4.349521582879765 -0.4 0
-4.349521582879766 -0.3000000000006937 0
-4.349521582879765 -0.2000000000008325 0
-4.349521582879766 -0.1000000000004162 0
-3.72506230115303 -0.4 0
-3.725062301153029 -0.3000000000006937 0
-3.725062301153029 -0.2000000000008325 0
-3.725062301153029 -0.1000000000004163 0
-3.125581390973797 -0.4 0
-3.125581390973797 -0.3000000000006937 0
-3.125581390973797 -0.2000000000008325 0
-3.125581390973797 -0.1000000000004163 0
-2.550079717593107 -0.4 0
-2.550079717593107 -0.3000000000006937 0
-2.550079717593107 -0.2000000000008325 0
-2.550079717593107 -0.1000000000004163 0
-1.997598110114747 -0.4 0
-1.997598110114747 -0.3000000000006937 0
-1.997598110114747 -0.2000000000008325 0
-1.997598110114747 -0.1000000000004163 0
-1.46721576680273 -0.4 0
-1.46721576680273 -0.3000000000006937 0
-1.46721576680273 -0.2000000000008325 0
-1.46721576680273 -0.1000000000004163 0
-0.958048718331602 -0.4 0
-0.958048718331602 -0.3000000000006937 0
-0.9580487183316018 -0.2000000000008325 0
-0.958048718331602 -0.1000000000004163 0
-0.469248351637237 -0.4 0
-0.469248351637237 -0.3000000000006937 0
-0.469248351637237 -0.2000000000008325 0
-0.469248351637237 -0.1000000000004163 0
2 2 0 32
466
467
468
469
470
471
472
473
474
475
476
477
478
479
480
481
482
483
484
485
486
487
488
489
490
491
492
493
494
495
496
497
-4.349521582879765 0.09999999999977845 0
-4.349521582879767 0.1999999999994866 0
-4.349521582879766 0.2999999999994726 0
-4.349521582879766 0.3999999999997362 0
-3.72506230115303 0.09999999999977846 0
-3.725062301153029 0.1999999999994865 0
-3.725062301153029 0.2999999999994725 0
-3.725062301153029 0.3999999999997362 0
-3.125581390973797 0.09999999999977846 0
-3.125581390973797 0.1999999999994865 0
-3.125581390973797 0.2999999999994725 0
-3.125581390973797 0.3999999999997362 0
-2.550079717593107 0.09999999999977846 0
-2.550079717593106 0.1999999999994866 0
-2.550079717593106 0.2999999999994725 0
-2.550079717593107 0.3999999999997362 0
-1.997598110114747 0.09999999999977846 0
-1.997598110114746 0.1999999999994866 0
-1.997598110114747 0.2999999999994725 0
-1.997598110114747 0.3999999999997362 0
-1.467215766802729 0.09999999999977846 0
-1.467215766802729 0.1999999999994865 0
-1.46721576680273 0.2999999999994725 0
-1.46721576680273 0.3999999999997362 0
-0.958048718331602 0.09999999999977846 0
-0.9580487183316021 0.1999999999994866 0
-0.9580487183316018 0.2999999999994725 0
-0.958048718331602 0.3999999999997362 0
-0.4692483516372369 0.09999999999977846 0
-0.469248351637237 0.1999999999994865 0
-0.469248351637237 0.2999999999994725 0
-0.469248351637237 0.3999999999997362 0
2 3 0 544
498
499
500
501
502
503
504
505
506
507
508
509
510
511
512
513
514
515
516
517
518
519
520
521
522
523
524
525
526
527
528
529
530
531
532
533
534
535
536
537
538
539
540
541
542
543
544
545
546
547
548
549
550
551
552
553
554
555
556
557
558
559
560
561
562
563
564
565
566
567
568
569
570
571
572
573
574
575
576
577
578
579
580
581
582
583
584
585
586
587
588
589
590
591
592
593
594
595
596
597
598
599
600
601
602
603
604
605
606
607
608
609
610
611
612
613
614
615
616
617
618
619
620
621
622
623
624
625
626
627
628
629
630
631
632
633
634
635
636
637
638
639
640
641
642
643
644
645
646
647
648
649
650
651
652
653
654
655
656
657
658
659
660
661
662
663
664
665
666
667
668
669
670
671
672
673
674
675
676
677
678
679
680
681
682
683
684
685
686
687
688
689
690
691
692
693
694
695
696
697
698
699
700
701
702
703
704
705
706
707
708
709
710
711
712
713
714
715
716
717
718
719
720
721
722
723
724
725
726
727
728
729
730
731
732
733
734
735
736
737
738
739
740
741
742
743
744
745
746
747
748
749
750
751
752
753
754
755
756
757
758
759
760
761
762
763
764
765
766
767
768
769
770
771
772
773
774
775
776
777
778
779
780
781
782
783
784
785
786
787
788
789
790
791
792
793
794
795
796
797
798
799
800
801
802
803
804
805
806
807
808
809
810
811
812
813
814
815
816
817
818
819
820
821
822
823
824
825
826
827
828
829
830
831
832
833
834
835
836
837
838
839
840
841
842
843
844
845
846
847
848
849
850
851
852
853
854
855
856
857
858
859
860
861
862
863
864
865
866
867
868
869
870
871
872
873
874
875
876
877
878
879
880
881
882
883
884
885
886
887
888
889
890
891
892
893
894
895
896
897
898
899
900
901
902
903
904
905
906
907
908
909
910
911
912
913
914
915
916
917
918
919
920
921
922
923
924
925
926
927
928
929
930
931
932
933
934
935
936
937
938
939
940
941
942
943
944
945
946
947
948
949
950
951
952
953
954
955
956
957
958
959
960
961
962
963
964
965
966
967
968
969
970
971
972
973
974
975
976
977
978
979
980
981
982
983
984
985
986
987
988
989
990
991
992
993
994
995
996
997
998
999
1000
1001
1002
1003
1004
1005
1006
1007
1008
1009
1010
1011
1012
1013
1014
1015
1016
1017
1018
1019
1020
1021
1022
1023
1024
1025
1026
1027
1028
1029
1030
1031
1032
1033
1034
1035
1036
1037
1038
1039
1040
1041
0.2738661037008713 -1.388888888889506 0
0.2738661037008714 -1.277777777779012 0
0.2738661037008713 -1.166666666668517 0
0.2738661037008713 -1.055555555558023 0
0.2738661037008713 -0.9444444444469124 0
0.2738661037008713 -0.8333333333351843 0
0.2738661037008713 -0.7222222222234562 0
0.2738661037008713 -0.6111111111117281 0
0.5532095268610129 -1.388888888889506 0
0.5532095268610129 -1.277777777779012 0
0.5532095268610129 -1.166666666668517 0
0.5532095268610129 -1.055555555558023 0
0.5532095268610129 -0.9444444444469127 0
0.5532095268610129 -0.8333333333351842 0
0.553209526861013 -0.7222222222234562 0
0.5532095268610129 -0.6111111111117283 0
0.8381398197641807 -1.388888888889507 0
0.8381398197641807 -1.277777777779012 0
0.8381398197641807 -1.166666666668517 0
0.8381398197641807 -1.055555555558024 0
0.8381398197641807 -0.9444444444469124 0
0.8381398197641808 -0.8333333333351844 0
0.8381398197641808 -0.7222222222234562 0
0.8381398197641807 -0.6111111111117281 0
1.128768719028235 -1.388888888889506 0
1.128768719028235 -1.277777777779012 0
1.128768719028235 -1.166666666668517 0
1.128768719028235 -1.055555555558023 0
1.128768719028235 -0.9444444444469127 0
1.128768719028235 -0.8333333333351844 0
1.128768719028235 -0.7222222222234562 0
1.128768719028235 -0.6111111111117283 0
1.425210200175429 -1.388888888889506 0
1.425210200175429 -1.277777777779012 0
1.425210200175429 -1.166666666668517 0
1.425210200175429 -1.055555555558023 0
1.425210200175429 -0.9444444444469124 0
1.425210200175429 -0.8333333333351844 0
1.425210200175429 -0.7222222222234562 0
1.425210200175429 -0.6111111111117283 0
1.727580507825496 -1.388888888889506 0
1.727580507825496 -1.277777777779012 0
1.727580507825496 -1.166666666668517 0
1.727580507825496 -1.055555555558024 0
1.727580507825496 -0.9444444444469122 0
1.727580507825496 -0.8333333333351844 0
1.727580507825496 -0.7222222222234562 0
1.727580507825496 -0.6111111111117281 0
2.035998217138431 -1.388888888889506 0
2.035998217138431 -1.277777777779012 0
2.035998217138431 -1.166666666668517 0
2.035998217138431 -1.055555555558024 0
2.035998217138431 -0.9444444444469122 0
2.035998217138431 -0.8333333333351844 0
2.035998217138431 -0.7222222222234562 0
2.035998217138431 -0.6111111111117282 0
2.350584280056636 -1.388888888889506 0
2.350584280056636 -1.277777777779012 0
2.350584280056636 -1.166666666668517 0
2.350584280056636 -1.055555555558024 0
2.350584280056636 -0.9444444444469124 0
2.350584280056636 -0.8333333333351842 0
2.350584280056636 -0.7222222222234562 0
2.350584280056636 -0.6111111111117281 0
2.671462066801267 -1.388888888889507 0
2.671462066801267 -1.277777777779012 0
2.671462066801267 -1.166666666668517 0
2.671462066801267 -1.055555555558023 0
2.671462066801267 -0.9444444444469124 0
2.671462066801267 -0.8333333333351844 0
2.671462066801267 -0.7222222222234562 0
2.671462066801267 -0.6111111111117283 0
2.998757409747361 -1.388888888889506 0
2.998757409747362 -1.277777777779012 0
2.998757409747361 -1.166666666668517 0
2.998757409747361 -1.055555555558023 0
2.998757409747362 -0.9444444444469124 0
2.998757409747361 -0.8333333333351842 0
2.998757409747361 -0.7222222222234562 0
2.998757409747363 -0.6111111111117283 0
3.332598660365842 -1.388888888889506 0
3.332598660365842 -1.277777777779012 0
3.332598660365842 -1.166666666668517 0
3.332598660365842 -1.055555555558023 0
3.332598660365842 -0.9444444444469124 0
3.332598660365841 -0.8333333333351842 0
3.332598660365844 -0.7222222222234562 0
3.332598660365842 -0.6111111111117283 0
3.673116737324511 -1.388888888889506 0
3.673116737324511 -1.277777777779012 0
3.673116737324511 -1.166666666668517 0
3.67311673732451 -1.055555555558023 0
3.673116737324511 -0.9444444444469124 0
3.673116737324511 -0.8333333333351844 0
3.673116737324511 -0.7222222222234562 0
3.673116737324511 -0.6111111111117281 0
4.020445175505434 -1.388888888889506 0
4.020445175505435 -1.277777777779012 0
4.020445175505434 -1.166666666668517 0
4.020445175505434 -1.055555555558023 0
4.020445175505434 -0.9444444444469124 0
4.020445175505434 -0.8333333333351843 0
4.020445175505434 -0.7222222222234562 0
4.020445175505434 -0.6111111111117281 0
4.374720184003381 -1.388888888889507 0
4.374720184003381 -1.277777777779012 0
4.374720184003381 -1.166666666668517 0
4.374720184003381 -1.055555555558024 0
4.374720184003381 -0.9444444444469126 0
4.374720184003381 -0.8333333333351843 0
4.374720184003381 -0.7222222222234562 0
4.374720184003381 -0.6111111111117281 0
4.736080693594797 -1.388888888889506 0
4.736080693594799 -1.277777777779012 0
4.736080693594799 -1.166666666668517 0
4.736080693594799 -1.055555555558023 0
4.736080693594799 -0.9444444444469126 0
4.736080693594799 -0.8333333333351843 0
4.736080693594799 -0.7222222222234562 0
4.736080693594799 -0.6111111111117281 0
5.104668412844406 -1.388888888889507 0
5.104668412844406 -1.277777777779012 0
5.104668412844406 -1.166666666668517 0
5.104668412844406 -1.055555555558023 0
5.104668412844405 -0.9444444444469123 0
5.104668412844406 -0.8333333333351842 0
5.104668412844406 -0.7222222222234561 0
5.104668412844406 -0.611111111111728 0
5.480627885844665 -1.388888888889506 0
5.480627885844665 -1.277777777779012 0
5.480627885844665 -1.166666666668517 0
5.480627885844665 -1.055555555558024 0
5.480627885844665 -0.9444444444469124 0
5.480627885844665 -0.8333333333351842 0
5.480627885844665 -0.7222222222234562 0
5.480627885844664 -0.6111111111117283 0
5.864106546921985 -1.388888888889506 0
5.864106546921986 -1.277777777779012 0
5.864106546921987 -1.166666666668517 0
5.864106546921984 -1.055555555558024 0
5.864106546921986 -0.9444444444469126 0
5.864106546921986 -0.8333333333351842 0
5.864106546921986 -0.7222222222234562 0
5.864106546921986 -0.6111111111117281 0
6.255254776871332 -1.388888888889506 0
6.255254776871333 -1.277777777779012 0
6.255254776871332 -1.166666666668517 0
6.255254776871332 -1.055555555558023 0
6.255254776871332 -0.9444444444469127 0
6.255254776871332 -0.8333333333351842 0
6.255254776871332 -0.7222222222234562 0
6.255254776871332 -0.6111111111117281 0
6.654225973996426 -1.388888888889506 0
6.654225973996427 -1.277777777779012 0
6.654225973996426 -1.166666666668517 0
6.654225973996427 -1.055555555558023 0
6.654225973996427 -0.9444444444469124 0
6.654225973996427 -0.8333333333351843 0
6.654225973996427 -0.7222222222234562 0
6.654225973996428 -0.6111111111117281 0
7.061176597782032 -1.388888888889506 0
7.061176597782032 -1.277777777779012 0
7.061176597782031 -1.166666666668517 0
7.061176597782032 -1.055555555558023 0
7.061176597782032 -0.9444444444469127 0
7.061176597782032 -0.8333333333351844 0
7.061176597782032 -0.7222222222234562 0
7.061176597782031 -0.6111111111117281 0
7.476266232240911 -1.388888888889507 0
7.476266232240909 -1.277777777779012 0
7.47626623224091 -1.166666666668517 0
7.476266232240906 -1.055555555558023 0
7.476266232240908 -0.9444444444469124 0
7.476266232240908 -0.833333333335184 0
7.476266232240909 -0.7222222222234562 0
7.476266232240908 -0.6111111111117281 0
7.899657658140627 -1.388888888889506 0
7.899657658140622 -1.277777777779012 0
7.899657658140623 -1.166666666668517 0
7.899657658140624 -1.055555555558023 0
7.899657658140624 -0.9444444444469124 0
7.899657658140624 -0.8333333333351844 0
7.899657658140624 -0.7222222222234561 0
7.899657658140624 -0.611111111111728 0
8.331516915781931 -1.388888888889506 0
8.331516915781931 -1.277777777779012 0
8.331516915781931 -1.166666666668517 0
8.331516915781931 -1.055555555558023 0
8.331516915781931 -0.9444444444469122 0
8.331516915781931 -0.8333333333351844 0
8.331516915781931 -0.7222222222234561 0
8.331516915781929 -0.611111111111728 0
8.772013358637221 -1.388888888889506 0
8.772013358637221 -1.277777777779012 0
8.772013358637221 -1.166666666668517 0
8.772013358637221 -1.055555555558023 0
8.772013358637221 -0.9444444444469124 0
8.772013358637221 -0.8333333333351842 0
8.772013358637221 -0.7222222222234562 0
8.772013358637221 -0.6111111111117281 0
9.221319726727124 -1.388888888889506 0
9.221319726727128 -1.277777777779012 0
9.221319726727128 -1.166666666668517 0
9.221319726727128 -1.055555555558023 0
9.221319726727128 -0.9444444444469124 0
9.221319726727128 -0.8333333333351844 0
9.221319726727128 -0.7222222222234562 0
9.221319726727128 -0.6111111111117281 0
9.679612223514297 -1.388888888889506 0
9.679612223514294 -1.277777777779012 0
9.679612223514294 -1.166666666668518 0
9.679612223514294 -1.055555555558024 0
9.679612223514294 -0.9444444444469122 0
9.679612223514294 -0.8333333333351842 0
9.679612223514296 -0.7222222222234562 0
9.679612223514296 -0.6111111111117281 0
10.14707057138928 -1.388888888889506 0
10.14707057138928 -1.277777777779012 0
10.14707057138928 -1.166666666668517 0
10.14707057138928 -1.055555555558023 0
10.14707057138928 -0.9444444444469124 0
10.14707057138928 -0.8333333333351842 0
10.14707057138928 -0.7222222222234562 0
10.14707057138928 -0.6111111111117283 0
10.62387808760225 -1.388888888889506 0
10.62387808760225 -1.277777777779012 0
10.62387808760225 -1.166666666668517 0
10.62387808760225 -1.055555555558023 0
10.62387808760225 -0.9444444444469124 0
10.62387808760225 -0.8333333333351842 0
10.62387808760225 -0.7222222222234562 0
10.62387808760225 -0.6111111111117281 0
11.11022175145197 -1.388888888889506 0
11.11022175145197 -1.277777777779012 0
11.11022175145197 -1.166666666668517 0
11.11022175145197 -1.055555555558024 0
11.11022175145197 -0.9444444444469124 0
11.11022175145197 -0.8333333333351844 0
11.11022175145197 -0.7222222222234562 0
11.11022175145197 -0.6111111111117281 0
11.6062922857194 -1.388888888889506 0
11.60629228571941 -1.277777777779012 0
11.60629228571941 -1.166666666668517 0
11.6062922857194 -1.055555555558023 0
11.6062922857194 -0.9444444444469124 0
11.6062922857194 -0.8333333333351842 0
11.6062922857194 -0.7222222222234562 0
11.6062922857194 -0.6111111111117281 0
12.11228423589971 -1.388888888889506 0
12.1122842358997 -1.277777777779012 0
12.11228423589971 -1.166666666668517 0
12.11228423589971 -1.055555555558023 0
12.11228423589971 -0.9444444444469124 0
12.11228423589971 -0.8333333333351843 0
12.11228423589971 -0.7222222222234562 0
12.11228423589971 -0.6111111111117281 0
12.62839602821564 -1.388888888889506 0
12.62839602821564 -1.277777777779012 0
12.62839602821564 -1.166666666668517 0
12.62839602821564 -1.055555555558023 0
12.62839602821564 -0.9444444444469124 0
12.62839602821564 -0.8333333333351843 0
12.62839602821564 -0.7222222222234562 0
12.62839602821564 -0.6111111111117281 0
13.1548300541739 -1.388888888889506 0
13.1548300541739 -1.277777777779012 0
13.1548300541739 -1.166666666668517 0
13.1548300541739 -1.055555555558023 0
13.1548300541739 -0.9444444444469124 0
13.1548300541739 -0.8333333333351842 0
13.1548300541739 -0.7222222222234562 0
13.1548300541739 -0.6111111111117282 0
13.69179275862043 -1.388888888889506 0
13.69179275862043 -1.277777777779012 0
13.69179275862043 -1.166666666668517 0
13.69179275862044 -1.055555555558023 0
13.69179275862044 -0.9444444444469124 0
13.69179275862043 -0.8333333333351842 0
13.69179275862043 -0.7222222222234562 0
13.69179275862044 -0.6111111111117281 0
14.23949471912097 -1.388888888889506 0
14.23949471912097 -1.277777777779012 0
14.23949471912097 -1.166666666668517 0
14.23949471912097 -1.055555555558023 0
14.23949471912097 -0.9444444444469123 0
14.23949471912098 -0.8333333333351843 0
14.23949471912097 -0.7222222222234561 0
14.23949471912097 -0.611111111111728 0
14.79815071676153 -1.388888888889506 0
14.79815071676153 -1.277777777779012 0
14.79815071676153 -1.166666666668517 0
14.79815071676154 -1.055555555558023 0
14.79815071676153 -0.9444444444469124 0
14.79815071676153 -0.8333333333351844 0
14.79815071676153 -0.7222222222234562 0
14.79815071676153 -0.6111111111117281 0
15.36797983340257 -1.388888888889506 0
15.36797983340257 -1.277777777779012 0
15.36797983340257 -1.166666666668517 0
15.36797983340257 -1.055555555558023 0
15.36797983340257 -0.9444444444469124 0
15.36797983340257 -0.8333333333351844 0
15.36797983340257 -0.7222222222234562 0
15.36797983340257 -0.6111111111117282 0
15.94920553558328 -1.388888888889506 0
15.94920553558328 -1.277777777779012 0
15.94920553558328 -1.166666666668517 0
15.94920553558329 -1.055555555558023 0
15.94920553558328 -0.9444444444469123 0
15.94920553558328 -0.8333333333351842 0
15.94920553558328 -0.7222222222234561 0
15.94920553558328 -0.611111111111728 0
16.54205574897652 -1.388888888889506 0
16.54205574897652 -1.277777777779012 0
16.54205574897652 -1.166666666668517 0
16.54205574897652 -1.055555555558024 0
16.54205574897652 -0.9444444444469124 0
16.54205574897652 -0.8333333333351843 0
16.54205574897652 -0.7222222222234562 0
16.54205574897652 -0.6111111111117281 0
17.14676296642707 -1.388888888889506 0
17.14676296642707 -1.277777777779011 0
17.14676296642707 -1.166666666668517 0
17.14676296642707 -1.055555555558023 0
17.14676296642707 -0.9444444444469124 0
17.14676296642707 -0.8333333333351843 0
17.14676296642707 -0.7222222222234562 0
17.14676296642707 -0.6111111111117282 0
17.76356433022577 -1.388888888889506 0
17.76356433022577 -1.277777777779012 0
17.76356433022577 -1.166666666668517 0
17.76356433022577 -1.055555555558023 0
17.76356433022577 -0.9444444444469124 0
17.76356433022577 -0.8333333333351843 0
17.76356433022577 -0.7222222222234562 0
17.76356433022577 -0.6111111111117281 0
18.39270172341043 -1.388888888889506 0
18.39270172341043 -1.277777777779012 0
18.39270172341043 -1.166666666668517 0
18.39270172341043 -1.055555555558023 0
18.39270172341043 -0.9444444444469124 0
18.39270172341043 -0.8333333333351844 0
18.39270172341043 -0.7222222222234562 0
18.39270172341044 -0.6111111111117281 0
19.03442186524418 -1.388888888889506 0
19.03442186524418 -1.277777777779012 0
19.03442186524418 -1.166666666668517 0
19.03442186524418 -1.055555555558023 0
19.03442186524418 -0.9444444444469124 0
19.03442186524418 -0.8333333333351842 0
19.03442186524418 -0.7222222222234561 0
19.03442186524418 -0.6111111111117281 0
19.68897640417469 -1.388888888889506 0
19.68897640417468 -1.277777777779012 0
19.68897640417469 -1.166666666668517 0
19.68897640417469 -1.055555555558023 0
19.68897640417469 -0.9444444444469124 0
19.68897640417469 -0.8333333333351843 0
19.68897640417469 -0.7222222222234562 0
19.68897640417469 -0.6111111111117281 0
20.35662203249372 -1.388888888889506 0
20.35662203249372 -1.277777777779012 0
20.35662203249371 -1.166666666668517 0
20.35662203249372 -1.055555555558023 0
20.35662203249372 -0.9444444444469124 0
20.35662203249372 -0.8333333333351843 0
20.35662203249372 -0.7222222222234562 0
20.35662203249372 -0.6111111111117281 0
21.03762057620596 -1.388888888889506 0
21.03762057620596 -1.277777777779012 0
21.03762057620596 -1.166666666668517 0
21.03762057620596 -1.055555555558023 0
21.03762057620596 -0.9444444444469124 0
21.03762057620596 -0.8333333333351844 0
21.03762057620596 -0.7222222222234562 0
21.03762057620596 -0.6111111111117281 0
21.7322390934644 -1.388888888889506 0
21.7322390934644 -1.277777777779012 0
21.7322390934644 -1.166666666668517 0
21.7322390934644 -1.055555555558023 0
21.7322390934644 -0.9444444444469124 0
21.7322390934644 -0.8333333333351843 0
21.7322390934644 -0.7222222222234562 0
21.7322390934644 -0.6111111111117281 0
22.44074998409085 -1.388888888889506 0
22.44074998409085 -1.277777777779012 0
22.44074998409085 -1.166666666668517 0
22.44074998409085 -1.055555555558023 0
22.44074998409085 -0.9444444444469124 0
22.44074998409085 -0.8333333333351843 0
22.44074998409085 -0.7222222222234562 0
22.44074998409085 -0.6111111111117281 0
23.1634310908353 -1.388888888889506 0
23.16343109083529 -1.277777777779012 0
23.1634310908353 -1.166666666668517 0
23.1634310908353 -1.055555555558024 0
23.1634310908353 -0.9444444444469124 0
23.1634310908353 -0.8333333333351844 0
23.1634310908353 -0.7222222222234562 0
23.1634310908353 -0.6111111111117281 0
23.90056581700422 -1.388888888889506 0
23.90056581700423 -1.277777777779012 0
23.90056581700422 -1.166666666668517 0
23.90056581700422 -1.055555555558023 0
23.90056581700422 -0.9444444444469124 0
23.90056581700422 -0.8333333333351842 0
23.90056581700422 -0.7222222222234562 0
23.90056581700422 -0.6111111111117281 0
24.65244323672123 -1.388888888889507 0
24.65244323672123 -1.277777777779012 0
24.65244323672123 -1.166666666668517 0
24.65244323672123 -1.055555555558023 0
24.65244323672123 -0.9444444444469124 0
24.65244323672123 -0.8333333333351843 0
24.65244323672123 -0.7222222222234562 0
24.65244323672123 -0.6111111111117281 0
25.41935820361822 -1.388888888889506 0
25.41935820361822 -1.277777777779012 0
25.41935820361822 -1.166666666668517 0
25.41935820361822 -1.055555555558024 0
25.41935820361822 -0.9444444444469124 0
25.41935820361822 -0.8333333333351844 0
25.41935820361822 -0.7222222222234562 0
25.41935820361822 -0.6111111111117281 0
26.2016114698916 -1.388888888889506 0
26.2016114698916 -1.277777777779012 0
26.2016114698916 -1.166666666668517 0
26.2016114698916 -1.055555555558023 0
26.2016114698916 -0.9444444444469124 0
26.2016114698916 -0.8333333333351843 0
26.2016114698916 -0.7222222222234562 0
26.2016114698916 -0.6111111111117281 0
26.99950980429154 -1.388888888889507 0
26.99950980429154 -1.277777777779012 0
26.99950980429154 -1.166666666668517 0
26.99950980429154 -1.055555555558023 0
26.99950980429154 -0.9444444444469124 0
26.99950980429155 -0.8333333333351841 0
26.99950980429154 -0.7222222222234562 0
26.99950980429154 -0.6111111111117281 0
27.81336610281432 -1.388888888889506 0
27.81336610281433 -1.277777777779012 0
27.81336610281432 -1.166666666668517 0
27.81336610281432 -1.055555555558023 0
27.81336610281432 -0.9444444444469126 0
27.81336610281433 -0.8333333333351842 0
27.81336610281432 -0.7222222222234562 0
27.81336610281432 -0.6111111111117281 0
28.6434995276442 -1.388888888889506 0
28.6434995276442 -1.277777777779012 0
28.6434995276442 -1.166666666668517 0
28.6434995276442 -1.055555555558023 0
28.6434995276442 -0.9444444444469124 0
28.6434995276442 -0.8333333333351844 0
28.64349952764421 -0.7222222222234562 0
28.64349952764421 -0.6111111111117281 0
29.49023562231732 -1.388888888889506 0
29.49023562231732 -1.277777777779012 0
29.49023562231732 -1.166666666668517 0
29.49023562231732 -1.055555555558023 0
29.49023562231732 -0.9444444444469124 0
29.49023562231732 -0.8333333333351843 0
29.49023562231732 -0.7222222222234562 0
29.49023562231732 -0.6111111111117281 0
30.35390643655604 -1.388888888889506 0
30.35390643655605 -1.277777777779012 0
30.35390643655605 -1.166666666668518 0
30.35390643655605 -1.055555555558023 0
30.35390643655605 -0.9444444444469124 0
30.35390643655605 -0.8333333333351844 0
30.35390643655605 -0.7222222222234562 0
30.35390643655605 -0.6111111111117281 0
31.23485066916192 -1.388888888889506 0
31.23485066916191 -1.277777777779012 0
31.23485066916192 -1.166666666668517 0
31.23485066916192 -1.055555555558023 0
31.23485066916192 -0.9444444444469123 0
31.23485066916192 -0.8333333333351844 0
31.23485066916191 -0.7222222222234561 0
31.23485066916191 -0.6111111111117281 0
32.13341378594497 -1.388888888889506 0
32.13341378594497 -1.277777777779012 0
32.13341378594497 -1.166666666668517 0
32.13341378594497 -1.055555555558023 0
32.13341378594497 -0.9444444444469124 0
32.13341378594497 -0.8333333333351843 0
32.13341378594497 -0.7222222222234562 0
32.13341378594497 -0.611111111111728 0
33.04994816665413 -1.388888888889507 0
33.04994816665413 -1.277777777779012 0
33.04994816665413 -1.166666666668517 0
33.04994816665413 -1.055555555558023 0
33.04994816665413 -0.9444444444469123 0
33.04994816665413 -0.8333333333351843 0
33.04994816665413 -0.7222222222234563 0
33.04994816665413 -0.611111111111728 0
33.98481323409521 -1.388888888889506 0
33.98481323409521 -1.277777777779012 0
33.98481323409521 -1.166666666668517 0
33.98481323409521 -1.055555555558023 0
33.98481323409521 -0.9444444444469124 0
33.98481323409521 -0.8333333333351843 0
33.9848132340952 -0.7222222222234562 0
33.98481323409521 -0.611111111111728 0
34.93837559983467 -1.388888888889507 0
34.93837559983467 -1.277777777779012 0
34.93837559983467 -1.166666666668517 0
34.93837559983467 -1.055555555558023 0
34.93837559983467 -0.9444444444469124 0
34.93837559983467 -0.8333333333351842 0
34.93837559983467 -0.7222222222234562 0
34.93837559983467 -0.611111111111728 0
35.91100921649105 -1.388888888889506 0
35.91100921649104 -1.277777777779012 0
35.91100921649104 -1.166666666668517 0
35.91100921649104 -1.055555555558023 0
35.91100921649104 -0.9444444444469126 0
35.91100921649104 -0.8333333333351843 0
35.91100921649104 -0.7222222222234562 0
35.91100921649104 -0.6111111111117282 0
36.90309550564214 -1.388888888889506 0
36.90309550564214 -1.277777777779012 0
36.90309550564214 -1.166666666668518 0
36.90309550564214 -1.055555555558023 0
36.90309550564214 -0.9444444444469124 0
36.90309550564214 -0.8333333333351843 0
36.90309550564214 -0.7222222222234562 0
36.90309550564214 -0.611111111111728 0
37.91502352099596 -1.388888888889507 0
37.91502352099596 -1.277777777779012 0
37.91502352099596 -1.166666666668517 0
37.91502352099596 -1.055555555558023 0
37.91502352099596 -0.9444444444469124 0
37.91502352099596 -0.8333333333351843 0
37.91502352099596 -0.7222222222234563 0
37.91502352099595 -0.6111111111117281 0
38.94719009459452 -1.388888888889506 0
38.94719009459453 -1.277777777779012 0
38.94719009459453 -1.166666666668517 0
38.94719009459453 -1.055555555558023 0
38.94719009459453 -0.9444444444469124 0
38.94719009459453 -0.8333333333351842 0
38.94719009459453 -0.7222222222234562 0
38.94719009459453 -0.6111111111117281 0
2 4 0 272
1042
1043
1044
1045
1046
1047
1048
1049
1050
1051
1052
1053
1054
1055
1056
1057
1058
1059
1060
1061
1062
1063
1064
1065
1066
1067
1068
1069
1070
1071
1072
1073
1074
1075
1076
1077
1078
1079
1080
1081
1082
1083
1084
1085
1086
1087
1088
1089
1090
1091
1092
1093
1094
1095
1096
1097
1098
1099
1100
1101
1102
1103
1104
1105
1106
1107
1108
1109
1110
1111
1112
1113
1114
1115
1116
1117
1118
1119
1120
1121
1122
1123
1124
1125
1126
1127
1128
1129
1130
1131
1132
1133
1134
1135
1136
1137
1138
1139
1140
1141
1142
1143
1144
1145
1146
1147
1148
1149
1150
1151
1152
1153
1154
1155
1156
1157
1158
1159
1160
1161
1162
1163
1164
1165
1166
1167
1168
1169
1170
1171
1172
1173
1174
1175
1176
1177
1178
1179
1180
1181
1182
1183
1184
1185
1186
1187
1188
1189
1190
1191
1192
1193
1194
1195
1196
1197
1198
1199
1200
1201
1202
1203
1204
1205
1206
1207
1208
1209
1210
1211
1212
1213
1214
1215
1216
1217
1218
1219
1220
1221
1222
1223
1224
1225
1226
1227
1228
1229
1230
1231
1232
1233
1234
1235
1236
1237
1238
1239
1240
1241
1242
1243
1244
1245
1246
1247
1248
1249
1250
1251
1252
1253
1254
1255
1256
1257
1258
1259
1260
1261
1262
1263
1264
1265
1266
1267
1268
1269
1270
1271
1272
1273
1274
1275
1276
1277
1278
1279
1280
1281
1282
1283
1284
1285
1286
1287
1288
1289
1290
1291
1292
1293
1294
1295
1296
1297
1298
1299
1300
1301
1302
1303
1304
1305
1306
1307
1308
1309
1310
1311
1312
1313
0.2738661037008713 -0.4 0
0.2738661037008713 -0.3000000000006937 0
0.2738661037008713 -0.2000000000008325 0
0.2738661037008713 -0.1000000000004163 0
0.5532095268610129 -0.4 0
0.5532095268610129 -0.3000000000006937 0
0.5532095268610129 -0.2000000000008325 0
0.5532095268610129 -0.1000000000004163 0
0.8381398197641808 -0.4 0
0.8381398197641807 -0.3000000000006937 0
0.8381398197641807 -0.2000000000008325 0
0.8381398197641807 -0.1000000000004163 0
1.128768719028235 -0.4 0
1.128768719028235 -0.3000000000006937 0
1.128768719028235 -0.2000000000008325 0
1.128768719028235 -0.1000000000004162 0
1.425210200175429 -0.4 0
1.425210200175429 -0.3000000000006937 0
1.425210200175429 -0.2000000000008325 0
1.425210200175429 -0.1000000000004163 0
1.727580507825496 -0.4000000000000001 0
1.727580507825496 -0.3000000000006937 0
1.727580507825496 -0.2000000000008325 0
1.727580507825496 -0.1000000000004163 0
2.035998217138431 -0.4000000000000001 0
2.035998217138431 -0.3000000000006937 0
2.035998217138431 -0.2000000000008325 0
2.035998217138431 -0.1000000000004163 0
2.350584280056636 -0.4 0
2.350584280056636 -0.3000000000006937 0
2.350584280056636 -0.2000000000008325 0
2.350584280056636 -0.1000000000004163 0
2.671462066801267 -0.4 0
2.671462066801267 -0.3000000000006937 0
2.671462066801267 -0.2000000000008325 0
2.671462066801267 -0.1000000000004163 0
2.99875740974736 -0.4 0
2.998757409747362 -0.3000000000006937 0
2.998757409747361 -0.2000000000008325 0
2.998757409747361 -0.1000000000004162 0
3.332598660365842 -0.4 0
3.332598660365842 -0.3000000000006937 0
3.332598660365842 -0.2000000000008325 0
3.332598660365842 -0.1000000000004163 0
3.673116737324511 -0.4 0
3.673116737324511 -0.3000000000006937 0
3.673116737324511 -0.2000000000008325 0
3.673116737324511 -0.1000000000004163 0
4.020445175505434 -0.4 0
4.020445175505434 -0.3000000000006937 0
4.020445175505434 -0.2000000000008325 0
4.020445175505434 -0.1000000000004163 0
4.374720184003381 -0.4 0
4.374720184003381 -0.3000000000006937 0
4.374720184003381 -0.2000000000008325 0
4.374720184003381 -0.1000000000004163 0
4.736080693594799 -0.4 0
4.736080693594799 -0.3000000000006937 0
4.736080693594799 -0.2000000000008325 0
4.736080693594799 -0.1000000000004163 0
5.104668412844406 -0.4 0
5.104668412844406 -0.3000000000006937 0
5.104668412844406 -0.2000000000008325 0
5.104668412844405 -0.1000000000004163 0
5.480627885844664 -0.4 0
5.480627885844665 -0.3000000000006937 0
5.480627885844664 -0.2000000000008325 0
5.480627885844665 -0.1000000000004163 0
5.864106546921984 -0.4 0
5.864106546921986 -0.3000000000006937 0
5.864106546921986 -0.2000000000008325 0
5.864106546921985 -0.1000000000004163 0
6.255254776871332 -0.4 0
6.255254776871332 -0.3000000000006937 0
6.255254776871332 -0.2000000000008325 0
6.255254776871332 -0.1000000000004163 0
6.654225973996426 -0.4 0
6.654225973996427 -0.3000000000006937 0
6.654225973996427 -0.2000000000008325 0
6.654225973996427 -0.1000000000004163 0
7.061176597782032 -0.4 0
7.061176597782032 -0.3000000000006937 0
7.061176597782032 -0.2000000000008325 0
7.061176597782032 -0.1000000000004163 0
7.476266232240908 -0.4 0
7.476266232240908 -0.3000000000006937 0
7.476266232240908 -0.2000000000008325 0
7.476266232240908 -0.1000000000004163 0
7.899657658140624 -0.4 0
7.899657658140624 -0.3000000000006937 0
7.899657658140624 -0.2000000000008325 0
7.899657658140624 -0.1000000000004163 0
8.331516915781929 -0.4 0
8.331516915781931 -0.3000000000006937 0
8.331516915781931 -0.2000000000008325 0
8.331516915781931 -0.1000000000004163 0
8.772013358637221 -0.4 0
8.772013358637221 -0.3000000000006937 0
8.772013358637221 -0.2000000000008325 0
8.772013358637221 -0.1000000000004163 0
9.221319726727128 -0.4 0
9.221319726727128 -0.3000000000006937 0
9.221319726727128 -0.2000000000008325 0
9.221319726727128 -0.1000000000004163 0
9.679612223514294 -0.4 0
9.679612223514294 -0.3000000000006937 0
9.679612223514294 -0.2000000000008325 0
9.679612223514294 -0.1000000000004163 0
10.14707057138928 -0.4 0
10.14707057138928 -0.3000000000006937 0
10.14707057138928 -0.2000000000008325 0
10.14707057138928 -0.1000000000004163 0
10.62387808760225 -0.4 0
10.62387808760225 -0.3000000000006937 0
10.62387808760225 -0.2000000000008325 0
10.62387808760225 -0.1000000000004163 0
11.11022175145197 -0.4 0
11.11022175145197 -0.3000000000006937 0
11.11022175145197 -0.2000000000008325 0
11.11022175145197 -0.1000000000004163 0
11.6062922857194 -0.4 0
11.6062922857194 -0.3000000000006937 0
11.6062922857194 -0.2000000000008325 0
11.6062922857194 -0.1000000000004163 0
12.11228423589971 -0.4 0
12.11228423589971 -0.3000000000006937 0
12.11228423589971 -0.2000000000008325 0
12.11228423589971 -0.1000000000004163 0
12.62839602821564 -0.4 0
12.62839602821564 -0.3000000000006937 0
12.62839602821564 -0.2000000000008325 0
12.62839602821564 -0.1000000000004163 0
13.1548300541739 -0.4 0
13.1548300541739 -0.3000000000006937 0
13.1548300541739 -0.2000000000008325 0
13.1548300541739 -0.1000000000004163 0
13.69179275862044 -0.4 0
13.69179275862044 -0.3000000000006937 0
13.69179275862043 -0.2000000000008325 0
13.69179275862043 -0.1000000000004163 0
14.23949471912097 -0.4 0
14.23949471912097 -0.3000000000006937 0
14.23949471912097 -0.2000000000008325 0
14.23949471912097 -0.1000000000004163 0
14.79815071676153 -0.4 0
14.79815071676153 -0.3000000000006937 0
14.79815071676153 -0.2000000000008325 0
14.79815071676154 -0.1000000000004163 0
15.36797983340257 -0.4 0
15.36797983340257 -0.3000000000006937 0
15.36797983340257 -0.2000000000008325 0
15.36797983340257 -0.1000000000004163 0
15.94920553558328 -0.4 0
15.94920553558329 -0.3000000000006937 0
15.94920553558329 -0.2000000000008325 0
15.94920553558328 -0.1000000000004163 0
16.54205574897652 -0.4 0
16.54205574897652 -0.3000000000006937 0
16.54205574897652 -0.2000000000008325 0
16.54205574897652 -0.1000000000004163 0
17.14676296642707 -0.4 0
17.14676296642707 -0.3000000000006937 0
17.14676296642707 -0.2000000000008325 0
17.14676296642707 -0.1000000000004163 0
17.76356433022577 -0.4 0
17.76356433022577 -0.3000000000006937 0
17.76356433022577 -0.2000000000008325 0
17.76356433022577 -0.1000000000004163 0
18.39270172341043 -0.4 0
18.39270172341043 -0.3000000000006937 0
18.39270172341043 -0.2000000000008325 0
18.39270172341043 -0.1000000000004163 0
19.03442186524418 -0.4 0
19.03442186524418 -0.3000000000006937 0
19.03442186524418 -0.2000000000008325 0
19.03442186524418 -0.1000000000004163 0
19.68897640417469 -0.4 0
19.68897640417469 -0.3000000000006937 0
19.68897640417469 -0.2000000000008325 0
19.68897640417469 -0.1000000000004163 0
20.35662203249371 -0.4 0
20.35662203249372 -0.3000000000006937 0
20.35662203249372 -0.2000000000008325 0
20.35662203249372 -0.1000000000004163 0
21.03762057620596 -0.4 0
21.03762057620596 -0.3000000000006937 0
21.03762057620596 -0.2000000000008325 0
21.03762057620596 -0.1000000000004163 0
21.7322390934644 -0.4 0
21.7322390934644 -0.3000000000006937 0
21.7322390934644 -0.2000000000008325 0
21.7322390934644 -0.1000000000004163 0
22.44074998409085 -0.4 0
22.44074998409085 -0.3000000000006937 0
22.44074998409085 -0.2000000000008325 0
22.44074998409085 -0.1000000000004163 0
23.1634310908353 -0.4 0
23.1634310908353 -0.3000000000006937 0
23.1634310908353 -0.2000000000008325 0
23.1634310908353 -0.1000000000004163 0
23.90056581700422 -0.4 0
23.90056581700423 -0.3000000000006937 0
23.90056581700423 -0.2000000000008325 0
23.90056581700423 -0.1000000000004163 0
24.65244323672123 -0.4 0
24.65244323672123 -0.3000000000006937 0
24.65244323672123 -0.2000000000008325 0
24.65244323672123 -0.1000000000004163 0
25.41935820361822 -0.4 0
25.41935820361822 -0.3000000000006937 0
25.41935820361822 -0.2000000000008325 0
25.41935820361822 -0.1000000000004163 0
26.20161146989159 -0.4 0
26.2016114698916 -0.3000000000006937 0
26.2016114698916 -0.2000000000008325 0
26.2016114698916 -0.1000000000004163 0
26.99950980429154 -0.4 0
26.99950980429154 -0.3000000000006937 0
26.99950980429154 -0.2000000000008325 0
26.99950980429154 -0.1000000000004163 0
27.81336610281432 -0.4 0
27.81336610281432 -0.3000000000006937 0
27.81336610281432 -0.2000000000008325 0
27.81336610281432 -0.1000000000004163 0
28.64349952764421 -0.4 0
28.6434995276442 -0.3000000000006937 0
28.6434995276442 -0.2000000000008325 0
28.6434995276442 -0.1000000000004163 0
29.49023562231732 -0.4 0
29.49023562231732 -0.3000000000006937 0
29.49023562231732 -0.2000000000008325 0
29.49023562231732 -0.1000000000004163 0
30.35390643655605 -0.4 0
30.35390643655605 -0.3000000000006937 0
30.35390643655605 -0.2000000000008325 0
30.35390643655605 -0.1000000000004163 0
31.23485066916192 -0.4 0
31.23485066916192 -0.3000000000006937 0
31.23485066916193 -0.2000000000008325 0
31.23485066916192 -0.1000000000004163 0
32.13341378594497 -0.4 0
32.13341378594497 -0.3000000000006937 0
32.13341378594497 -0.2000000000008325 0
32.13341378594497 -0.1000000000004163 0
33.04994816665413 -0.4 0
33.04994816665413 -0.3000000000006937 0
33.04994816665413 -0.2000000000008325 0
33.04994816665413 -0.1000000000004163 0
33.9848132340952 -0.4 0
33.9848132340952 -0.3000000000006937 0
33.98481323409521 -0.2000000000008325 0
33.98481323409521 -0.1000000000004163 0
34.93837559983467 -0.4 0
34.93837559983467 -0.3000000000006937 0
34.93837559983467 -0.2000000000008325 0
34.93837559983467 -0.1000000000004163 0
35.91100921649104 -0.4 0
35.91100921649104 -0.3000000000006937 0
35.91100921649104 -0.2000000000008325 0
35.91100921649104 -0.1000000000004163 0
36.90309550564214 -0.4 0
36.90309550564214 -0.3000000000006937 0
36.90309550564214 -0.2000000000008325 0
36.90309550564214 -0.1000000000004163 0
37.91502352099596 -0.4 0
37.91502352099596 -0.3000000000006937 0
37.91502352099595 -0.2000000000008325 0
37.91502352099596 -0.1000000000004163 0
38.94719009459453 -0.4 0
38.94719009459453 -0.3000000000006937 0
38.94719009459453 -0.2000000000008325 0
38.94719009459453 -0.1000000000004163 0
2 5 0 272
1314
1315
1316
1317
1318
1319
1320
1321
1322
1323
1324
1325
1326
1327
1328
1329
1330
1331
1332
1333
1334
1335
1336
1337
1338
1339
1340
1341
1342
1343
1344
1345
1346
1347
1348
1349
1350
1351
1352
1353
1354
1355
1356
1357
1358
1359
1360
1361
1362
1363
1364
1365
1366
1367
1368
1369
1370
1371
1372
1373
1374
1375
1376
1377
1378
1379
1380
1381
1382
1383
1384
1385
1386
1387
1388
1389
1390
1391
1392
1393
1394
1395
1396
1397
1398
1399
1400
1401
1402
1403
1404
1405
1406
1407
1408
1409
1410
1411
1412
1413
1414
1415
1416
1417
1418
1419
1420
1421
1422
1423
1424
1425
1426
1427
1428
1429
1430
1431
1432
1433
1434
1435
1436
1437
1438
1439
1440
1441
1442
1443
1444
1445
1446
1447
1448
1449
1450
1451
1452
1453
1454
1455
1456
1457
1458
1459
1460
1461
1462
1463
1464
1465
1466
1467
1468
1469
1470
1471
1472
1473
1474
1475
1476
1477
1478
1479
1480
1481
1482
1483
1484
1485
1486
1487
1488
1489
1490
1491
1492
1493
1494
1495
1496
1497
1498
1499
1500
1501
1502
1503
1504
1505
1506
1507
1508
1509
1510
1511
1512
1513
1514
1515
1516
1517
1518
1519
1520
1521
1522
1523
1524
1525
1526
1527
1528
1529
1530
1531
1532
1533
1534
1535
1536
1537
1538
1539
1540
1541
1542
1543
1544
1545
1546
1547
1548
1549
1550
1551
1552
1553
1554
1555
1556
1557
1558
1559
1560
1561
1562
1563
1564
1565
1566
1567
1568
1569
1570
1571
1572
1573
1574
1575
1576
1577
1578
1579
1580
1581
1582
1583
1584
1585
0.2738661037008713 0.09999999999977846 0
0.2738661037008713 0.1999999999994865 0
0.2738661037008713 0.2999999999994725 0
0.2738661037008713 0.3999999999997362 0
0.5532095268610129 0.09999999999977846 0
0.5532095268610129 0.1999999999994866 0
0.5532095268610129 0.2999999999994726 0
0.5532095268610129 0.3999999999997362 0
0.8381398197641807 0.09999999999977846 0
0.8381398197641808 0.1999999999994866 0
0.8381398197641808 0.2999999999994725 0
0.8381398197641807 0.3999999999997362 0
1.128768719028235 0.09999999999977845 0
1.128768719028235 0.1999999999994866 0
1.128768719028235 0.2999999999994726 0
1.128768719028235 0.3999999999997362 0
1.425210200175429 0.09999999999977845 0
1.425210200175429 0.1999999999994866 0
1.425210200175429 0.2999999999994725 0
1.425210200175429 0.3999999999997362 0
1.727580507825496 0.09999999999977846 0
1.727580507825496 0.1999999999994865 0
1.727580507825496 0.2999999999994725 0
1.727580507825496 0.3999999999997362 0
2.035998217138431 0.09999999999977846 0
2.035998217138431 0.1999999999994866 0
2.035998217138431 0.2999999999994725 0
2.03599821713843 0.3999999999997363 0
2.350584280056636 0.09999999999977847 0
2.350584280056636 0.1999999999994865 0
2.350584280056636 0.2999999999994725 0
2.350584280056636 0.3999999999997363 0
2.671462066801266 0.09999999999977846 0
2.671462066801266 0.1999999999994866 0
2.671462066801267 0.2999999999994725 0
2.671462066801267 0.3999999999997362 0
2.99875740974736 0.09999999999977846 0
2.998757409747362 0.1999999999994866 0
2.998757409747362 0.2999999999994726 0
2.998757409747361 0.3999999999997362 0
3.332598660365842 0.09999999999977846 0
3.332598660365842 0.1999999999994866 0
3.332598660365842 0.2999999999994725 0
3.332598660365842 0.3999999999997362 0
3.673116737324511 0.09999999999977846 0
3.673116737324511 0.1999999999994866 0
3.673116737324511 0.2999999999994725 0
3.673116737324511 0.3999999999997362 0
4.020445175505435 0.09999999999977846 0
4.020445175505434 0.1999999999994866 0
4.020445175505434 0.2999999999994725 0
4.020445175505434 0.3999999999997362 0
4.374720184003381 0.09999999999977846 0
4.374720184003381 0.1999999999994865 0
4.374720184003381 0.2999999999994725 0
4.374720184003381 0.3999999999997362 0
4.736080693594799 0.09999999999977846 0
4.7360806935948 0.1999999999994866 0
4.736080693594799 0.2999999999994725 0
4.736080693594799 0.3999999999997362 0
5.104668412844406 0.09999999999977846 0
5.104668412844406 0.1999999999994866 0
5.104668412844406 0.2999999999994726 0
5.104668412844406 0.3999999999997362 0
5.480627885844665 0.09999999999977846 0
5.480627885844665 0.1999999999994866 0
5.480627885844665 0.2999999999994726 0
5.480627885844665 0.3999999999997362 0
5.864106546921986 0.09999999999977846 0
5.864106546921986 0.1999999999994866 0
5.864106546921986 0.2999999999994725 0
5.864106546921986 0.3999999999997362 0
6.255254776871332 0.09999999999977846 0
6.255254776871332 0.1999999999994866 0
6.255254776871332 0.2999999999994726 0
6.255254776871332 0.3999999999997362 0
6.654225973996427 0.09999999999977846 0
6.654225973996427 0.1999999999994866 0
6.654225973996427 0.2999999999994725 0
6.654225973996427 0.3999999999997362 0
7.061176597782029 0.09999999999977846 0
7.06117659778203 0.1999999999994866 0
7.061176597782032 0.2999999999994725 0
7.061176597782032 0.3999999999997362 0
7.476266232240909 0.09999999999977846 0
7.476266232240909 0.1999999999994865 0
7.476266232240908 0.2999999999994725 0
7.476266232240908 0.3999999999997362 0
7.899657658140625 0.09999999999977846 0
7.899657658140623 0.1999999999994866 0
7.899657658140624 0.2999999999994725 0
7.899657658140624 0.3999999999997362 0
8.331516915781931 0.09999999999977846 0
8.331516915781931 0.1999999999994866 0
8.331516915781929 0.2999999999994726 0
8.331516915781929 0.3999999999997362 0
8.772013358637221 0.09999999999977846 0
8.772013358637221 0.1999999999994866 0
8.772013358637221 0.2999999999994725 0
8.772013358637221 0.3999999999997362 0
9.221319726727128 0.09999999999977846 0
9.221319726727128 0.1999999999994866 0
9.221319726727128 0.2999999999994725 0
9.221319726727128 0.3999999999997362 0
9.679612223514296 0.09999999999977846 0
9.679612223514296 0.1999999999994865 0
9.679612223514294 0.2999999999994725 0
9.679612223514294 0.3999999999997362 0
10.14707057138928 0.09999999999977846 0
10.14707057138928 0.1999999999994866 0
10.14707057138928 0.2999999999994725 0
10.14707057138928 0.3999999999997362 0
10.62387808760226 0.09999999999977846 0
10.62387808760225 0.1999999999994866 0
10.62387808760225 0.2999999999994725 0
10.62387808760225 0.3999999999997362 0
11.11022175145197 0.09999999999977846 0
11.11022175145197 0.1999999999994866 0
11.11022175145197 0.2999999999994725 0
11.11022175145197 0.3999999999997362 0
11.6062922857194 0.09999999999977846 0
11.6062922857194 0.1999999999994866 0
11.6062922857194 0.2999999999994725 0
11.6062922857194 0.3999999999997362 0
12.11228423589971 0.09999999999977846 0
12.11228423589971 0.1999999999994866 0
12.11228423589971 0.2999999999994725 0
12.11228423589971 0.3999999999997362 0
12.62839602821563 0.09999999999977846 0
12.62839602821564 0.1999999999994866 0
12.62839602821563 0.2999999999994725 0
12.62839602821564 0.3999999999997362 0
13.1548300541739 0.09999999999977846 0
13.1548300541739 0.1999999999994866 0
13.1548300541739 0.2999999999994725 0
13.1548300541739 0.3999999999997362 0
13.69179275862044 0.09999999999977846 0
13.69179275862044 0.1999999999994866 0
13.69179275862044 0.2999999999994726 0
13.69179275862044 0.3999999999997362 0
14.23949471912097 0.09999999999977846 0
14.23949471912097 0.1999999999994866 0
14.23949471912097 0.2999999999994726 0
14.23949471912097 0.3999999999997362 0
14.79815071676153 0.09999999999977846 0
14.79815071676153 0.1999999999994865 0
14.79815071676153 0.2999999999994725 0
14.79815071676153 0.3999999999997362 0
15.36797983340257 0.09999999999977846 0
15.36797983340257 0.1999999999994866 0
15.36797983340257 0.2999999999994725 0
15.36797983340257 0.3999999999997362 0
15.94920553558328 0.09999999999977846 0
15.94920553558328 0.1999999999994866 0
15.94920553558329 0.2999999999994725 0
15.94920553558328 0.3999999999997362 0
16.54205574897652 0.09999999999977846 0
16.54205574897652 0.1999999999994866 0
16.54205574897652 0.2999999999994725 0
16.54205574897652 0.3999999999997362 0
17.14676296642707 0.09999999999977846 0
17.14676296642707 0.1999999999994866 0
17.14676296642707 0.2999999999994726 0
17.14676296642707 0.3999999999997362 0
17.76356433022577 0.09999999999977846 0
17.76356433022577 0.1999999999994866 0
17.76356433022577 0.2999999999994726 0
17.76356433022577 0.3999999999997362 0
18.39270172341043 0.09999999999977846 0
18.39270172341043 0.1999999999994866 0
18.39270172341043 0.2999999999994725 0
18.39270172341043 0.3999999999997362 0
19.03442186524418 0.09999999999977846 0
19.03442186524418 0.1999999999994866 0
19.03442186524418 0.2999999999994725 0
19.03442186524418 0.3999999999997362 0
19.68897640417469 0.09999999999977846 0
19.68897640417469 0.1999999999994866 0
19.68897640417469 0.2999999999994725 0
19.68897640417469 0.3999999999997362 0
20.35662203249372 0.09999999999977846 0
20.35662203249371 0.1999999999994866 0
20.35662203249372 0.2999999999994725 0
20.35662203249372 0.3999999999997362 0
21.03762057620595 0.09999999999977846 0
21.03762057620596 0.1999999999994866 0
21.03762057620596 0.2999999999994725 0
21.03762057620596 0.3999999999997362 0
21.7322390934644 0.09999999999977846 0
21.7322390934644 0.1999999999994866 0
21.7322390934644 0.2999999999994725 0
21.7322390934644 0.3999999999997362 0
22.44074998409084 0.09999999999977846 0
22.44074998409085 0.1999999999994866 0
22.44074998409085 0.2999999999994725 0
22.44074998409085 0.3999999999997362 0
23.1634310908353 0.09999999999977846 0
23.1634310908353 0.1999999999994866 0
23.1634310908353 0.2999999999994725 0
23.1634310908353 0.3999999999997362 0
23.90056581700422 0.09999999999977846 0
23.90056581700422 0.1999999999994866 0
23.90056581700422 0.2999999999994725 0
23.90056581700422 0.3999999999997362 0
24.65244323672123 0.09999999999977846 0
24.65244323672123 0.1999999999994866 0
24.65244323672123 0.2999999999994725 0
24.65244323672122 0.3999999999997362 0
25.41935820361822 0.09999999999977846 0
25.41935820361822 0.1999999999994865 0
25.41935820361822 0.2999999999994725 0
25.41935820361822 0.3999999999997362 0
26.2016114698916 0.09999999999977846 0
26.2016114698916 0.1999999999994865 0
26.2016114698916 0.2999999999994725 0
26.2016114698916 0.3999999999997362 0
26.99950980429154 0.09999999999977846 0
26.99950980429154 0.1999999999994865 0
26.99950980429154 0.2999999999994725 0
26.99950980429154 0.3999999999997362 0
27.81336610281432 0.09999999999977846 0
27.81336610281432 0.1999999999994865 0
27.81336610281432 0.2999999999994725 0
27.81336610281433 0.3999999999997362 0
28.64349952764421 0.09999999999977846 0
28.64349952764421 0.1999999999994865 0
28.6434995276442 0.2999999999994725 0
28.64349952764421 0.3999999999997362 0
29.49023562231732 0.09999999999977846 0
29.49023562231731 0.1999999999994866 0
29.49023562231732 0.2999999999994725 0
29.49023562231732 0.3999999999997362 0
30.35390643655605 0.09999999999977846 0
30.35390643655605 0.1999999999994866 0
30.35390643655605 0.2999999999994725 0
30.35390643655605 0.3999999999997362 0
31.23485066916192 0.09999999999977846 0
31.23485066916192 0.1999999999994866 0
31.23485066916192 0.2999999999994725 0
31.23485066916191 0.3999999999997362 0
32.13341378594497 0.09999999999977846 0
32.13341378594497 0.1999999999994866 0
32.13341378594497 0.2999999999994725 0
32.13341378594497 0.3999999999997362 0
33.04994816665413 0.09999999999977846 0
33.04994816665413 0.1999999999994866 0
33.04994816665413 0.2999999999994725 0
33.04994816665413 0.3999999999997362 0
33.98481323409521 0.09999999999977846 0
33.98481323409521 0.1999999999994866 0
33.9848132340952 0.2999999999994725 0
33.98481323409521 0.3999999999997362 0
34.93837559983467 0.09999999999977846 0
34.93837559983467 0.1999999999994866 0
34.93837559983467 0.2999999999994725 0
34.93837559983467 0.3999999999997362 0
35.91100921649105 0.09999999999977846 0
35.91100921649104 0.1999999999994866 0
35.91100921649104 0.2999999999994725 0
35.91100921649104 0.3999999999997362 0
36.90309550564214 0.09999999999977846 0
36.90309550564214 0.1999999999994866 0
36.90309550564214 0.2999999999994725 0
36.90309550564214 0.3999999999997362 0
37.91502352099594 0.09999999999977846 0
37.91502352099596 0.1999999999994866 0
37.91502352099596 0.2999999999994725 0
37.91502352099596 0.3999999999997362 0
38.94719009459454 0.09999999999977846 0
38.94719009459454 0.1999999999994866 0
38.94719009459453 0.2999999999994725 0
38.94719009459454 0.3999999999997362 0
2 6 0 544
1586
1587
1588
1589
1590
1591
1592
1593
1594
1595
1596
1597
1598
1599
1600
1601
1602
1603
1604
1605
1606
1607
1608
1609
1610
1611
1612
1613
1614
1615
1616
1617
1618
1619
1620
1621
1622
1623
1624
1625
1626
1627
1628
1629
1630
1631
1632
1633
1634
1635
1636
1637
1638
1639
1640
1641
1642
1643
1644
1645
1646
1647
1648
1649
1650
1651
1652
1653
1654
1655
1656
1657
1658
1659
1660
1661
1662
1663
1664
1665
1666
1667
1668
1669
1670
1671
1672
1673
1674
1675
1676
1677
1678
1679
1680
1681
1682
1683
1684
1685
1686
1687
1688
1689
1690
1691
1692
1693
1694
1695
1696
1697
1698
1699
1700
1701
1702
1703
1704
1705
1706
1707
1708
1709
1710
1711
1712
1713
1714
1715
1716
1717
1718
1719
1720
1721
1722
1723
1724
1725
1726
1727
1728
1729
1730
1731
1732
1733
1734
1735
1736
1737
1738
1739
1740
1741
1742
1743
1744
1745
1746
1747
1748
1749
1750
1751
1752
1753
1754
1755
1756
1757
1758
1759
1760
1761
1762
1763
1764
1765
1766
1767
1768
1769
1770
1771
1772
1773
1774
1775
1776
1777
1778
1779
1780
1781
1782
1783
1784
1785
1786
1787
1788
1789
1790
1791
1792
1793
1794
1795
1796
1797
1798
1799
1800
1801
1802
1803
1804
1805
1806
1807
1808
1809
1810
1811
1812
1813
1814
1815
1816
1817
1818
1819
1820
1821
1822
1823
1824
1825
1826
1827
1828
1829
1830
1831
1832
1833
1834
1835
1836
1837
1838
1839
1840
1841
1842
1843
1844
1845
1846
1847
1848
1849
1850
1851
1852
1853
1854
1855
1856
1857
1858
1859
1860
1861
1862
1863
1864
1865
1866
1867
1868
1869
1870
1871
1872
1873
1874
1875
1876
1877
1878
1879
1880
1881
1882
1883
1884
1885
1886
1887
1888
1889
1890
1891
1892
1893
1894
1895
1896
1897
1898
1899
1900
1901
1902
1903
1904
1905
1906
1907
1908
1909
1910
1911
1912
1913
1914
1915
1916
1917
1918
1919
1920
1921
1922
1923
1924
1925
1926
1927
1928
1929
1930
1931
1932
1933
1934
1935
1936
1937
1938
1939
1940
1941
1942
1943
1944
1945
1946
1947
1948
1949
1950
1951
1952
1953
1954
1955
1956
1957
1958
1959
1960
1961
1962
1963
1964
1965
1966
1967
1968
1969
1970
1971
1972
1973
1974
1975
1976
1977
1978
1979
1980
1981
1982
1983
1984
1985
1986
1987
1988
1989
1990
1991
1992
1993
1994
1995
1996
1997
1998
1999
2000
2001
2002
2003
2004
2005
2006
2007
2008
2009
2010
2011
2012
2013
2014
2015
2016
2017
2018
2019
2020
2021
2022
2023
2024
2025
2026
2027
2028
2029
2030
2031
2032
2033
2034
2035
2036
2037
2038
2039
2040
2041
2042
2043
2044
2045
2046
2047
2048
2049
2050
2051
2052
2053
2054
2055
2056
2057
2058
2059
2060
2061
2062
2063
2064
2065
2066
2067
2068
2069
2070
2071
2072
2073
2074
2075
2076
2077
2078
2079
2080
2081
2082
2083
2084
2085
2086
2087
2088
2089
2090
2091
2092
2093
2094
2095
2096
2097
2098
2099
2100
2101
2102
2103
2104
2105
2106
2107
2108
2109
2110
2111
2112
2113
2114
2115
2116
2117
2118
2119
2120
2121
2122
2123
2124
2125
2126
2127
2128
2129
0.2738661037008713 0.6111111111121907 0
0.2738661037008713 0.7222222222233019 0
0.2738661037008713 0.8333333333342592 0
0.2738661037008713 0.9444444444452167 0
0.2738661037008713 1.055555555556174 0
0.2738661037008713 1.16666666666713 0
0.2738661037008713 1.277777777778087 0
0.2738661037008713 1.388888888889043 0
0.553209526861013 0.6111111111121907 0
0.5532095268610129 0.7222222222233019 0
0.5532095268610129 0.8333333333342591 0
0.5532095268610129 0.9444444444452167 0
0.5532095268610129 1.055555555556174 0
0.5532095268610129 1.16666666666713 0
0.5532095268610129 1.277777777778087 0
0.553209526861013 1.388888888889043 0
0.8381398197641807 0.6111111111121907 0
0.8381398197641807 0.7222222222233019 0
0.8381398197641807 0.8333333333342592 0
0.8381398197641807 0.9444444444452167 0
0.8381398197641807 1.055555555556174 0
0.8381398197641807 1.16666666666713 0
0.8381398197641807 1.277777777778087 0
0.8381398197641807 1.388888888889043 0
1.128768719028234 0.6111111111121906 0
1.128768719028235 0.7222222222233019 0
1.128768719028235 0.8333333333342591 0
1.128768719028235 0.9444444444452167 0
1.128768719028235 1.055555555556174 0
1.128768719028235 1.16666666666713 0
1.128768719028235 1.277777777778087 0
1.128768719028235 1.388888888889043 0
1.425210200175429 0.6111111111121907 0
1.425210200175429 0.7222222222233021 0
1.425210200175429 0.8333333333342592 0
1.425210200175429 0.9444444444452166 0
1.425210200175429 1.055555555556174 0
1.425210200175429 1.16666666666713 0
1.425210200175429 1.277777777778087 0
1.425210200175429 1.388888888889043 0
1.727580507825496 0.6111111111121907 0
1.727580507825496 0.7222222222233019 0
1.727580507825496 0.8333333333342592 0
1.727580507825496 0.9444444444452167 0
1.727580507825496 1.055555555556174 0
1.727580507825496 1.16666666666713 0
1.727580507825496 1.277777777778087 0
1.727580507825496 1.388888888889043 0
2.035998217138431 0.6111111111121907 0
2.035998217138431 0.7222222222233019 0
2.035998217138431 0.8333333333342592 0
2.035998217138431 0.9444444444452169 0
2.035998217138431 1.055555555556174 0
2.035998217138431 1.16666666666713 0
2.03599821713843 1.277777777778087 0
2.035998217138431 1.388888888889043 0
2.350584280056637 0.6111111111121907 0
2.350584280056636 0.7222222222233017 0
2.350584280056636 0.8333333333342592 0
2.350584280056636 0.9444444444452167 0
2.350584280056636 1.055555555556174 0
2.350584280056636 1.16666666666713 0
2.350584280056636 1.277777777778087 0
2.350584280056636 1.388888888889043 0
2.671462066801267 0.6111111111121907 0
2.671462066801267 0.7222222222233019 0
2.671462066801267 0.8333333333342592 0
2.671462066801267 0.9444444444452167 0
2.671462066801267 1.055555555556174 0
2.671462066801267 1.16666666666713 0
2.671462066801267 1.277777777778087 0
2.671462066801267 1.388888888889043 0
2.998757409747361 0.6111111111121907 0
2.998757409747361 0.7222222222233021 0
2.998757409747361 0.8333333333342592 0
2.998757409747362 0.9444444444452165 0
2.998757409747361 1.055555555556174 0
2.998757409747361 1.16666666666713 0
2.998757409747362 1.277777777778087 0
2.998757409747361 1.388888888889043 0
3.332598660365842 0.6111111111121907 0
3.332598660365842 0.7222222222233019 0
3.332598660365842 0.8333333333342592 0
3.332598660365843 0.9444444444452167 0
3.332598660365842 1.055555555556174 0
3.332598660365842 1.16666666666713 0
3.332598660365842 1.277777777778087 0
3.332598660365842 1.388888888889043 0
3.673116737324512 0.6111111111121907 0
3.673116737324512 0.7222222222233019 0
3.673116737324511 0.8333333333342592 0
3.673116737324511 0.9444444444452167 0
3.673116737324511 1.055555555556174 0
3.673116737324511 1.16666666666713 0
3.673116737324511 1.277777777778087 0
3.673116737324511 1.388888888889043 0
4.020445175505434 0.6111111111121907 0
4.020445175505434 0.7222222222233019 0
4.020445175505434 0.8333333333342592 0
4.020445175505434 0.9444444444452167 0
4.020445175505434 1.055555555556174 0
4.020445175505434 1.16666666666713 0
4.020445175505434 1.277777777778087 0
4.020445175505434 1.388888888889043 0
4.374720184003381 0.6111111111121907 0
4.374720184003381 0.7222222222233019 0
4.374720184003381 0.8333333333342592 0
4.374720184003381 0.9444444444452167 0
4.374720184003381 1.055555555556174 0
4.374720184003381 1.16666666666713 0
4.374720184003381 1.277777777778087 0
4.374720184003381 1.388888888889043 0
4.736080693594799 0.6111111111121907 0
4.736080693594799 0.7222222222233019 0
4.736080693594799 0.8333333333342592 0
4.736080693594799 0.9444444444452167 0
4.736080693594799 1.055555555556174 0
4.736080693594799 1.16666666666713 0
4.736080693594799 1.277777777778087 0
4.736080693594799 1.388888888889043 0
5.104668412844403 0.6111111111121907 0
5.104668412844406 0.7222222222233021 0
5.104668412844406 0.8333333333342592 0
5.104668412844405 0.9444444444452167 0
5.104668412844405 1.055555555556174 0
5.104668412844405 1.16666666666713 0
5.104668412844406 1.277777777778087 0
5.104668412844405 1.388888888889043 0
5.480627885844665 0.6111111111121907 0
5.480627885844665 0.7222222222233019 0
5.480627885844665 0.8333333333342592 0
5.480627885844665 0.9444444444452167 0
5.480627885844665 1.055555555556174 0
5.480627885844664 1.16666666666713 0
5.480627885844665 1.277777777778087 0
5.480627885844665 1.388888888889043 0
5.864106546921986 0.6111111111121907 0
5.864106546921986 0.7222222222233019 0
5.864106546921986 0.8333333333342592 0
5.864106546921986 0.9444444444452166 0
5.864106546921986 1.055555555556174 0
5.864106546921986 1.16666666666713 0
5.864106546921986 1.277777777778087 0
5.864106546921985 1.388888888889043 0
6.255254776871332 0.6111111111121907 0
6.255254776871332 0.7222222222233018 0
6.255254776871332 0.8333333333342592 0
6.255254776871332 0.9444444444452167 0
6.255254776871332 1.055555555556174 0
6.255254776871332 1.16666666666713 0
6.255254776871332 1.277777777778087 0
6.255254776871332 1.388888888889043 0
6.654225973996428 0.6111111111121907 0
6.654225973996427 0.7222222222233019 0
6.654225973996427 0.8333333333342592 0
6.654225973996427 0.9444444444452167 0
6.654225973996427 1.055555555556174 0
6.654225973996427 1.16666666666713 0
6.654225973996427 1.277777777778087 0
6.654225973996428 1.388888888889043 0
7.061176597782029 0.6111111111121907 0
7.061176597782032 0.7222222222233019 0
7.061176597782029 0.8333333333342592 0
7.061176597782032 0.9444444444452167 0
7.061176597782032 1.055555555556174 0
7.061176597782032 1.16666666666713 0
7.061176597782032 1.277777777778087 0
7.061176597782031 1.388888888889043 0
7.476266232240906 0.6111111111121907 0
7.476266232240908 0.7222222222233019 0
7.476266232240908 0.8333333333342592 0
7.476266232240908 0.9444444444452167 0
7.476266232240908 1.055555555556174 0
7.476266232240908 1.16666666666713 0
7.476266232240908 1.277777777778087 0
7.476266232240909 1.388888888889043 0
7.899657658140624 0.6111111111121907 0
7.899657658140626 0.7222222222233019 0
7.899657658140624 0.8333333333342592 0
7.899657658140624 0.9444444444452167 0
7.899657658140624 1.055555555556174 0
7.899657658140624 1.16666666666713 0
7.899657658140624 1.277777777778087 0
7.899657658140625 1.388888888889043 0
8.331516915781931 0.6111111111121907 0
8.331516915781931 0.7222222222233019 0
8.331516915781929 0.8333333333342591 0
8.331516915781931 0.9444444444452166 0
8.331516915781929 1.055555555556174 0
8.331516915781931 1.16666666666713 0
8.331516915781929 1.277777777778087 0
8.331516915781931 1.388888888889043 0
8.772013358637221 0.6111111111121907 0
8.772013358637221 0.7222222222233019 0
8.772013358637221 0.8333333333342592 0
8.772013358637221 0.9444444444452167 0
8.772013358637221 1.055555555556174 0
8.772013358637221 1.16666666666713 0
8.772013358637221 1.277777777778087 0
8.772013358637221 1.388888888889043 0
9.221319726727128 0.6111111111121907 0
9.221319726727128 0.7222222222233019 0
9.221319726727128 0.8333333333342592 0
9.221319726727128 0.9444444444452167 0
9.221319726727128 1.055555555556174 0
9.221319726727128 1.16666666666713 0
9.221319726727128 1.277777777778087 0
9.221319726727128 1.388888888889043 0
9.679612223514296 0.6111111111121907 0
9.679612223514294 0.7222222222233019 0
9.679612223514294 0.8333333333342592 0
9.679612223514294 0.9444444444452168 0
9.679612223514294 1.055555555556174 0
9.679612223514294 1.16666666666713 0
9.679612223514294 1.277777777778087 0
9.679612223514296 1.388888888889043 0
10.14707057138928 0.6111111111121907 0
10.14707057138928 0.7222222222233019 0
10.14707057138928 0.8333333333342592 0
10.14707057138928 0.9444444444452167 0
10.14707057138928 1.055555555556174 0
10.14707057138928 1.16666666666713 0
10.14707057138928 1.277777777778087 0
10.14707057138928 1.388888888889043 0
10.62387808760226 0.6111111111121907 0
10.62387808760225 0.7222222222233019 0
10.62387808760225 0.8333333333342592 0
10.62387808760225 0.9444444444452167 0
10.62387808760225 1.055555555556174 0
10.62387808760225 1.16666666666713 0
10.62387808760225 1.277777777778087 0
10.62387808760225 1.388888888889043 0
11.11022175145197 0.6111111111121909 0
11.11022175145197 0.7222222222233017 0
11.11022175145197 0.8333333333342592 0
11.11022175145197 0.9444444444452167 0
11.11022175145197 1.055555555556174 0
11.11022175145197 1.16666666666713 0
11.11022175145197 1.277777777778087 0
11.11022175145197 1.388888888889043 0
11.6062922857194 0.6111111111121907 0
11.6062922857194 0.7222222222233019 0
11.6062922857194 0.8333333333342592 0
11.6062922857194 0.9444444444452167 0
11.6062922857194 1.055555555556174 0
11.6062922857194 1.16666666666713 0
11.6062922857194 1.277777777778087 0
11.6062922857194 1.388888888889043 0
12.11228423589971 0.6111111111121907 0
12.1122842358997 0.7222222222233019 0
12.11228423589971 0.8333333333342592 0
12.11228423589971 0.9444444444452167 0
12.11228423589971 1.055555555556174 0
12.11228423589971 1.16666666666713 0
12.11228423589971 1.277777777778087 0
12.11228423589971 1.388888888889043 0
12.62839602821564 0.6111111111121907 0
12.62839602821564 0.7222222222233019 0
12.62839602821564 0.8333333333342592 0
12.62839602821564 0.9444444444452167 0
12.62839602821564 1.055555555556174 0
12.62839602821564 1.16666666666713 0
12.62839602821564 1.277777777778087 0
12.62839602821564 1.388888888889043 0
13.1548300541739 0.6111111111121907 0
13.1548300541739 0.7222222222233019 0
13.1548300541739 0.8333333333342592 0
13.1548300541739 0.9444444444452167 0
13.1548300541739 1.055555555556174 0
13.1548300541739 1.16666666666713 0
13.1548300541739 1.277777777778087 0
13.1548300541739 1.388888888889043 0
13.69179275862043 0.6111111111121906 0
13.69179275862044 0.7222222222233019 0
13.69179275862044 0.8333333333342592 0
13.69179275862043 0.9444444444452167 0
13.69179275862043 1.055555555556174 0
13.69179275862043 1.16666666666713 0
13.69179275862044 1.277777777778087 0
13.69179275862044 1.388888888889043 0
14.23949471912098 0.6111111111121907 0
14.23949471912098 0.7222222222233019 0
14.23949471912097 0.8333333333342592 0
14.23949471912097 0.9444444444452167 0
14.23949471912097 1.055555555556174 0
14.23949471912097 1.16666666666713 0
14.23949471912097 1.277777777778087 0
14.23949471912098 1.388888888889043 0
14.79815071676153 0.6111111111121907 0
14.79815071676153 0.7222222222233019 0
14.79815071676153 0.8333333333342592 0
14.79815071676154 0.9444444444452167 0
14.79815071676153 1.055555555556174 0
14.79815071676153 1.16666666666713 0
14.79815071676153 1.277777777778087 0
14.79815071676153 1.388888888889043 0
15.36797983340257 0.6111111111121907 0
15.36797983340257 0.7222222222233019 0
15.36797983340257 0.8333333333342592 0
15.36797983340257 0.9444444444452167 0
15.36797983340257 1.055555555556174 0
15.36797983340257 1.16666666666713 0
15.36797983340257 1.277777777778087 0
15.36797983340257 1.388888888889043 0
15.94920553558328 0.6111111111121907 0
15.94920553558328 0.7222222222233019 0
15.94920553558328 0.8333333333342592 0
15.94920553558328 0.9444444444452166 0
15.94920553558328 1.055555555556174 0
15.94920553558328 1.16666666666713 0
15.94920553558329 1.277777777778087 0
15.94920553558328 1.388888888889043 0
16.54205574897652 0.6111111111121907 0
16.54205574897652 0.7222222222233019 0
16.54205574897652 0.8333333333342592 0
16.54205574897652 0.9444444444452167 0
16.54205574897652 1.055555555556174 0
16.54205574897652 1.16666666666713 0
16.54205574897652 1.277777777778087 0
16.54205574897652 1.388888888889043 0
17.14676296642706 0.6111111111121907 0
17.14676296642707 0.7222222222233019 0
17.14676296642707 0.8333333333342592 0
17.14676296642707 0.9444444444452167 0
17.14676296642707 1.055555555556174 0
17.14676296642707 1.16666666666713 0
17.14676296642707 1.277777777778087 0
17.14676296642707 1.388888888889043 0
17.76356433022576 0.6111111111121907 0
17.76356433022577 0.7222222222233019 0
17.76356433022577 0.8333333333342591 0
17.76356433022577 0.9444444444452167 0
17.76356433022577 1.055555555556174 0
17.76356433022577 1.16666666666713 0
17.76356433022577 1.277777777778087 0
17.76356433022577 1.388888888889043 0
18.39270172341043 0.6111111111121907 0
18.39270172341043 0.7222222222233019 0
18.39270172341043 0.8333333333342592 0
18.39270172341043 0.9444444444452167 0
18.39270172341043 1.055555555556174 0
18.39270172341043 1.16666666666713 0
18.39270172341043 1.277777777778087 0
18.39270172341044 1.388888888889043 0
19.03442186524418 0.6111111111121907 0
19.03442186524418 0.7222222222233019 0
19.03442186524418 0.8333333333342592 0
19.03442186524418 0.9444444444452166 0
19.03442186524418 1.055555555556174 0
19.03442186524418 1.16666666666713 0
19.03442186524418 1.277777777778087 0
19.03442186524418 1.388888888889043 0
19.68897640417469 0.6111111111121907 0
19.68897640417469 0.7222222222233019 0
19.68897640417469 0.8333333333342592 0
19.68897640417469 0.9444444444452167 0
19.68897640417469 1.055555555556174 0
19.68897640417469 1.16666666666713 0
19.68897640417469 1.277777777778087 0
19.68897640417469 1.388888888889043 0
20.35662203249372 0.6111111111121907 0
20.35662203249372 0.7222222222233019 0
20.35662203249371 0.8333333333342592 0
20.35662203249371 0.9444444444452167 0
20.35662203249372 1.055555555556174 0
20.35662203249372 1.16666666666713 0
20.35662203249372 1.277777777778087 0
20.35662203249372 1.388888888889043 0
21.03762057620596 0.6111111111121907 0
21.03762057620596 0.7222222222233019 0
21.03762057620596 0.8333333333342592 0
21.03762057620596 0.9444444444452167 0
21.03762057620596 1.055555555556174 0
21.03762057620596 1.16666666666713 0
21.03762057620596 1.277777777778087 0
21.03762057620596 1.388888888889043 0
21.7322390934644 0.6111111111121907 0
21.7322390934644 0.7222222222233019 0
21.7322390934644 0.8333333333342592 0
21.7322390934644 0.9444444444452167 0
21.7322390934644 1.055555555556174 0
21.7322390934644 1.16666666666713 0
21.7322390934644 1.277777777778087 0
21.7322390934644 1.388888888889043 0
22.44074998409085 0.6111111111121907 0
22.44074998409085 0.7222222222233019 0
22.44074998409085 0.8333333333342592 0
22.44074998409085 0.9444444444452167 0
22.44074998409085 1.055555555556174 0
22.44074998409085 1.16666666666713 0
22.44074998409085 1.277777777778087 0
22.44074998409085 1.388888888889043 0
23.16343109083531 0.6111111111121907 0
23.1634310908353 0.7222222222233019 0
23.1634310908353 0.8333333333342592 0
23.1634310908353 0.9444444444452167 0
23.1634310908353 1.055555555556174 0
23.1634310908353 1.16666666666713 0
23.1634310908353 1.277777777778087 0
23.1634310908353 1.388888888889043 0
23.90056581700423 0.6111111111121907 0
23.90056581700423 0.7222222222233019 0
23.90056581700422 0.8333333333342592 0
23.90056581700422 0.9444444444452167 0
23.90056581700422 1.055555555556174 0
23.90056581700422 1.16666666666713 0
23.90056581700422 1.277777777778087 0
23.90056581700422 1.388888888889043 0
24.65244323672123 0.6111111111121907 0
24.65244323672122 0.722222222223302 0
24.65244323672123 0.8333333333342592 0
24.65244323672123 0.9444444444452167 0
24.65244323672123 1.055555555556174 0
24.65244323672123 1.16666666666713 0
24.65244323672123 1.277777777778087 0
24.65244323672123 1.388888888889043 0
25.41935820361822 0.6111111111121907 0
25.41935820361822 0.7222222222233019 0
25.41935820361822 0.8333333333342592 0
25.41935820361822 0.9444444444452167 0
25.41935820361822 1.055555555556174 0
25.41935820361822 1.16666666666713 0
25.41935820361822 1.277777777778087 0
25.41935820361822 1.388888888889043 0
26.2016114698916 0.6111111111121907 0
26.2016114698916 0.7222222222233019 0
26.2016114698916 0.8333333333342591 0
26.2016114698916 0.9444444444452167 0
26.2016114698916 1.055555555556174 0
26.2016114698916 1.16666666666713 0
26.2016114698916 1.277777777778087 0
26.2016114698916 1.388888888889043 0
26.99950980429155 0.6111111111121907 0
26.99950980429154 0.722222222223302 0
26.99950980429155 0.8333333333342592 0
26.99950980429154 0.9444444444452167 0
26.99950980429154 1.055555555556174 0
26.99950980429154 1.16666666666713 0
26.99950980429155 1.277777777778087 0
26.99950980429154 1.388888888889043 0
27.81336610281432 0.6111111111121907 0
27.81336610281432 0.7222222222233019 0
27.81336610281432 0.8333333333342592 0
27.81336610281432 0.9444444444452167 0
27.81336610281433 1.055555555556174 0
27.81336610281432 1.16666666666713 0
27.81336610281432 1.277777777778087 0
27.81336610281432 1.388888888889043 0
28.64349952764421 0.6111111111121907 0
28.64349952764421 0.7222222222233019 0
28.6434995276442 0.8333333333342592 0
28.6434995276442 0.9444444444452167 0
28.6434995276442 1.055555555556174 0
28.6434995276442 1.16666666666713 0
28.64349952764421 1.277777777778087 0
28.6434995276442 1.388888888889043 0
29.49023562231732 0.6111111111121907 0
29.49023562231732 0.7222222222233019 0
29.49023562231732 0.8333333333342592 0
29.49023562231732 0.9444444444452167 0
29.49023562231732 1.055555555556174 0
29.49023562231732 1.16666666666713 0
29.49023562231732 1.277777777778087 0
29.49023562231732 1.388888888889043 0
30.35390643655604 0.6111111111121907 0
30.35390643655605 0.7222222222233019 0
30.35390643655605 0.8333333333342592 0
30.35390643655605 0.9444444444452167 0
30.35390643655605 1.055555555556174 0
30.35390643655605 1.16666666666713 0
30.35390643655605 1.277777777778087 0
30.35390643655605 1.388888888889044 0
31.23485066916193 0.6111111111121907 0
31.23485066916192 0.7222222222233019 0
31.23485066916192 0.8333333333342592 0
31.23485066916192 0.9444444444452167 0
31.23485066916191 1.055555555556174 0
31.23485066916192 1.16666666666713 0
31.23485066916193 1.277777777778087 0
31.23485066916192 1.388888888889043 0
32.13341378594497 0.6111111111121907 0
32.13341378594496 0.7222222222233019 0
32.13341378594497 0.8333333333342592 0
32.13341378594497 0.9444444444452167 0
32.13341378594497 1.055555555556174 0
32.13341378594497 1.16666666666713 0
32.13341378594497 1.277777777778087 0
32.13341378594497 1.388888888889043 0
33.04994816665413 0.6111111111121907 0
33.04994816665413 0.7222222222233019 0
33.04994816665413 0.8333333333342592 0
33.04994816665413 0.9444444444452167 0
33.04994816665413 1.055555555556174 0
33.04994816665413 1.16666666666713 0
33.04994816665413 1.277777777778087 0
33.04994816665413 1.388888888889043 0
33.98481323409521 0.6111111111121906 0
33.98481323409521 0.7222222222233019 0
33.98481323409521 0.8333333333342592 0
33.98481323409521 0.9444444444452167 0
33.98481323409521 1.055555555556174 0
33.98481323409521 1.16666666666713 0
33.98481323409521 1.277777777778087 0
33.98481323409521 1.388888888889043 0
34.93837559983467 0.6111111111121907 0
34.93837559983467 0.7222222222233019 0
34.93837559983467 0.8333333333342593 0
34.93837559983467 0.9444444444452167 0
34.93837559983467 1.055555555556174 0
34.93837559983467 1.16666666666713 0
34.93837559983467 1.277777777778087 0
34.93837559983467 1.388888888889043 0
35.91100921649104 0.6111111111121907 0
35.91100921649104 0.7222222222233019 0
35.91100921649104 0.8333333333342592 0
35.91100921649104 0.9444444444452167 0
35.91100921649104 1.055555555556174 0
35.91100921649104 1.16666666666713 0
35.91100921649104 1.277777777778087 0
35.91100921649104 1.388888888889043 0
36.90309550564214 0.6111111111121907 0
36.90309550564214 0.7222222222233019 0
36.90309550564213 0.8333333333342592 0
36.90309550564214 0.9444444444452166 0
36.90309550564214 1.055555555556174 0
36.90309550564214 1.16666666666713 0
36.90309550564214 1.277777777778087 0
36.90309550564214 1.388888888889043 0
37.91502352099597 0.6111111111121907 0
37.91502352099596 0.7222222222233019 0
37.91502352099596 0.8333333333342592 0
37.91502352099596 0.9444444444452167 0
37.91502352099596 1.055555555556174 0
37.91502352099596 1.16666666666713 0
37.91502352099596 1.277777777778087 0
37.91502352099596 1.388888888889044 0
38.94719009459452 0.6111111111121907 0
38.94719009459453 0.7222222222233019 0
38.94719009459453 0.8333333333342592 0
38.94719009459453 0.9444444444452167 0
38.94719009459453 1.055555555556174 0
38.94719009459453 1.16666666666713 0
38.94719009459453 1.277777777778087 0
38.94719009459453 1.388888888889043 0
$EndNodes
$Elements
20 2312 1 2312
1 1 1 9
1 1 14 
2 14 15 
3 15 16 
4 16 17 
5 17 18 
6 18 19 
7 19 20 
8 20 21 
9 21 5 
1 2 1 9
10 2 22 
11 22 23 
12 23 24 
13 24 25 
14 25 26 
15 26 27 
16 27 28 
17 28 29 
18 29 6 
1 3 1 9
19 3 30 
20 30 31 
21 31 32 
22 32 33 
23 33 34 
24 34 35 
25 35 36 
26 36 37 
27 37 7 
1 4 1 69
28 4 38 
29 38 39 
30 39 40 
31 40 41 
32 41 42 
33 42 43 
34 43 44 
35 44 45 
36 45 46 
37 46 47 
38 47 48 
39 48 49 
40 49 50 
41 50 51 
42 51 52 
43 52 53 
44 53 54 
45 54 55 
46 55 56 
47 56 57 
48 57 58 
49 58 59 
50 59 60 
51 60 61 
52 61 62 
53 62 63 
54 63 64 
55 64 65 
56 65 66 
57 66 67 
58 67 68 
59 68 69 
60 69 70 
61 70 71 
62 71 72 
63 72 73 
64 73 74 
65 74 75 
66 75 76 
67 76 77 
68 77 78 
69 78 79 
70 79 80 
71 80 81 
72 81 82 
73 82 83 
74 83 84 
75 84 85 
76 85 86 
77 86 87 
78 87 88 
79 88 89 
80 89 90 
81 90 91 
82 91 92 
83 92 93 
84 93 94 
85 94 95 
86 95 96 
87 96 97 
88 97 98 
89 98 99 
90 99 100 
91 100 101 
92 101 102 
93 102 103 
94 103 104 
95 104 105 
96 105 9 
1 6 1 69
97 6 174 
98 174 175 
99 175 176 
100 176 177 
101 177 178 
102 178 179 
103 179 180 
104 180 181 
105 181 182 
106 182 183 
107 183 184 
108 184 185 
109 185 186 
110 186 187 
111 187 188 
112 188 189 
113 189 190 
114 190 191 
115 191 192 
116 192 193 
117 193 194 
118 194 195 
119 195 196 
120 196 197 
121 197 198 
122 198 199 
123 199 200 
124 200 201 
125 201 202 
126 202 203 
127 203 204 
128 204 205 
129 205 206 
130 206 207 
131 207 208 
132 208 209 
133 209 210 
134 210 211 
135 211 212 
136 212 213 
137 213 214 
138 214 215 
139 215 216 
140 216 217 
141 217 218 
142 218 219 
143 219 220 
144 220 221 
145 221 222 
146 222 223 
147 223 224 
148 224 225 
149 225 226 
150 226 227 
151 227 228 
152 228 229 
153 229 230 
154 230 231 
155 231 232 
156 232 233 
157 233 234 
158 234 235 
159 235 236 
160 236 237 
161 237 238 
162 238 239 
163 239 240 
164 240 241 
165 241 11 
1 8 1 69
166 8 310 
167 310 311 
168 311 312 
169 312 313 
170 313 314 
171 314 315 
172 315 316 
173 316 317 
174 317 318 
175 318 319 
176 319 320 
177 320 321 
178 321 322 
179 322 323 
180 323 324 
181 324 325 
182 325 326 
183 326 327 
184 327 328 
185 328 329 
186 329 330 
187 330 331 
188 331 332 
189 332 333 
190 333 334 
191 334 335 
192 335 336 
193 336 337 
194 337 338 
195 338 339 
196 339 340 
197 340 341 
198 341 342 
199 342 343 
200 343 344 
201 344 345 
202 345 346 
203 346 347 
204 347 348 
205 348 349 
206 349 350 
207 350 351 
208 351 352 
209 352 353 
210 353 354 
211 354 355 
212 355 356 
213 356 357 
214 357 358 
215 358 359 
216 359 360 
217 360 361 
218 361 362 
219 362 363 
220 363 364 
221 364 365 
222 365 366 
223 366 367 
224 367 368 
225 368 369 
226 369 370 
227 370 371 
228 371 372 
229 372 373 
230 373 374 
231 374 375 
232 375 376 
233 376 377 
234 377 13 
1 11 1 5
235 1 378 
236 378 379 
237 379 380 
238 380 381 
239 381 2 
1 12 1 5
240 2 382 
241 382 383 
242 383 384 
243 384 385 
244 385 3 
1 13 1 9
245 4 386 
246 386 387 
247 387 388 
248 388 389 
249 389 390 
250 390 391 
251 391 392 
252 392 393 
253 393 5 
1 16 1 9
254 7 402 
255 402 403 
256 403 404 
257 404 405 
258 405 406 
259 406 407 
260 407 408 
261 408 409 
262 409 8 
1 17 1 9
263 9 410 
264 410 411 
265 411 412 
266 412 413 
267 413 414 
268 414 415 
269 415 416 
270 416 417 
271 417 10 
1 18 1 5
272 10 418 
273 418 419 
274 419 420 
275 420 421 
276 421 11 
1 19 1 5
277 11 422 
278 422 423 
279 423 424 
280 424 425 
281 425 12 
1 20 1 9
282 12 426 
283 426 427 
284 427 428 
285 428 429 
286 429 430 
287 430 431 
288 431 432 
289 432 433 
290 433 13 
2 1 3 45
291 1 14 434 378 
292 378 434 435 379 
293 379 435 436 380 
294 380 436 437 381 
295 381 437 22 2 
296 14 15 438 434 
297 434 438 439 435 
298 435 439 440 436 
299 436 440 441 437 
300 437 441 23 22 
301 15 16 442 438 
302 438 442 443 439 
303 439 443 444 440 
304 440 444 445 441 
305 441 445 24 23 
306 16 17 446 442 
307 442 446 447 443 
308 443 447 448 444 
309 444 448 449 445 
310 445 449 25 24 
311 17 18 450 446 
312 446 450 451 447 
313 447 451 452 448 
314 448 452 453 449 
315 449 453 26 25 
316 18 19 454 450 
317 450 454 455 451 
318 451 455 456 452 
319 452 456 457 453 
320 453 457 27 26 
321 19 20 458 454 
322 454 458 459 455 
323 455 459 460 456 
324 456 460 461 457 
325 457 461 28 27 
326 20 21 462 458 
327 458 462 463 459 
328 459 463 464 460 
329 460 464 465 461 
330 461 465 29 28 
331 21 5 394 462 
332 462 394 395 463 
333 463 395 396 464 
334 464 396 397 465 
335 465 397 6 29 
2 2 3 45
336 2 22 466 382 
337 382 466 467 383 
338 383 467 468 384 
339 384 468 469 385 
340 385 469 30 3 
341 22 23 470 466 
342 466 470 471 467 
343 467 471 472 468 
344 468 472 473 469 
345 469 473 31 30 
346 23 24 474 470 
347 470 474 475 471 
348 471 475 476 472 
349 472 476 477 473 
350 473 477 32 31 
351 24 25 478 474 
352 474 478 479 475 
353 475 479 480 476 
354 476 480 481 477 
355 477 481 33 32 
356 25 26 482 478 
357 478 482 483 479 
358 479 483 484 480 
359 480 484 485 481 
360 481 485 34 33 
361 26 27 486 482 
362 482 486 487 483 
363 483 487 488 484 
364 484 488 489 485 
365 485 489 35 34 
366 27 28 490 486 
367 486 490 491 487 
368 487 491 492 488 
369 488 492 493 489 
370 489 493 36 35 
371 28 29 494 490 
372 490 494 495 491 
373 491 495 496 492 
374 492 496 497 493 
375 493 497 37 36 
376 29 6 398 494 
377 494 398 399 495 
378 495 399 400 496 
379 496 400 401 497 
380 497 401 7 37 
2 3 3 621
381 4 38 498 386 
382 386 498 499 387 
383 387 499 500 388 
384 388 500 501 389 
385 389 501 502 390 
386 390 502 503 391 
387 391 503 504 392 
388 392 504 505 393 
389 393 505 106 5 
390 38 39 506 498 
391 498 506 507 499 
392 499 507 508 500 
393 500 508 509 501 
394 501 509 510 502 
395 502 510 511 503 
396 503 511 512 504 
397 504 512 513 505 
398 505 513 107 106 
399 39 40 514 506 
400 506 514 515 507 
401 507 515 516 508 
402 508 516 517 509 
403 509 517 518 510 
404 510 518 519 511 
405 511 519 520 512 
406 512 520 521 513 
407 513 521 108 107 
408 40 41 522 514 
409 514 522 523 515 
410 515 523 524 516 
411 516 524 525 517 
412 517 525 526 518 
413 518 526 527 519 
414 519 527 528 520 
415 520 528 529 521 
416 521 529 109 108 
417 41 42 530 522 
418 522 530 531 523 
419 523 531 532 524 
420 524 532 533 525 
421 525 533 534 526 
422 526 534 535 527 
423 527 535 536 528 
424 528 536 537 529 
425 529 537 110 109 
426 42 43 538 530 
427 530 538 539 531 
428 531 539 540 532 
429 532 540 541 533 
430 533 541 542 534 
431 534 542 543 535 
432 535 543 544 536 
433 536 544 545 537 
434 537 545 111 110 
435 43 44 546 538 
436 538 546 547 539 
437 539 547 548 540 
438 540 548 549 541 
439 541 549 550 542 
440 542 550 551 543 
441 543 551 552 544 
442 544 552 553 545 
443 545 553 112 111 
444 44 45 554 546 
445 546 554 555 547 
446 547 555 556 548 
447 548 556 557 549 
448 549 557 558 550 
449 550 558 559 551 
450 551 559 560 552 
451 552 560 561 553 
452 553 561 113 112 
453 45 46 562 554 
454 554 562 563 555 
455 555 563 564 556 
456 556 564 565 557 
457 557 565 566 558 
458 558 566 567 559 
459 559 567 568 560 
460 560 568 569 561 
461 561 569 114 113 
462 46 47 570 562 
463 562 570 571 563 
464 563 571 572 564 
465 564 572 573 565 
466 565 573 574 566 
467 566 574 575 567 
468 567 575 576 568 
469 568 576 577 569 
470 569 577 115 114 
471 47 48 578 570 
472 570 578 579 571 
473 571 579 580 572 
474 572 580 581 573 
475 573 581 582 574 
476 574 582 583 575 
477 575 583 584 576 
478 576 584 585 577 
479 577 585 116 115 
480 48 49 586 578 
481 578 586 587 579 
482 579 587 588 580 
483 580 588 589 581 
484 581 589 590 582 
485 582 590 591 583 
486 583 591 592 584 
487 584 592 593 585 
488 585 593 117 116 
489 49 50 594 586 
490 586 594 595 587 
491 587 595 596 588 
492 588 596 597 589 
493 589 597 598 590 
494 590 598 599 591 
495 591 599 600 592 
496 592 600 601 593 
497 593 601 118 117 
498 50 51 602 594 
499 594 602 603 595 
500 595 603 604 596 
501 596 604 605 597 
502 597 605 606 598 
503 598 606 607 599 
504 599 607 608 600 
505 600 608 609 601 
506 601 609 119 118 
507 51 52 610 602 
508 602 610 611 603 
509 603 611 612 604 
510 604 612 613 605 
511 605 613 614 606 
512 606 614 615 607 
513 607 615 616 608 
514 608 616 617 609 
515 609 617 120 119 
516 52 53 618 610 
517 610 618 619 611 
518 611 619 620 612 
519 612 620 621 613 
520 613 621 622 614 
521 614 622 623 615 
522 615 623 624 616 
523 616 624 625 617 
524 617 625 121 120 
525 53 54 626 618 
526 618 626 627 619 
527 619 627 628 620 
528 620 628 629 621 
529 621 629 630 622 
530 622 630 631 623 
531 623 631 632 624 
532 624 632 633 625 
533 625 633 122 121 
534 54 55 634 626 
535 626 634 635 627 
536 627 635 636 628 
537 628 636 637 629 
538 629 637 638 630 
539 630 638 639 631 
540 631 639 640 632 
541 632 640 641 633 
542 633 641 123 122 
543 55 56 642 634 
544 634 642 643 635 
545 635 643 644 636 
546 636 644 645 637 
547 637 645 646 638 
548 638 646 647 639 
549 639 647 648 640 
550 640 648 649 641 
551 641 649 124 123 
552 56 57 650 642 
553 642 650 651 643 
554 643 651 652 644 
555 644 652 653 645 
556 645 653 654 646 
557 646 654 655 647 
558 647 655 656 648 
559 648 656 657 649 
560 649 657 125 124 
561 57 58 658 650 
562 650 658 659 651 
563 651 659 660 652 
564 652 660 661 653 
565 653 661 662 654 
566 654 662 663 655 
567 655 663 664 656 
568 656 664 665 657 
569 657 665 126 125 
570 58 59 666 658 
571 658 666 667 659 
572 659 667 668 660 
573 660 668 669 661 
574 661 669 670 662 
575 662 670 671 663 
576 663 671 672 664 
577 664 672 673 665 
578 665 673 127 126 
579 59 60 674 666 
580 666 674 675 667 
581 667 675 676 668 
582 668 676 677 669 
583 669 677 678 670 
584 670 678 679 671 
585 671 679 680 672 
586 672 680 681 673 
587 673 681 128 127 
588 60 61 682 674 
589 674 682 683 675 
590 675 683 684 676 
591 676 684 685 677 
592 677 685 686 678 
593 678 686 687 679 
594 679 687 688 680 
595 680 688 689 681 
596 681 689 129 128 
597 61 62 690 682 
598 682 690 691 683 
599 683 691 692 684 
600 684 692 693 685 
601 685 693 694 686 
602 686 694 695 687 
603 687 695 696 688 
604 688 696 697 689 
605 689 697 130 129 
606 62 63 698 690 
607 690 698 699 691 
608 691 699 700 692 
609 692 700 701 693 
610 693 701 702 694 
611 694 702 703 695 
612 695 703 704 696 
613 696 704 705 697 
614 697 705 131 130 
615 63 64 706 698 
616 698 706 707 699 
617 699 707 708 700 
618 700 708 709 701 
619 701 709 710 702 
620 702 710 711 703 
621 703 711 712 704 
622 704 712 713 705 
623 705 713 132 131 
624 64 65 714 706 
625 706 714 715 707 
626 707 715 716 708 
627 708 716 717 709 
628 709 717 718 710 
629 710 718 719 711 
630 711 719 720 712 
631 712 720 721 713 
632 713 721 133 132 
633 65 66 722 714 
634 714 722 723 715 
635 715 723 724 716 
636 716 724 725 717 
637 717 725 726 718 
638 718 726 727 719 
639 719 727 728 720 
640 720 728 729 721 
641 721 729 134 133 
642 66 67 730 722 
643 722 730 731 723 
644 723 731 732 724 
645 724 732 733 725 
646 725 733 734 726 
647 726 734 735 727 
648 727 735 736 728 
649 728 736 737 729 
650 729 737 135 134 
651 67 68 738 730 
652 730 738 739 731 
653 731 739 740 732 
654 732 740 741 733 
655 733 741 742 734 
656 734 742 743 735 
657 735 743 744 736 
658 736 744 745 737 
659 737 745 136 135 
660 68 69 746 738 
661 738 746 747 739 
662 739 747 748 740 
663 740 748 749 741 
664 741 749 750 742 
665 742 750 751 743 
666 743 751 752 744 
667 744 752 753 745 
668 745 753 137 136 
669 69 70 754 746 
670 746 754 755 747 
671 747 755 756 748 
672 748 756 757 749 
673 749 757 758 750 
674 750 758 759 751 
675 751 759 760 752 
676 752 760 761 753 
677 753 761 138 137 
678 70 71 762 754 
679 754 762 763 755 
680 755 763 764 756 
681 756 764 765 757 
682 757 765 766 758 
683 758 766 767 759 
684 759 767 768 760 
685 760 768 769 761 
686 761 769 139 138 
687 71 72 770 762 
688 762 770 771 763 
689 763 771 772 764 
690 764 772 773 765 
691 765 773 774 766 
692 766 774 775 767 
693 767 775 776 768 
694 768 776 777 769 
695 769 777 140 139 
696 72 73 778 770 
697 770 778 779 771 
698 771 779 780 772 
699 772 780 781 773 
700 773 781 782 774 
701 774 782 783 775 
702 775 783 784 776 
703 776 784 785 777 
704 777 785 141 140 
705 73 74 786 778 
706 778 786 787 779 
707 779 787 788 780 
708 780 788 789 781 
709 781 789 790 782 
710 782 790 791 783 
711 783 791 792 784 
712 784 792 793 785 
713 785 793 142 141 
714 74 75 794 786 
715 786 794 795 787 
716 787 795 796 788 
717 788 796 797 789 
718 789 797 798 790 
719 790 798 799 791 
720 791 799 800 792 
721 792 800 801 793 
722 793 801 143 142 
723 75 76 802 794 
724 794 802 803 795 
725 795 803 804 796 
726 796 804 805 797 
727 797 805 806 798 
728 798 806 807 799 
729 799 807 808 800 
730 800 808 809 801 
731 801 809 144 143 
732 76 77 810 802 
733 802 810 811 803 
734 803 811 812 804 
735 804 812 813 805 
736 805 813 814 806 
737 806 814 815 807 
738 807 815 816 808 
739 808 816 817 809 
740 809 817 145 144 
741 77 78 818 810 
742 810 818 819 811 
743 811 819 820 812 
744 812 820 821 813 
745 813 821 822 814 
746 814 822 823 815 
747 815 823 824 816 
748 816 824 825 817 
749 817 825 146 145 
750 78 79 826 818 
751 818 826 827 819 
752 819 827 828 820 
753 820 828 829 821 
754 821 829 830 822 
755 822 830 831 823 
756 823 831 832 824 
757 824 832 833 825 
758 825 833 147 146 
759 79 80 834 826 
760 826 834 835 827 
761 827 835 836 828 
762 828 836 837 829 
763 829 837 838 830 
764 830 838 839 831 
765 831 839 840 832 
766 832 840 841 833 
767 833 841 148 147 
768 80 81 842 834 
769 834 842 843 835 
770 835 843 844 836 
771 836 844 845 837 
772 837 845 846 838 
773 838 846 847 839 
774 839 847 848 840 
775 840 848 849 841 
776 841 849 149 148 
777 81 82 850 842 
778 842 850 851 843 
779 843 851 852 844 
780 844 852 853 845 
781 845 853 854 846 
782 846 854 855 847 
783 847 855 856 848 
784 848 856 857 849 
785 849 857 150 149 
786 82 83 858 850 
787 850 858 859 851 
788 851 859 860 852 
789 852 860 861 853 
790 853 861 862 854 
791 854 862 863 855 
792 855 863 864 856 
793 856 864 865 857 
794 857 865 151 150 
795 83 84 866 858 
796 858 866 867 859 
797 859 867 868 860 
798 860 868 869 861 
799 861 869 870 862 
800 862 870 871 863 
801 863 871 872 864 
802 864 872 873 865 
803 865 873 152 151 
804 84 85 874 866 
805 866 874 875 867 
806 867 875 876 868 
807 868 876 877 869 
808 869 877 878 870 
809 870 878 879 871 
810 871 879 880 872 
811 872 880 881 873 
812 873 881 153 152 
813 85 86 882 874 
814 874 882 883 875 
815 875 883 884 876 
816 876 884 885 877 
817 877 885 886 878 
818 878 886 887 879 
819 879 887 888 880 
820 880 888 889 881 
821 881 889 154 153 
822 86 87 890 882 
823 882 890 891 883 
824 883 891 892 884 
825 884 892 893 885 
826 885 893 894 886 
827 886 894 895 887 
828 887 895 896 888 
829 888 896 897 889 
830 889 897 155 154 
831 87 88 898 890 
832 890 898 899 891 
833 891 899 900 892 
834 892 900 901 893 
835 893 901 902 894 
836 894 902 903 895 
837 895 903 904 896 
838 896 904 905 897 
839 897 905 156 155 
840 88 89 906 898 
841 898 906 907 899 
842 899 907 908 900 
843 900 908 909 901 
844 901 909 910 902 
845 902 910 911 903 
846 903 911 912 904 
847 904 912 913 905 
848 905 913 157 156 
849 89 90 914 906 
850 906 914 915 907 
851 907 915 916 908 
852 908 916 917 909 
853 909 917 918 910 
854 910 918 919 911 
855 911 919 920 912 
856 912 920 921 913 
857 913 921 158 157 
858 90 91 922 914 
859 914 922 923 915 
860 915 923 924 916 
861 916 924 925 917 
862 917 925 926 918 
863 918 926 927 919 
864 919 927 928 920 
865 920 928 929 921 
866 921 929 159 158 
867 91 92 930 922 
868 922 930 931 923 
869 923 931 932 924 
870 924 932 933 925 
871 925 933 934 926 
872 926 934 935 927 
873 927 935 936 928 
874 928 936 937 929 
875 929 937 160 159 
876 92 93 938 930 
877 930 938 939 931 
878 931 939 940 932 
879 932 940 941 933 
880 933 941 942 934 
881 934 942 943 935 
882 935 943 944 936 
883 936 944 945 937 
884 937 945 161 160 
885 93 94 946 938 
886 938 946 947 939 
887 939 947 948 940 
888 940 948 949 941 
889 941 949 950 942 
890 942 950 951 943 
891 943 951 952 944 
892 944 952 953 945 
893 945 953 162 161 
894 94 95 954 946 
895 946 954 955 947 
896 947 955 956 948 
897 948 956 957 949 
898 949 957 958 950 
899 950 958 959 951 
900 951 959 960 952 
901 952 960 961 953 
902 953 961 163 162 
903 95 96 962 954 
904 954 962 963 955 
905 955 963 964 956 
906 956 964 965 957 
907 957 965 966 958 
908 958 966 967 959 
909 959 967 968 960 
910 960 968 969 961 
911 961 969 164 163 
912 96 97 970 962 
913 962 970 971 963 
914 963 971 972 964 
915 964 972 973 965 
916 965 973 974 966 
917 966 974 975 967 
918 967 975 976 968 
919 968 976 977 969 
920 969 977 165 164 
921 97 98 978 970 
922 970 978 979 971 
923 971 979 980 972 
924 972 980 981 973 
925 973 981 982 974 
926 974 982 983 975 
927 975 983 984 976 
928 976 984 985 977 
929 977 985 166 165 
930 98 99 986 978 
931 978 986 987 979 
932 979 987 988 980 
933 980 988 989 981 
934 981 989 990 982 
935 982 990 991 983 
936 983 991 992 984 
937 984 992 993 985 
938 985 993 167 166 
939 99 100 994 986 
940 986 994 995 987 
941 987 995 996 988 
942 988 996 997 989 
943 989 997 998 990 
944 990 998 999 991 
945 991 999 1000 992 
946 992 1000 1001 993 
947 993 1001 168 167 
948 100 101 1002 994 
949 994 1002 1003 995 
950 995 1003 1004 996 
951 996 1004 1005 997 
952 997 1005 1006 998 
953 998 1006 1007 999 
954 999 1007 1008 1000 
955 1000 1008 1009 1001 
956 1001 1009 169 168 
957 101 102 1010 1002 
958 1002 1010 1011 1003 
959 1003 1011 1012 1004 
960 1004 1012 1013 1005 
961 1005 1013 1014 1006 
962 1006 1014 1015 1007 
963 1007 1015 1016 1008 
964 1008 1016 1017 1009 
965 1009 1017 170 169 
966 102 103 1018 1010 
967 1010 1018 1019 1011 
968 1011 1019 1020 1012 
969 1012 1020 1021 1013 
970 1013 1021 1022 1014 
971 1014 1022 1023 1015 
972 1015 1023 1024 1016 
973 1016 1024 1025 1017 
974 1017 1025 171 170 
975 103 104 1026 1018 
976 1018 1026 1027 1019 
977 1019 1027 1028 1020 
978 1020 1028 1029 1021 
979 1021 1029 1030 1022 
980 1022 1030 1031 1023 
981 1023 1031 1032 1024 
982 1024 1032 1033 1025 
983 1025 1033 172 171 
984 104 105 1034 1026 
985 1026 1034 1035 1027 
986 1027 1035 1036 1028 
987 1028 1036 1037 1029 
988 1029 1037 1038 1030 
989 1030 1038 1039 1031 
990 1031 1039 1040 1032 
991 1032 1040 1041 1033 
992 1033 1041 173 172 
993 105 9 410 1034 
994 1034 410 411 1035 
995 1035 411 412 1036 
996 1036 412 413 1037 
997 1037 413 414 1038 
998 1038 414 415 1039 
999 1039 415 416 1040 
1000 1040 416 417 1041 
1001 1041 417 10 173 
2 4 3 345
1002 5 106 1042 394 
1003 394 1042 1043 395 
1004 395 1043 1044 396 
1005 396 1044 1045 397 
1006 397 1045 174 6 
1007 106 107 1046 1042 
1008 1042 1046 1047 1043 
1009 1043 1047 1048 1044 
1010 1044 1048 1049 1045 
1011 1045 1049 175 174 
1012 107 108 1050 1046 
1013 1046 1050 1051 1047 
1014 1047 1051 1052 1048 
1015 1048 1052 1053 1049 
1016 1049 1053 176 175 
1017 108 109 1054 1050 
1018 1050 1054 1055 1051 
1019 1051 1055 1056 1052 
1020 1052 1056 1057 1053 
1021 1053 1057 177 176 
1022 109 110 1058 1054 
1023 1054 1058 1059 1055 
1024 1055 1059 1060 1056 
1025 1056 1060 1061 1057 
1026 1057 1061 178 177 
1027 110 111 1062 1058 
1028 1058 1062 1063 1059 
1029 1059 1063 1064 1060 
1030 1060 1064 1065 1061 
1031 1061 1065 179 178 
1032 111 112 1066 1062 
1033 1062 1066 1067 1063 
1034 1063 1067 1068 1064 
1035 1064 1068 1069 1065 
1036 1065 1069 180 179 
1037 112 113 1070 1066 
1038 1066 1070 1071 1067 
1039 1067 1071 1072 1068 
1040 1068 1072 1073 1069 
1041 1069 1073 181 180 
1042 113 114 1074 1070 
1043 1070 1074 1075 1071 
1044 1071 1075 1076 1072 
1045 1072 1076 1077 1073 
1046 1073 1077 182 181 
1047 114 115 1078 1074 
1048 1074 1078 1079 1075 
1049 1075 1079 1080 1076 
1050 1076 1080 1081 1077 
1051 1077 1081 183 182 
1052 115 116 1082 1078 
1053 1078 1082 1083 1079 
1054 1079 1083 1084 1080 
1055 1080 1084 1085 1081 
1056 1081 1085 184 183 
1057 116 117 1086 1082 
1058 1082 1086 1087 1083 
1059 1083 1087 1088 1084 
1060 1084 1088 1089 1085 
1061 1085 1089 185 184 
1062 117 118 1090 1086 
1063 1086 1090 1091 1087 
1064 1087 1091 1092 1088 
1065 1088 1092 1093 1089 
1066 1089 1093 186 185 
1067 118 119 1094 1090 
1068 1090 1094 1095 1091 
1069 1091 1095 1096 1092 
1070 1092 1096 1097 1093 
1071 1093 1097 187 186 
1072 119 120 1098 1094 
1073 1094 1098 1099 1095 
1074 1095 1099 1100 1096 
1075 1096 1100 1101 1097 
1076 1097 1101 188 187 
1077 120 121 1102 1098 
1078 1098 1102 1103 1099 
1079 1099 1103 1104 1100 
1080 1100 1104 1105 1101 
1081 1101 1105 189 188 
1082 121 122 1106 1102 
1083 1102 1106 1107 1103 
1084 1103 1107 1108 1104 
1085 1104 1108 1109 1105 
1086 1105 1109 190 189 
1087 122 123 1110 1106 
1088 1106 1110 1111 1107 
1089 1107 1111 1112 1108 
1090 1108 1112 1113 1109 
1091 1109 1113 191 190 
1092 123 124 1114 1110 
1093 1110 1114 1115 1111 
1094 1111 1115 1116 1112 
1095 1112 1116 1117 1113 
1096 1113 1117 192 191 
1097 124 125 1118 1114 
1098 1114 1118 1119 1115 
1099 1115 1119 1120 1116 
1100 1116 1120 1121 1117 
1101 1117 1121 193 192 
1102 125 126 1122 1118 
1103 1118 1122 1123 1119 
1104 1119 1123 1124 1120 
1105 1120 1124 1125 1121 
1106 1121 1125 194 193 
1107 126 127 1126 1122 
1108 1122 1126 1127 1123 
1109 1123 1127 1128 1124 
1110 1124 1128 1129 1125 
1111 1125 1129 195 194 
1112 127 128 1130 1126 
1113 1126 1130 1131 1127 
1114 1127 1131 1132 1128 
1115 1128 1132 1133 1129 
1116 1129 1133 196 195 
1117 128 129 1134 1130 
1118 1130 1134 1135 1131 
1119 1131 1135 1136 1132 
1120 1132 1136 1137 1133 
1121 1133 1137 197 196 
1122 129 130 1138 1134 
1123 1134 1138 1139 1135 
1124 1135 1139 1140 1136 
1125 1136 1140 1141 1137 
1126 1137 1141 198 197 
1127 130 131 1142 1138 
1128 1138 1142 1143 1139 
1129 1139 1143 1144 1140 
1130 1140 1144 1145 1141 
1131 1141 1145 199 198 
1132 131 132 1146 1142 
1133 1142 1146 1147 1143 
1134 1143 1147 1148 1144 
1135 1144 1148 1149 1145 
1136 1145 1149 200 199 
1137 132 133 1150 1146 
1138 1146 1150 1151 1147 
1139 1147 1151 1152 1148 
1140 1148 1152 1153 1149 
1141 1149 1153 201 200 
1142 133 134 1154 1150 
1143 1150 1154 1155 1151 
1144 1151 1155 1156 1152 
1145 1152 1156 1157 1153 
1146 1153 1157 202 201 
1147 134 135 1158 1154 
1148 1154 1158 1159 1155 
1149 1155 1159 1160 1156 
1150 1156 1160 1161 1157 
1151 1157 1161 203 202 
1152 135 136 1162 1158 
1153 1158 1162 1163 1159 
1154 1159 1163 1164 1160 
1155 1160 1164 1165 1161 
1156 1161 1165 204 203 
1157 136 137 1166 1162 
1158 1162 1166 1167 1163 
1159 1163 1167 1168 1164 
1160 1164 1168 1169 1165 
1161 1165 1169 205 204 
1162 137 138 1170 1166 
1163 1166 1170 1171 1167 
1164 1167 1171 1172 1168 
1165 1168 1172 1173 1169 
1166 1169 1173 206 205 
1167 138 139 1174 1170 
1168 1170 1174 1175 1171 
1169 1171 1175 1176 1172 
1170 1172 1176 1177 1173 
1171 1173 1177 207 206 
1172 139 140 1178 1174 
1173 1174 1178 1179 1175 
1174 1175 1179 1180 1176 
1175 1176 1180 1181 1177 
1176 1177 1181 208 207 
1177 140 141 1182 1178 
1178 1178 1182 1183 1179 
1179 1179 1183 1184 1180 
1180 1180 1184 1185 1181 
1181 1181 1185 209 208 
1182 141 142 1186 1182 
1183 1182 1186 1187 1183 
1184 1183 1187 1188 1184 
1185 1184 1188 1189 1185 
1186 1185 1189 210 209 
1187 142 143 1190 1186 
1188 1186 1190 1191 1187 
1189 1187 1191 1192 1188 
1190 1188 1192 1193 1189 
1191 1189 1193 211 210 
1192 143 144 1194 1190 
1193 1190 1194 1195 1191 
1194 1191 1195 1196 1192 
1195 1192 1196 1197 1193 
1196 1193 1197 212 211 
1197 144 145 1198 1194 
1198 1194 1198 1199 1195 
1199 1195 1199 1200 1196 
1200 1196 1200 1201 1197 
1201 1197 1201 213 212 
1202 145 146 1202 1198 
1203 1198 1202 1203 1199 
1204 1199 1203 1204 1200 
1205 1200 1204 1205 1201 
1206 1201 1205 214 213 
1207 146 147 1206 1202 
1208 1202 1206 1207 1203 
1209 1203 1207 1208 1204 
1210 1204 1208 1209 1205 
1211 1205 1209 215 214 
1212 147 148 1210 1206 
1213 1206 1210 1211 1207 
1214 1207 1211 1212 1208 
1215 1208 1212 1213 1209 
1216 1209 1213 216 215 
1217 148 149 1214 1210 
1218 1210 1214 1215 1211 
1219 1211 1215 1216 1212 
1220 1212 1216 1217 1213 
1221 1213 1217 217 216 
1222 149 150 1218 1214 
1223 1214 1218 1219 1215 
1224 1215 1219 1220 1216 
1225 1216 1220 1221 1217 
1226 1217 1221 218 217 
1227 150 151 1222 1218 
1228 1218 1222 1223 1219 
1229 1219 1223 1224 1220 
1230 1220 1224 1225 1221 
1231 1221 1225 219 218 
1232 151 152 1226 1222 
1233 1222 1226 1227 1223 
1234 1223 1227 1228 1224 
1235 1224 1228 1229 1225 
1236 1225 1229 220 219 
1237 152 153 1230 1226 
1238 1226 1230 1231 1227 
1239 1227 1231 1232 1228 
1240 1228 1232 1233 1229 
1241 1229 1233 221 220 
1242 153 154 1234 1230 
1243 1230 1234 1235 1231 
1244 1231 1235 1236 1232 
1245 1232 1236 1237 1233 
1246 1233 1237 222 221 
1247 154 155 1238 1234 
1248 1234 1238 1239 1235 
1249 1235 1239 1240 1236 
1250 1236 1240 1241 1237 
1251 1237 1241 223 222 
1252 155 156 1242 1238 
1253 1238 1242 1243 1239 
1254 1239 1243 1244 1240 
1255 1240 1244 1245 1241 
1256 1241 1245 224 223 
1257 156 157 1246 1242 
1258 1242 1246 1247 1243 
1259 1243 1247 1248 1244 
1260 1244 1248 1249 1245 
1261 1245 1249 225 224 
1262 157 158 1250 1246 
1263 1246 1250 1251 1247 
1264 1247 1251 1252 1248 
1265 1248 1252 1253 1249 
1266 1249 1253 226 225 
1267 158 159 1254 1250 
1268 1250 1254 1255 1251 
1269 1251 1255 1256 1252 
1270 1252 1256 1257 1253 
1271 1253 1257 227 226 
1272 159 160 1258 1254 
1273 1254 1258 1259 1255 
1274 1255 1259 1260 1256 
1275 1256 1260 1261 1257 
1276 1257 1261 228 227 
1277 160 161 1262 1258 
1278 1258 1262 1263 1259 
1279 1259 1263 1264 1260 
1280 1260 1264 1265 1261 
1281 1261 1265 229 228 
1282 161 162 1266 1262 
1283 1262 1266 1267 1263 
1284 1263 1267 1268 1264 
1285 1264 1268 1269 1265 
1286 1265 1269 230 229 
1287 162 163 1270 1266 
1288 1266 1270 1271 1267 
1289 1267 1271 1272 1268 
1290 1268 1272 1273 1269 
1291 1269 1273 231 230 
1292 163 164 1274 1270 
1293 1270 1274 1275 1271 
1294 1271 1275 1276 1272 
1295 1272 1276 1277 1273 
1296 1273 1277 232 231 
1297 164 165 1278 1274 
1298 1274 1278 1279 1275 
1299 1275 1279 1280 1276 
1300 1276 1280 1281 1277 
1301 1277 1281 233 232 
1302 165 166 1282 1278 
1303 1278 1282 1283 1279 
1304 1279 1283 1284 1280 
1305 1280 1284 1285 1281 
1306 1281 1285 234 233 
1307 166 167 1286 1282 
1308 1282 1286 1287 1283 
1309 1283 1287 1288 1284 
1310 1284 1288 1289 1285 
1311 1285 1289 235 234 
1312 167 168 1290 1286 
1313 1286 1290 1291 1287 
1314 1287 1291 1292 1288 
1315 1288 1292 1293 1289 
1316 1289 1293 236 235 
1317 168 169 1294 1290 
1318 1290 1294 1295 1291 
1319 1291 1295 1296 1292 
1320 1292 1296 1297 1293 
1321 1293 1297 237 236 
1322 169 170 1298 1294 
1323 1294 1298 1299 1295 
1324 1295 1299 1300 1296 
1325 1296 1300 1301 1297 
1326 1297 1301 238 237 
1327 170 171 1302 1298 
1328 1298 1302 1303 1299 
1329 1299 1303 1304 1300 
1330 1300 1304 1305 1301 
1331 1301 1305 239 238 
1332 171 172 1306 1302 
1333 1302 1306 1307 1303 
1334 1303 1307 1308 1304 
1335 1304 1308 1309 1305 
1336 1305 1309 240 239 
1337 172 173 1310 1306 
1338 1306 1310 1311 1307 
1339 1307 1311 1312 1308 
1340 1308 1312 1313 1309 
1341 1309 1313 241 240 
1342 173 10 418 1310 
1343 1310 418 419 1311 
1344 1311 419 420 1312 
1345 1312 420 421 1313 
1346 1313 421 11 241 
2 5 3 345
1347 6 174 1314 398 
1348 398 1314 1315 399 
1349 399 1315 1316 400 
1350 400 1316 1317 401 
1351 401 1317 242 7 
1352 174 175 1318 1314 
1353 1314 1318 1319 1315 
1354 1315 1319 1320 1316 
1355 1316 1320 1321 1317 
1356 1317 1321 243 242 
1357 175 176 1322 1318 
1358 1318 1322 1323 1319 
1359 1319 1323 1324 1320 
1360 1320 1324 1325 1321 
1361 1321 1325 244 243 
1362 176 177 1326 1322 
1363 1322 1326 1327 1323 
1364 1323 1327 1328 1324 
1365 1324 1328 1329 1325 
1366 1325 1329 245 244 
1367 177 178 1330 1326 
1368 1326 1330 1331 1327 
1369 1327 1331 1332 1328 
1370 1328 1332 1333 1329 
1371 1329 1333 246 245 
1372 178 179 1334 1330 
1373 1330 1334 1335 1331 
1374 1331 1335 1336 1332 
1375 1332 1336 1337 1333 
1376 1333 1337 247 246 
1377 179 180 1338 1334 
1378 1334 1338 1339 1335 
1379 1335 1339 1340 1336 
1380 1336 1340 1341 1337 
1381 1337 1341 248 247 
1382 180 181 1342 1338 
1383 1338 1342 1343 1339 
1384 1339 1343 1344 1340 
1385 1340 1344 1345 1341 
1386 1341 1345 249 248 
1387 181 182 1346 1342 
1388 1342 1346 1347 1343 
1389 1343 1347 1348 1344 
1390 1344 1348 1349 1345 
1391 1345 1349 250 249 
1392 182 183 1350 1346 
1393 1346 1350 1351 1347 
1394 1347 1351 1352 1348 
1395 1348 1352 1353 1349 
1396 1349 1353 251 250 
1397 183 184 1354 1350 
1398 1350 1354 1355 1351 
1399 1351 1355 1356 1352 
1400 1352 1356 1357 1353 
1401 1353 1357 252 251 
1402 184 185 1358 1354 
1403 1354 1358 1359 1355 
1404 1355 1359 1360 1356 
1405 1356 1360 1361 1357 
1406 1357 1361 253 252 
1407 185 186 1362 1358 
1408 1358 1362 1363 1359 
1409 1359 1363 1364 1360 
1410 1360 1364 1365 1361 
1411 1361 1365 254 253 
1412 186 187 1366 1362 
1413 1362 1366 1367 1363 
1414 1363 1367 1368 1364 
1415 1364 1368 1369 1365 
1416 1365 1369 255 254 
1417 187 188 1370 1366 
1418 1366 1370 1371 1367 
1419 1367 1371 1372 1368 
1420 1368 1372 1373 1369 
1421 1369 1373 256 255 
1422 188 189 1374 1370 
1423 1370 1374 1375 1371 
1424 1371 1375 1376 1372 
1425 1372 1376 1377 1373 
1426 1373 1377 257 256 
1427 189 190 1378 1374 
1428 1374 1378 1379 1375 
1429 1375 1379 1380 1376 
1430 1376 1380 1381 1377 
1431 1377 1381 258 257 
1432 190 191 1382 1378 
1433 1378 1382 1383 1379 
1434 1379 1383 1384 1380 
1435 1380 1384 1385 1381 
1436 1381 1385 259 258 
1437 191 192 1386 1382 
1438 1382 1386 1387 1383 
1439 1383 1387 1388 1384 
1440 1384 1388 1389 1385 
1441 1385 1389 260 259 
1442 192 193 1390 1386 
1443 1386 1390 1391 1387 
1444 1387 1391 1392 1388 
1445 1388 1392 1393 1389 
1446 1389 1393 261 260 
1447 193 194 1394 1390 
1448 1390 1394 1395 1391 
1449 1391 1395 1396 1392 
1450 1392 1396 1397 1393 
1451 1393 1397 262 261 
1452 194 195 1398 1394 
1453 1394 1398 1399 1395 
1454 1395 1399 1400 1396 
1455 1396 1400 1401 1397 
1456 1397 1401 263 262 
1457 195 196 1402 1398 
1458 1398 1402 1403 1399 
1459 1399 1403 1404 1400 
1460 1400 1404 1405 1401 
1461 1401 1405 264 263 
1462 196 197 1406 1402 
1463 1402 1406 1407 1403 
1464 1403 1407 1408 1404 
1465 1404 1408 1409 1405 
1466 1405 1409 265 264 
1467 197 198 1410 1406 
1468 1406 1410 1411 1407 
1469 1407 1411 1412 1408 
1470 1408 1412 1413 1409 
1471 1409 1413 266 265 
1472 198 199 1414 1410 
1473 1410 1414 1415 1411 
1474 1411 1415 1416 1412 
1475 1412 1416 1417 1413 
1476 1413 1417 267 266 
1477 199 200 1418 1414 
1478 1414 1418 1419 1415 
1479 1415 1419 1420 1416 
1480 1416 1420 1421 1417 
1481 1417 1421 268 267 
1482 200 201 1422 1418 
1483 1418 1422 1423 1419 
1484 1419 1423 1424 1420 
1485 1420 1424 1425 1421 
1486 1421 1425 269 268 
1487 201 202 1426 1422 
1488 1422 1426 1427 1423 
1489 1423 1427 1428 1424 
1490 1424 1428 1429 1425 
1491 1425 1429 270 269 
1492 202 203 1430 1426 
1493 1426 1430 1431 1427 
1494 1427 1431 1432 1428 
1495 1428 1432 1433 1429 
1496 1429 1433 271 270 
1497 203 204 1434 1430 
1498 1430 1434 1435 1431 
1499 1431 1435 1436 1432 
1500 1432 1436 1437 1433 
1501 1433 1437 272 271 
1502 204 205 1438 1434 
1503 1434 1438 1439 1435 
1504 1435 1439 1440 1436 
1505 1436 1440 1441 1437 
1506 1437 1441 273 272 
1507 205 206 1442 1438 
1508 1438 1442 1443 1439 
1509 1439 1443 1444 1440 
1510 1440 1444 1445 1441 
1511 1441 1445 274 273 
1512 206 207 1446 1442 
1513 1442 1446 1447 1443 
1514 1443 1447 1448 1444 
1515 1444 1448 1449 1445 
1516 1445 1449 275 274 
1517 207 208 1450 1446 
1518 1446 1450 1451 1447 
1519 1447 1451 1452 1448 
1520 1448 1452 1453 1449 
1521 1449 1453 276 275 
1522 208 209 1454 1450 
1523 1450 1454 1455 1451 
1524 1451 1455 1456 1452 
1525 1452 1456 1457 1453 
1526 1453 1457 277 276 
1527 209 210 1458 1454 
1528 1454 1458 1459 1455 
1529 1455 1459 1460 1456 
1530 1456 1460 1461 1457 
1531 1457 1461 278 277 
1532 210 211 1462 1458 
1533 1458 1462 1463 1459 
1534 1459 1463 1464 1460 
1535 1460 1464 1465 1461 
1536 1461 1465 279 278 
1537 211 212 1466 1462 
1538 1462 1466 1467 1463 
1539 1463 1467 1468 1464 
1540 1464 1468 1469 1465 
1541 1465 1469 280 279 
1542 212 213 1470 1466 
1543 1466 1470 1471 1467 
1544 1467 1471 1472 1468 
1545 1468 1472 1473 1469 
1546 1469 1473 281 280 
1547 213 214 1474 1470 
1548 1470 1474 1475 1471 
1549 1471 1475 1476 1472 
1550 1472 1476 1477 1473 
1551 1473 1477 282 281 
1552 214 215 1478 1474 
1553 1474 1478 1479 1475 
1554 1475 1479 1480 1476 
1555 1476 1480 1481 1477 
1556 1477 1481 283 282 
1557 215 216 1482 1478 
1558 1478 1482 1483 1479 
1559 1479 1483 1484 1480 
1560 1480 1484 1485 1481 
1561 1481 1485 284 283 
1562 216 217 1486 1482 
1563 1482 1486 1487 1483 
1564 1483 1487 1488 1484 
1565 1484 1488 1489 1485 
1566 1485 1489 285 284 
1567 217 218 1490 1486 
1568 1486 1490 1491 1487 
1569 1487 1491 1492 1488 
1570 1488 1492 1493 1489 
1571 1489 1493 286 285 
1572 218 219 1494 1490 
1573 1490 1494 1495 1491 
1574 1491 1495 1496 1492 
1575 1492 1496 1497 1493 
1576 1493 1497 287 286 
1577 219 220 1498 1494 
1578 1494 1498 1499 1495 
1579 1495 1499 1500 1496 
1580 1496 1500 1501 1497 
1581 1497 1501 288 287 
1582 220 221 1502 1498 
1583 1498 1502 1503 1499 
1584 1499 1503 1504 1500 
1585 1500 1504 1505 1501 
1586 1501 1505 289 288 
1587 221 222 1506 1502 
1588 1502 1506 1507 1503 
1589 1503 1507 1508 1504 
1590 1504 1508 1509 1505 
1591 1505 1509 290 289 
1592 222 223 1510 1506 
1593 1506 1510 1511 1507 
1594 1507 1511 1512 1508 
1595 1508 1512 1513 1509 
1596 1509 1513 291 290 
1597 223 224 1514 1510 
1598 1510 1514 1515 1511 
1599 1511 1515 1516 1512 
1600 1512 1516 1517 1513 
1601 1513 1517 292 291 
1602 224 225 1518 1514 
1603 1514 1518 1519 1515 
1604 1515 1519 1520 1516 
1605 1516 1520 1521 1517 
1606 1517 1521 293 292 
1607 225 226 1522 1518 
1608 1518 1522 1523 1519 
1609 1519 1523 1524 1520 
1610 1520 1524 1525 1521 
1611 1521 1525 294 293 
1612 226 227 1526 1522 
1613 1522 1526 1527 1523 
1614 1523 1527 1528 1524 
1615 1524 1528 1529 1525 
1616 1525 1529 295 294 
1617 227 228 1530 1526 
1618 1526 1530 1531 1527 
1619 1527 1531 1532 1528 
1620 1528 1532 1533 1529 
1621 1529 1533 296 295 
1622 228 229 1534 1530 
1623 1530 1534 1535 1531 
1624 1531 1535 1536 1532 
1625 1532 1536 1537 1533 
1626 1533 1537 297 296 
1627 229 230 1538 1534 
1628 1534 1538 1539 1535 
1629 1535 1539 1540 1536 
1630 1536 1540 1541 1537 
1631 1537 1541 298 297 
1632 230 231 1542 1538 
1633 1538 1542 1543 1539 
1634 1539 1543 1544 1540 
1635 1540 1544 1545 1541 
1636 1541 1545 299 298 
1637 231 232 1546 1542 
1638 1542 1546 1547 1543 
1639 1543 1547 1548 1544 
1640 1544 1548 1549 1545 
1641 1545 1549 300 299 
1642 232 233 1550 1546 
1643 1546 1550 1551 1547 
1644 1547 1551 1552 1548 
1645 1548 1552 1553 1549 
1646 1549 1553 301 300 
1647 233 234 1554 1550 
1648 1550 1554 1555 1551 
1649 1551 1555 1556 1552 
1650 1552 1556 1557 1553 
1651 1553 1557 302 301 
1652 234 235 1558 1554 
1653 1554 1558 1559 1555 
1654 1555 1559 1560 1556 
1655 1556 1560 1561 1557 
1656 1557 1561 303 302 
1657 235 236 1562 1558 
1658 1558 1562 1563 1559 
1659 1559 1563 1564 1560 
1660 1560 1564 1565 1561 
1661 1561 1565 304 303 
1662 236 237 1566 1562 
1663 1562 1566 1567 1563 
1664 1563 1567 1568 1564 
1665 1564 1568 1569 1565 
1666 1565 1569 305 304 
1667 237 238 1570 1566 
1668 1566 1570 1571 1567 
1669 1567 1571 1572 1568 
1670 1568 1572 1573 1569 
1671 1569 1573 306 305 
1672 238 239 1574 1570 
1673 1570 1574 1575 1571 
1674 1571 1575 1576 1572 
1675 1572 1576 1577 1573 
1676 1573 1577 307 306 
1677 239 240 1578 1574 
1678 1574 1578 1579 1575 
1679 1575 1579 1580 1576 
1680 1576 1580 1581 1577 
1681 1577 1581 308 307 
1682 240 241 1582 1578 
1683 1578 1582 1583 1579 
1684 1579 1583 1584 1580 
1685 1580 1584 1585 1581 
1686 1581 1585 309 308 
1687 241 11 422 1582 
1688 1582 422 423 1583 
1689 1583 423 424 1584 
1690 1584 424 425 1585 
1691 1585 425 12 309 
2 6 3 621
1692 7 242 1586 402 
1693 402 1586 1587 403 
1694 403 1587 1588 404 
1695 404 1588 1589 405 
1696 405 1589 1590 406 
1697 406 1590 1591 407 
1698 407 1591 1592 408 
1699 408 1592 1593 409 
1700 409 1593 310 8 
1701 242 243 1594 1586 
1702 1586 1594 1595 1587 
1703 1587 1595 1596 1588 
1704 1588 1596 1597 1589 
1705 1589 1597 1598 1590 
1706 1590 1598 1599 1591 
1707 1591 1599 1600 1592 
1708 1592 1600 1601 1593 
1709 1593 1601 311 310 
1710 243 244 1602 1594 
1711 1594 1602 1603 1595 
1712 1595 1603 1604 1596 
1713 1596 1604 1605 1597 
1714 1597 1605 1606 1598 
1715 1598 1606 1607 1599 
1716 1599 1607 1608 1600 
1717 1600 1608 1609 1601 
1718 1601 1609 312 311 
1719 244 245 1610 1602 
1720 1602 1610 1611 1603 
1721 1603 1611 1612 1604 
1722 1604 1612 1613 1605 
1723 1605 1613 1614 1606 
1724 1606 1614 1615 1607 
1725 1607 1615 1616 1608 
1726 1608 1616 1617 1609 
1727 1609 1617 313 312 
1728 245 246 1618 1610 
1729 1610 1618 1619 1611 
1730 1611 1619 1620 1612 
1731 1612 1620 1621 1613 
1732 1613 1621 1622 1614 
1733 1614 1622 1623 1615 
1734 1615 1623 1624 1616 
1735 1616 1624 1625 1617 
1736 1617 1625 314 313 
1737 246 247 1626 1618 
1738 1618 1626 1627 1619 
1739 1619 1627 1628 1620 
1740 1620 1628 1629 1621 
1741 1621 1629 1630 1622 
1742 1622 1630 1631 1623 
1743 1623 1631 1632 1624 
1744 1624 1632 1633 1625 
1745 1625 1633 315 314 
1746 247 248 1634 1626 
1747 1626 1634 1635 1627 
1748 1627 1635 1636 1628 
1749 1628 1636 1637 1629 
1750 1629 1637 1638 1630 
1751 1630 1638 1639 1631 
1752 1631 1639 1640 1632 
1753 1632 1640 1641 1633 
1754 1633 1641 316 315 
1755 248 249 1642 1634 
1756 1634 1642 1643 1635 
1757 1635 1643 1644 1636 
1758 1636 1644 1645 1637 
1759 1637 1645 1646 1638 
1760 1638 1646 1647 1639 
1761 1639 1647 1648 1640 
1762 1640 1648 1649 1641 
1763 1641 1649 317 316 
1764 249 250 1650 1642 
1765 1642 1650 1651 1643 
1766 1643 1651 1652 1644 
1767 1644 1652 1653 1645 
1768 1645 1653 1654 1646 
1769 1646 1654 1655 1647 
1770 1647 1655 1656 1648 
1771 1648 1656 1657 1649 
1772 1649 1657 318 317 
1773 250 251 1658 1650 
1774 1650 1658 1659 1651 
1775 1651 1659 1660 1652 
1776 1652 1660 1661 1653 
1777 1653 1661 1662 1654 
1778 1654 1662 1663 1655 
1779 1655 1663 1664 1656 
1780 1656 1664 1665 1657 
1781 1657 1665 319 318 
1782 251 252 1666 1658 
1783 1658 1666 1667 1659 
1784 1659 1667 1668 1660 
1785 1660 1668 1669 1661 
1786 1661 1669 1670 1662 
1787 1662 1670 1671 1663 
1788 1663 1671 1672 1664 
1789 1664 1672 1673 1665 
1790 1665 1673 320 319 
1791 252 253 1674 1666 
1792 1666 1674 1675 1667 
1793 1667 1675 1676 1668 
1794 1668 1676 1677 1669 
1795 1669 1677 1678 1670 
1796 1670 1678 1679 1671 
1797 1671 1679 1680 1672 
1798 1672 1680 1681 1673 
1799 1673 1681 321 320 
1800 253 254 1682 1674 
1801 1674 1682 1683 1675 
1802 1675 1683 1684 1676 
1803 1676 1684 1685 1677 
1804 1677 1685 1686 1678 
1805 1678 1686 1687 1679 
1806 1679 1687 1688 1680 
1807 1680 1688 1689 1681 
1808 1681 1689 322 321 
1809 254 255 1690 1682 
1810 1682 1690 1691 1683 
1811 1683 1691 1692 1684 
1812 1684 1692 1693 1685 
1813 1685 1693 1694 1686 
1814 1686 1694 1695 1687 
1815 1687 1695 1696 1688 
1816 1688 1696 1697 1689 
1817 1689 1697 323 322 
1818 255 256 1698 1690 
1819 1690 1698 1699 1691 
1820 1691 1699 1700 1692 
1821 1692 1700 1701 1693 
1822 1693 1701 1702 1694 
1823 1694 1702 1703 1695 
1824 1695 1703 1704 1696 
1825 1696 1704 1705 1697 
1826 1697 1705 324 323 
1827 256 257 1706 1698 
1828 1698 1706 1707 1699 
1829 1699 1707 1708 1700 
1830 1700 1708 1709 1701 
1831 1701 1709 1710 1702 
1832 1702 1710 1711 1703 
1833 1703 1711 1712 1704 
1834 1704 1712 1713 1705 
1835 1705 1713 325 324 
1836 257 258 1714 1706 
1837 1706 1714 1715 1707 
1838 1707 1715 1716 1708 
1839 1708 1716 1717 1709 
1840 1709 1717 1718 1710 
1841 1710 1718 1719 1711 
1842 1711 1719 1720 1712 
1843 1712 1720 1721 1713 
1844 1713 1721 326 325 
1845 258 259 1722 1714 
1846 1714 1722 1723 1715 
1847 1715 1723 1724 1716 
1848 1716 1724 1725 1717 
1849 1717 1725 1726 1718 
1850 1718 1726 1727 1719 
1851 1719 1727 1728 1720 
1852 1720 1728 1729 1721 
1853 1721 1729 327 326 
1854 259 260 1730 1722 
1855 1722 1730 1731 1723 
1856 1723 1731 1732 1724 
1857 1724 1732 1733 1725 
1858 1725 1733 1734 1726 
1859 1726 1734 1735 1727 
1860 1727 1735 1736 1728 
1861 1728 1736 1737 1729 
1862 1729 1737 328 327 
1863 260 261 1738 1730 
1864 1730 1738 1739 1731 
1865 1731 1739 1740 1732 
1866 1732 1740 1741 1733 
1867 1733 1741 1742 1734 
1868 1734 1742 1743 1735 
1869 1735 1743 1744 1736 
1870 1736 1744 1745 1737 
1871 1737 1745 329 328 
1872 261 262 1746 1738 
1873 1738 1746 1747 1739 
1874 1739 1747 1748 1740 
1875 1740 1748 1749 1741 
1876 1741 1749 1750 1742 
1877 1742 1750 1751 1743 
1878 1743 1751 1752 1744 
1879 1744 1752 1753 1745 
1880 1745 1753 330 329 
1881 262 263 1754 1746 
1882 1746 1754 1755 1747 
1883 1747 1755 1756 1748 
1884 1748 1756 1757 1749 
1885 1749 1757 1758 1750 
1886 1750 1758 1759 1751 
1887 1751 1759 1760 1752 
1888 1752 1760 1761 1753 
1889 1753 1761 331 330 
1890 263 264 1762 1754 
1891 1754 1762 1763 1755 
1892 1755 1763 1764 1756 
1893 1756 1764 1765 1757 
1894 1757 1765 1766 1758 
1895 1758 1766 1767 1759 
1896 1759 1767 1768 1760 
1897 1760 1768 1769 1761 
1898 1761 1769 332 331 
1899 264 265 1770 1762 
1900 1762 1770 1771 1763 
1901 1763 1771 1772 1764 
1902 1764 1772 1773 1765 
1903 1765 1773 1774 1766 
1904 1766 1774 1775 1767 
1905 1767 1775 1776 1768 
1906 1768 1776 1777 1769 
1907 1769 1777 333 332 
1908 265 266 1778 1770 
1909 1770 1778 1779 1771 
1910 1771 1779 1780 1772 
1911 1772 1780 1781 1773 
1912 1773 1781 1782 1774 
1913 1774 1782 1783 1775 
1914 1775 1783 1784 1776 
1915 1776 1784 1785 1777 
1916 1777 1785 334 333 
1917 266 267 1786 1778 
1918 1778 1786 1787 1779 
1919 1779 1787 1788 1780 
1920 1780 1788 1789 1781 
1921 1781 1789 1790 1782 
1922 1782 1790 1791 1783 
1923 1783 1791 1792 1784 
1924 1784 1792 1793 1785 
1925 1785 1793 335 334 
1926 267 268 1794 1786 
1927 1786 1794 1795 1787 
1928 1787 1795 1796 1788 
1929 1788 1796 1797 1789 
1930 1789 1797 1798 1790 
1931 1790 1798 1799 1791 
1932 1791 1799 1800 1792 
1933 1792 1800 1801 1793 
1934 1793 1801 336 335 
1935 268 269 1802 1794 
1936 1794 1802 1803 1795 
1937 1795 1803 1804 1796 
1938 1796 1804 1805 1797 
1939 1797 1805 1806 1798 
1940 1798 1806 1807 1799 
1941 1799 1807 1808 1800 
1942 1800 1808 1809 1801 
1943 1801 1809 337 336 
1944 269 270 1810 1802 
1945 1802 1810 1811 1803 
1946 1803 1811 1812 1804 
1947 1804 1812 1813 1805 
1948 1805 1813 1814 1806 
1949 1806 1814 1815 1807 
1950 1807 1815 1816 1808 
1951 1808 1816 1817 1809 
1952 1809 1817 338 337 
1953 270 271 1818 1810 
1954 1810 1818 1819 1811 
1955 1811 1819 1820 1812 
1956 1812 1820 1821 1813 
1957 1813 1821 1822 1814 
1958 1814 1822 1823 1815 
1959 1815 1823 1824 1816 
1960 1816 1824 1825 1817 
1961 1817 1825 339 338 
1962 271 272 1826 1818 
1963 1818 1826 1827 1819 
1964 1819 1827 1828 1820 
1965 1820 1828 1829 1821 
1966 1821 1829 1830 1822 
1967 1822 1830 1831 1823 
1968 1823 1831 1832 1824 
1969 1824 1832 1833 1825 
1970 1825 1833 340 339 
1971 272 273 1834 1826 
1972 1826 1834 1835 1827 
1973 1827 1835 1836 1828 
1974 1828 1836 1837 1829 
1975 1829 1837 1838 1830 
1976 1830 1838 1839 1831 
1977 1831 1839 1840 1832 
1978 1832 1840 1841 1833 
1979 1833 1841 341 340 
1980 273 274 1842 1834 
1981 1834 1842 1843 1835 
1982 1835 1843 1844 1836 
1983 1836 1844 1845 1837 
1984 1837 1845 1846 1838 
1985 1838 1846 1847 1839 
1986 1839 1847 1848 1840 
1987 1840 1848 1849 1841 
1988 1841 1849 342 341 
1989 274 275 1850 1842 
1990 1842 1850 1851 1843 
1991 1843 1851 1852 1844 
1992 1844 1852 1853 1845 
1993 1845 1853 1854 1846 
1994 1846 1854 1855 1847 
1995 1847 1855 1856 1848 
1996 1848 1856 1857 1849 
1997 1849 1857 343 342 
1998 275 276 1858 1850 
1999 1850 1858 1859 1851 
2000 1851 1859 1860 1852 
2001 1852 1860 1861 1853 
2002 1853 1861 1862 1854 
2003 1854 1862 1863 1855 
2004 1855 1863 1864 1856 
2005 1856 1864 1865 1857 
2006 1857 1865 344 343 
2007 276 277 1866 1858 
2008 1858 1866 1867 1859 
2009 1859 1867 1868 1860 
2010 1860 1868 1869 1861 
2011 1861 1869 1870 1862 
2012 1862 1870 1871 1863 
2013 1863 1871 1872 1864 
2014 1864 1872 1873 1865 
2015 1865 1873 345 344 
2016 277 278 1874 1866 
2017 1866 1874 1875 1867 
2018 1867 1875 1876 1868 
2019 1868 1876 1877 1869 
2020 1869 1877 1878 1870 
2021 1870 1878 1879 1871 
2022 1871 1879 1880 1872 
2023 1872 1880 1881 1873 
2024 1873 1881 346 345 
2025 278 279 1882 1874 
2026 1874 1882 1883 1875 
2027 1875 1883 1884 1876 
2028 1876 1884 1885 1877 
2029 1877 1885 1886 1878 
2030 1878 1886 1887 1879 
2031 1879 1887 1888 1880 
2032 1880 1888 1889 1881 
2033 1881 1889 347 346 
2034 279 280 1890 1882 
2035 1882 1890 1891 1883 
2036 1883 1891 1892 1884 
2037 1884 1892 1893 1885 
2038 1885 1893 1894 1886 
2039 1886 1894 1895 1887 
2040 1887 1895 1896 1888 
2041 1888 1896 1897 1889 
2042 1889 1897 348 347 
2043 280 281 1898 1890 
2044 1890 1898 1899 1891 
2045 1891 1899 1900 1892 
2046 1892 1900 1901 1893 
2047 1893 1901 1902 1894 
2048 1894 1902 1903 1895 
2049 1895 1903 1904 1896 
2050 1896 1904 1905 1897 
2051 1897 1905 349 348 
2052 281 282 1906 1898 
2053 1898 1906 1907 1899 
2054 1899 1907 1908 1900 
2055 1900 1908 1909 1901 
2056 1901 1909 1910 1902 
2057 1902 1910 1911 1903 
2058 1903 1911 1912 1904 
2059 1904 1912 1913 1905 
2060 1905 1913 350 349 
2061 282 283 1914 1906 
2062 1906 1914 1915 1907 
2063 1907 1915 1916 1908 
2064 1908 1916 1917 1909 
2065 1909 1917 1918 1910 
2066 1910 1918 1919 1911 
2067 1911 1919 1920 1912 
2068 1912 1920 1921 1913 
2069 1913 1921 351 350 
2070 283 284 1922 1914 
2071 1914 1922 1923 1915 
2072 1915 1923 1924 1916 
2073 1916 1924 1925 1917 
2074 1917 1925 1926 1918 
2075 1918 1926 1927 1919 
2076 1919 1927 1928 1920 
2077 1920 1928 1929 1921 
2078 1921 1929 352 351 
2079 284 285 1930 1922 
2080 1922 1930 1931 1923 
2081 1923 1931 1932 1924 
2082 1924 1932 1933 1925 
2083 1925 1933 1934 1926 
2084 1926 1934 1935 1927 
2085 1927 1935 1936 1928 
2086 1928 1936 1937 1929 
2087 1929 1937 353 352 
2088 285 286 1938 1930 
2089 1930 1938 1939 1931 
2090 1931 1939 1940 1932 
2091 1932 1940 1941 1933 
2092 1933 1941 1942 1934 
2093 1934 1942 1943 1935 
2094 1935 1943 1944 1936 
2095 1936 1944 1945 1937 
2096 1937 1945 354 353 
2097 286 287 1946 1938 
2098 1938 1946 1947 1939 
2099 1939 1947 1948 1940 
2100 1940 1948 1949 1941 
2101 1941 1949 1950 1942 
2102 1942 1950 1951 1943 
2103 1943 1951 1952 1944 
2104 1944 1952 1953 1945 
2105 1945 1953 355 354 
2106 287 288 1954 1946 
2107 1946 1954 1955 1947 
2108 1947 1955 1956 1948 
2109 1948 1956 1957 1949 
2110 1949 1957 1958 1950 
2111 1950 1958 1959 1951 
2112 1951 1959 1960 1952 
2113 1952 1960 1961 1953 
2114 1953 1961 356 355 
2115 288 289 1962 1954 
2116 1954 1962 1963 1955 
2117 1955 1963 1964 1956 
2118 1956 1964 1965 1957 
2119 1957 1965 1966 1958 
2120 1958 1966 1967 1959 
2121 1959 1967 1968 1960 
2122 1960 1968 1969 1961 
2123 1961 1969 357 356 
2124 289 290 1970 1962 
2125 1962 1970 1971 1963 
2126 1963 1971 1972 1964 
2127 1964 1972 1973 1965 
2128 1965 1973 1974 1966 
2129 1966 1974 1975 1967 
2130 1967 1975 1976 1968 
2131 1968 1976 1977 1969 
2132 1969 1977 358 357 
2133 290 291 1978 1970 
2134 1970 1978 1979 1971 
2135 1971 1979 1980 1972 
2136 1972 1980 1981 1973 
2137 1973 1981 1982 1974 
2138 1974 1982 1983 1975 
2139 1975 1983 1984 1976 
2140 1976 1984 1985 1977 
2141 1977 1985 359 358 
2142 291 292 1986 1978 
2143 1978 1986 1987 1979 
2144 1979 1987 1988 1980 
2145 1980 1988 1989 1981 
2146 1981 1989 1990 1982 
2147 1982 1990 1991 1983 
2148 1983 1991 1992 1984 
2149 1984 1992 1993 1985 
2150 1985 1993 360 359 
2151 292 293 1994 1986 
2152 1986 1994 1995 1987 
2153 1987 1995 1996 1988 
2154 1988 1996 1997 1989 
2155 1989 1997 1998 1990 
2156 1990 1998 1999 1991 
2157 1991 1999 2000 1992 
2158 1992 2000 2001 1993 
2159 1993 2001 361 360 
2160 293 294 2002 1994 
2161 1994 2002 2003 1995 
2162 1995 2003 2004 1996 
2163 1996 2004 2005 1997 
2164 1997 2005 2006 1998 
2165 1998 2006 2007 1999 
2166 1999 2007 2008 2000 
2167 2000 2008 2009 2001 
2168 2001 2009 362 361 
2169 294 295 2010 2002 
2170 2002 2010 2011 2003 
2171 2003 2011 2012 2004 
2172 2004 2012 2013 2005 
2173 2005 2013 2014 2006 
2174 2006 2014 2015 2007 
2175 2007 2015 2016 2008 
2176 2008 2016 2017 2009 
2177 2009 2017 363 362 
2178 295 296 2018 2010 
2179 2010 2018 2019 2011 
2180 2011 2019 2020 2012 
2181 2012 2020 2021 2013 
2182 2013 2021 2022 2014 
2183 2014 2022 2023 2015 
2184 2015 2023 2024 2016 
2185 2016 2024 2025 2017 
2186 2017 2025 364 363 
2187 296 297 2026 2018 
2188 2018 2026 2027 2019 
2189 2019 2027 2028 2020 
2190 2020 2028 2029 2021 
2191 2021 2029 2030 2022 
2192 2022 2030 2031 2023 
2193 2023 2031 2032 2024 
2194 2024 2032 2033 2025 
2195 2025 2033 365 364 
2196 297 298 2034 2026 
2197 2026 2034 2035 2027 
2198 2027 2035 2036 2028 
2199 2028 2036 2037 2029 
2200 2029 2037 2038 2030 
2201 2030 2038 2039 2031 
2202 2031 2039 2040 2032 
2203 2032 2040 2041 2033 
2204 2033 2041 366 365 
2205 298 299 2042 2034 
2206 2034 2042 2043 2035 
2207 2035 2043 2044 2036 
2208 2036 2044 2045 2037 
2209 2037 2045 2046 2038 
2210 2038 2046 2047 2039 
2211 2039 2047 2048 2040 
2212 2040 2048 2049 2041 
2213 2041 2049 367 366 
2214 299 300 2050 2042 
2215 2042 2050 2051 2043 
2216 2043 2051 2052 2044 
2217 2044 2052 2053 2045 
2218 2045 2053 2054 2046 
2219 2046 2054 2055 2047 
2220 2047 2055 2056 2048 
2221 2048 2056 2057 2049 
2222 2049 2057 368 367 
2223 300 301 2058 2050 
2224 2050 2058 2059 2051 
2225 2051 2059 2060 2052 
2226 2052 2060 2061 2053 
2227 2053 2061 2062 2054 
2228 2054 2062 2063 2055 
2229 2055 2063 2064 2056 
2230 2056 2064 2065 2057 
2231 2057 2065 369 368 
2232 301 302 2066 2058 
2233 2058 2066 2067 2059 
2234 2059 2067 2068 2060 
2235 2060 2068 2069 2061 
2236 2061 2069 2070 2062 
2237 2062 2070 2071 2063 
2238 2063 2071 2072 2064 
2239 2064 2072 2073 2065 
2240 2065 2073 370 369 
2241 302 303 2074 2066 
2242 2066 2074 2075 2067 
2243 2067 2075 2076 2068 
2244 2068 2076 2077 2069 
2245 2069 2077 2078 2070 
2246 2070 2078 2079 2071 
2247 2071 2079 2080 2072 
2248 2072 2080 2081 2073 
2249 2073 2081 371 370 
2250 303 304 2082 2074 
2251 2074 2082 2083 2075 
2252 2075 2083 2084 2076 
2253 2076 2084 2085 2077 
2254 2077 2085 2086 2078 
2255 2078 2086 2087 2079 
2256 2079 2087 2088 2080 
2257 2080 2088 2089 2081 
2258 2081 2089 372 371 
2259 304 305 2090 2082 
2260 2082 2090 2091 2083 
2261 2083 2091 2092 2084 
2262 2084 2092 2093 2085 
2263 2085 2093 2094 2086 
2264 2086 2094 2095 2087 
2265 2087 2095 2096 2088 
2266 2088 2096 2097 2089 
2267 2089 2097 373 372 
2268 305 306 2098 2090 
2269 2090 2098 2099 2091 
2270 2091 2099 2100 2092 
2271 2092 2100 2101 2093 
2272 2093 2101 2102 2094 
2273 2094 2102 2103 2095 
2274 2095 2103 2104 2096 
2275 2096 2104 2105 2097 
2276 2097 2105 374 373 
2277 306 307 2106 2098 
2278 2098 2106 2107 2099 
2279 2099 2107 2108 2100 
2280 2100 2108 2109 2101 
2281 2101 2109 2110 2102 
2282 2102 2110 2111 2103 
2283 2103 2111 2112 2104 
2284 2104 2112 2113 2105 
2285 2105 2113 375 374 
2286 307 308 2114 2106 
2287 2106 2114 2115 2107 
2288 2107 2115 2116 2108 
2289 2108 2116 2117 2109 
2290 2109 2117 2118 2110 
2291 2110 2118 2119 2111 
2292 2111 2119 2120 2112 
2293 2112 2120 2121 2113 
2294 2113 2121 376 375 
2295 308 309 2122 2114 
2296 2114 2122 2123 2115 
2297 2115 2123 2124 2116 
2298 2116 2124 2125 2117 
2299 2117 2125 2126 2118 
2300 2118 2126 2127 2119 
2301 2119 2127 2128 2120 
2302 2120 2128 2129 2121 
2303 2121 2129 377 376 
2304 309 12 426 2122 
2305 2122 426 427 2123 
2306 2123 427 428 2124 
2307 2124 428 429 2125 
2308 2125 429 430 2126 
2309 2126 430 431 2127 
2310 2127 431 432 2128 
2311 2128 432 433 2129 
2312 2129 433 13 377 
$EndElements
